{
"type": "FeatureCollection",
"name": "portos_br_area",
"crs": { "type": "name", "properties": { "name": "urn:ogc:def:crs:OGC:1.3:CRS84" } },
"features": [
{ "type": "Feature", "properties": { "porto": "Angra dos Reis  ", "classe": "Porto organizado", "tipo": "Porto Organizado", "estado": "RJ", "cidade": "Angra dos Reis", "fonte": "OSM (área portuária mapeada)", "osm_id": "way/327170192", "osm_nome": "Porto de Angra dos Reis", "area_km2": 0.10079790465123424 }, "geometry": { "type": "Polygon", "coordinates": [ [ [ -44.3174161, -23.0100354 ], [ -44.3179986, -23.0103502 ], [ -44.3181347, -23.010139200000022 ], [ -44.3185854, -23.010400899999986 ], [ -44.3186832, -23.010509199999987 ], [ -44.3185081, -23.0107595 ], [ -44.3183309, -23.0109255 ], [ -44.3169989, -23.012842500000016 ], [ -44.3174728, -23.0131478 ], [ -44.3174874, -23.0131999 ], [ -44.3167354, -23.01427030000001 ], [ -44.3166995, -23.0142764 ], [ -44.316277, -23.0140348 ], [ -44.3161831, -23.01405 ], [ -44.3155203, -23.015162 ], [ -44.315351, -23.0152293 ], [ -44.3151432, -23.015229300000012 ], [ -44.3149882, -23.01526 ], [ -44.3148507, -23.0151053 ], [ -44.3144389, -23.014892799999984 ], [ -44.3143658, -23.0148361 ], [ -44.3142965, -23.014814899999976 ], [ -44.3142678, -23.0147941 ], [ -44.3142722, -23.01476030000001 ], [ -44.3143023, -23.0147458 ], [ -44.314387, -23.0147618 ], [ -44.31450430000001, -23.0147334 ], [ -44.3146071, -23.0147703 ], [ -44.3146615, -23.0148605 ], [ -44.3147976, -23.0149406 ], [ -44.3149547, -23.014933299999981 ], [ -44.3151179, -23.014789600000022 ], [ -44.3154185, -23.0144394 ], [ -44.3155181, -23.0142882 ], [ -44.315625, -23.014060199999975 ], [ -44.315681, -23.013880200000017 ], [ -44.3156821, -23.0138038 ], [ -44.3156671, -23.013724700000019 ], [ -44.3156464, -23.013679299999982 ], [ -44.3155676, -23.013569099999984 ], [ -44.3154646, -23.0134725 ], [ -44.315436, -23.0134883 ], [ -44.3153788, -23.013554500000023 ], [ -44.3153295, -23.0135862 ], [ -44.3152577, -23.013573100000016 ], [ -44.3152758, -23.013489399999969 ], [ -44.3153918, -23.013372 ], [ -44.3154151, -23.013339599999984 ], [ -44.3154294, -23.013271900000024 ], [ -44.315398, -23.0132156 ], [ -44.315296, -23.013225600000034 ], [ -44.3151895, -23.0132352 ], [ -44.3150888, -23.0131011 ], [ -44.3150516, -23.013032500000019 ], [ -44.314837, -23.0129045 ], [ -44.31483690000001, -23.012875100000031 ], [ -44.3169179, -23.0098971 ], [ -44.3170108, -23.009812 ], [ -44.3170725, -23.0098391 ], [ -44.3171034, -23.009868800000035 ], [ -44.3171958, -23.009775800000046 ], [ -44.3173062, -23.0098538 ], [ -44.3174138, -23.0099148 ], [ -44.317347, -23.0100038 ], [ -44.3174044, -23.0100319 ], [ -44.3174161, -23.0100354 ] ] ] } },
{ "type": "Feature", "properties": { "porto": "Antonina", "classe": "Porto organizado", "tipo": "Porto Organizado", "estado": "PR", "cidade": "Antonina", "fonte": "OSM (área portuária mapeada)", "osm_id": "way/824700656", "osm_nome": "Terminal Barão de Tefé", "area_km2": 0.18182138848347651 }, "geometry": { "type": "Polygon", "coordinates": [ [ [ -48.6948395, -25.446927 ], [ -48.6945391, -25.448588499999989 ], [ -48.6942319, -25.449380099999985 ], [ -48.6940881, -25.4495822 ], [ -48.6938732, -25.4498092 ], [ -48.6936503, -25.4499557 ], [ -48.6934718, -25.450065500000022 ], [ -48.6932934, -25.450124 ], [ -48.6930379, -25.4501497 ], [ -48.6928433, -25.450120400000042 ], [ -48.6926364, -25.450047200000025 ], [ -48.6924662, -25.44994470000001 ], [ -48.692124, -25.449636600000023 ], [ -48.6919838, -25.449510399999966 ], [ -48.6913821, -25.4489687 ], [ -48.6905801, -25.447835299999973 ], [ -48.6904888, -25.4476745 ], [ -48.6905381, -25.4476232 ], [ -48.6905911, -25.4475754 ], [ -48.6906706, -25.4475121 ], [ -48.6907597, -25.4474043 ], [ -48.6908752, -25.4471769 ], [ -48.6908335, -25.4471153 ], [ -48.69079, -25.447065700000014 ], [ -48.6908506, -25.447055400000018 ], [ -48.6909339, -25.4470486 ], [ -48.69104, -25.447034899999981 ], [ -48.6911896, -25.4470007 ], [ -48.6912332, -25.4469631 ], [ -48.69129190000001, -25.4467527 ], [ -48.6913013, -25.446682600000031 ], [ -48.691343, -25.446538900000014 ], [ -48.6914851, -25.446503 ], [ -48.6915457, -25.4463782 ], [ -48.6915608, -25.4462807 ], [ -48.6915627, -25.446150700000032 ], [ -48.6915589, -25.44601560000002 ], [ -48.6915229, -25.445892499999989 ], [ -48.6914055, -25.4458292 ], [ -48.6913695, -25.4458309 ], [ -48.6912881, -25.4457933 ], [ -48.6912294, -25.445658200000011 ], [ -48.6911669, -25.4455761 ], [ -48.6911082, -25.445500799999987 ], [ -48.6910854, -25.445437500000015 ], [ -48.6911025, -25.445346899999986 ], [ -48.6913146, -25.445165599999989 ], [ -48.691432, -25.4450322 ], [ -48.691468, -25.4449433 ], [ -48.6915248, -25.444796199999985 ], [ -48.6915987, -25.4447021 ], [ -48.6917502, -25.4445978 ], [ -48.6918733, -25.444508899999963 ], [ -48.6917432, -25.444390700000028 ], [ -48.6917734, -25.444352200000012 ], [ -48.6918123, -25.444302599999975 ], [ -48.6918468, -25.444137700000013 ], [ -48.6919331, -25.4442073 ], [ -48.692004, -25.4441489 ], [ -48.6921517, -25.4440898 ], [ -48.6922275, -25.444083 ], [ -48.6923823, -25.4441991 ], [ -48.6930129, -25.444672099999988 ], [ -48.6929163, -25.444776300000019 ], [ -48.6939838, -25.445619400000027 ], [ -48.6938297, -25.4457881 ], [ -48.6940556, -25.4459406 ], [ -48.6941832, -25.4460383 ], [ -48.694201, -25.446051 ], [ -48.6942192, -25.4460639 ], [ -48.694269, -25.4461027 ], [ -48.6943678, -25.446179600000015 ], [ -48.6944962, -25.446279600000022 ], [ -48.6945355, -25.446307299999983 ], [ -48.6945927, -25.446394200000011 ], [ -48.6948395, -25.446927 ] ] ] } },
{ "type": "Feature", "properties": { "porto": "Aratu  ", "classe": "Porto organizado", "tipo": "Porto Organizado", "estado": "BA", "cidade": "Candeias", "fonte": "OSM (área portuária mapeada)", "osm_id": "way/181202703", "osm_nome": "Porto de Aratu", "area_km2": 0.22218138070845656 }, "geometry": { "type": "Polygon", "coordinates": [ [ [ -38.4953336, -12.784786099999971 ], [ -38.4949099, -12.7843087 ], [ -38.49489890000001, -12.784105700000023 ], [ -38.495498, -12.7832828 ], [ -38.4959437, -12.782057299999986 ], [ -38.4958597, -12.7818364 ], [ -38.494783, -12.781090799999983 ], [ -38.49248930000001, -12.780058 ], [ -38.4924376, -12.779760799999982 ], [ -38.4926391, -12.7790857 ], [ -38.49298, -12.778778400000027 ], [ -38.4936568, -12.778486099999974 ], [ -38.4929976, -12.777928899999973 ], [ -38.494184, -12.777542700000014 ], [ -38.4954081, -12.777115800000011 ], [ -38.4957904, -12.7780277 ], [ -38.4957955, -12.779513899999985 ], [ -38.4971692, -12.7801416 ], [ -38.49718810000001, -12.7802598 ], [ -38.49689930000001, -12.780834499999969 ], [ -38.4980789, -12.7811362 ], [ -38.4982184, -12.78156940000002 ], [ -38.4968546, -12.783781100000011 ], [ -38.4963328, -12.784667800000014 ], [ -38.495966, -12.7849499 ], [ -38.4956974, -12.78496 ], [ -38.4953336, -12.784786099999971 ] ] ] } },
{ "type": "Feature", "properties": { "porto": "Areia Branca  ", "classe": "Porto organizado", "tipo": "Porto Organizado", "estado": "RN", "cidade": "Areia Branca", "fonte": "OSM (área portuária mapeada)", "osm_id": "way/189167688", "osm_nome": "Terminal Salineiro de Areia Branca", "area_km2": 0.018613225792989529 }, "geometry": { "type": "Polygon", "coordinates": [ [ [ -37.0448983, -4.8191703 ], [ -37.0447843, -4.819133300000018 ], [ -37.0445209, -4.8190476 ], [ -37.04461160000001, -4.818770599999975 ], [ -37.0440733, -4.8185956 ], [ -37.0445262, -4.817212199999987 ], [ -37.045442, -4.817509899999989 ], [ -37.0448983, -4.8191703 ] ] ] } },
{ "type": "Feature", "properties": { "porto": "Belém  ", "classe": "Porto organizado", "tipo": "Porto Organizado", "estado": "PA", "cidade": "Belém", "fonte": "envelope estimado (2500 m)", "osm_id": null, "osm_nome": null, "area_km2": 19.603428065912478 }, "geometry": { "type": "Polygon", "coordinates": [ [ [ -48.475808618626623, -1.443526645546942 ], [ -48.475750187263266, -1.445788164658392 ], [ -48.475903888185293, -1.448044756638929 ], [ -48.476268250127816, -1.450274689231833 ], [ -48.476839772623116, -1.452456486863361 ], [ -48.47761295938389, -1.454569137467967 ], [ -48.478580370936143, -1.456592294852289 ], [ -48.479732696006302, -1.458506474648033 ], [ -48.481058840985177, -1.460293241966937 ], [ -48.482546036614906, -1.461935388950277 ], [ -48.484179960877611, -1.463417100501693 ], [ -48.485944876905307, -1.464724106607769 ], [ -48.48782378458381, -1.465843819778942 ], [ -48.489798584388659, -1.466765456285264 ], [ -48.491850251870879, -1.467480140021043 ], [ -48.493959021105233, -1.467980987995583 ], [ -48.496104575325475, -1.46826317662827 ], [ -48.498266242899803, -1.46832398820746 ], [ -48.500423196747256, -1.468162837066908 ], [ -48.50255465526147, -1.46778127522649 ], [ -48.504640082793472, -1.467182977443979 ], [ -48.506659387749451, -1.46637370582041 ], [ -48.508593116383153, -1.46536125430172 ], [ -48.510422640405039, -1.464155373610164 ], [ -48.512130336591397, -1.462767677329313 ], [ -48.513699756655768, -1.461211530047605 ], [ -48.515115785740925, -1.459501918637529 ], [ -48.516364788001646, -1.457655307911573 ], [ -48.517434737875753, -1.455689482044696 ], [ -48.518315335780876, -1.45362337329095 ], [ -48.518998107127388, -1.451476879645303 ], [ -48.519476483700686, -1.449270673205692 ], [ -48.519745866638033, -1.447026001082316 ], [ -48.519803670404308, -1.444764480771127 ], [ -48.519649347354964, -1.44250789196295 ], [ -48.519284392662868, -1.440277966792564 ], [ -48.518712329574782, -1.438096180548432 ], [ -48.517938675152699, -1.435983544858524 ], [ -48.516970886842564, -1.433960405343054 ], [ -48.515818290396531, -1.43204624568366 ], [ -48.514491989852658, -1.430259499994593 ], [ -48.513004760447032, -1.42861737530362 ], [ -48.511370925495548, -1.427135685850268 ], [ -48.509606218434008, -1.425828700798655 ], [ -48.507727631346157, -1.424709006829415 ], [ -48.505753251436317, -1.423787386934457 ], [ -48.503702087017146, -1.423072716581193 ], [ -48.501593884681434, -1.422571878245954 ], [ -48.499448939409859, -1.422289695138953 ], [ -48.497287899432642, -1.422228884759503 ], [ -48.495131567712541, -1.42239003272771 ], [ -48.493000701947906, -1.422771587145576 ], [ -48.490915815008705, -1.423369873540705 ], [ -48.488896977714049, -1.42417913024954 ], [ -48.486963625838207, -1.425191563899392 ], [ -48.485134373192167, -1.426397424454646 ], [ -48.4834268325708, -1.42778509910554 ], [ -48.481857446282284, -1.429341224094982 ], [ -48.480441327885892, -1.431050813407029 ], [ -48.479192116658986, -1.432897403078406 ], [ -48.478121846194227, -1.434863209743404 ], [ -48.477240828394088, -1.436929301885754 ], [ -48.476557553984534, -1.439075782148905 ], [ -48.476078610512609, -1.441281978949234 ], [ -48.475808618626623, -1.443526645546942 ] ] ] } },
{ "type": "Feature", "properties": { "porto": "Cabedelo  ", "classe": "Porto organizado", "tipo": "Porto Organizado", "estado": "PB", "cidade": "Cabedelo", "fonte": "OSM (área portuária mapeada)", "osm_id": "way/280644342", "osm_nome": "Porto de Cabedelo", "area_km2": 0.094311951543852149 }, "geometry": { "type": "Polygon", "coordinates": [ [ [ -34.8380116, -6.97505 ], [ -34.8378611, -6.975049800000011 ], [ -34.8371221, -6.9750487 ], [ -34.83703460000001, -6.975048600000014 ], [ -34.8370403, -6.9749868 ], [ -34.8372361, -6.9746846 ], [ -34.8374115, -6.9742859 ], [ -34.8374512, -6.9741957 ], [ -34.8375062, -6.9740715 ], [ -34.8375649, -6.9739396 ], [ -34.8376975, -6.973635700000012 ], [ -34.8377538, -6.9735078 ], [ -34.8378294, -6.973271099999978 ], [ -34.8378695, -6.9731459 ], [ -34.8379576, -6.9728702 ], [ -34.8381481, -6.9723843 ], [ -34.8380921, -6.972352799999985 ], [ -34.8380707, -6.9723395 ], [ -34.8381709, -6.972025399999989 ], [ -34.8382272, -6.9718172 ], [ -34.8383022, -6.971690199999959 ], [ -34.838369299999989, -6.971576300000014 ], [ -34.8383634, -6.9714897 ], [ -34.8383634, -6.971439400000029 ], [ -34.8384024, -6.971354400000011 ], [ -34.8392413, -6.9695241 ], [ -34.839284, -6.969501 ], [ -34.83931350000001, -6.969495599999987 ], [ -34.8393323, -6.9694861 ], [ -34.8393765, -6.969455700000013 ], [ -34.83948980000001, -6.969397800000013 ], [ -34.83963, -6.9694465 ], [ -34.8396965, -6.9694697 ], [ -34.83978, -6.9699997 ], [ -34.83984310000001, -6.9700857 ], [ -34.8398649, -6.97012579999996 ], [ -34.8398949, -6.970181 ], [ -34.83993060000001, -6.970053499999962 ], [ -34.84007840000001, -6.969919199999984 ], [ -34.8404091, -6.969892399999988 ], [ -34.8405658, -6.969879699999987 ], [ -34.8407091, -6.9702183 ], [ -34.84078430000001, -6.9703961 ], [ -34.8380116, -6.97505 ] ] ] } },
{ "type": "Feature", "properties": { "porto": "Estrela", "classe": "Porto organizado", "tipo": "Porto Organizado", "estado": "RS", "cidade": "Estrela", "fonte": "OSM (área portuária mapeada)", "osm_id": "way/691240453", "osm_nome": "Porto Fluvial de Estrela", "area_km2": 0.13864067036898164 }, "geometry": { "type": "Polygon", "coordinates": [ [ [ -51.9629547, -29.475755399999972 ], [ -51.9607685, -29.475229400000018 ], [ -51.9606852, -29.475209299999985 ], [ -51.9566685, -29.4742427 ], [ -51.956545, -29.474211400000012 ], [ -51.9570655, -29.472337199999981 ], [ -51.9635449, -29.4738965 ], [ -51.9629547, -29.475755399999972 ] ] ] } },
{ "type": "Feature", "properties": { "porto": "Forno ", "classe": "Porto organizado", "tipo": "Porto Organizado", "estado": "RJ", "cidade": "Arraial do Cabo", "fonte": "OSM (área portuária mapeada)", "osm_id": "way/1560218474", "osm_nome": "Porto do Forno", "area_km2": 0.064134498194763565 }, "geometry": { "type": "Polygon", "coordinates": [ [ [ -42.0136736, -22.9732529 ], [ -42.0136689, -22.973538499999979 ], [ -42.0134118, -22.973712599999988 ], [ -42.0132279, -22.9735846 ], [ -42.0133668, -22.9712156 ], [ -42.01347220000001, -22.970965500000023 ], [ -42.0136683, -22.970804300000015 ], [ -42.0144349, -22.970460100000011 ], [ -42.0150201, -22.969777 ], [ -42.0157604, -22.9694807 ], [ -42.0162539, -22.9691152 ], [ -42.016726, -22.9690954 ], [ -42.0169513, -22.969767100000016 ], [ -42.0170586, -22.969964699999988 ], [ -42.0172351, -22.97013130000002 ], [ -42.0173443, -22.970278100000023 ], [ -42.017448, -22.970396 ], [ -42.0173769, -22.9705289 ], [ -42.0172956, -22.970648699999977 ], [ -42.01721220000001, -22.9707554 ], [ -42.0170415, -22.97082270000001 ], [ -42.0168318, -22.970852799999989 ], [ -42.0161183, -22.9709591 ], [ -42.0161408, -22.9710915 ], [ -42.014224, -22.9713526 ], [ -42.0142047, -22.9712368 ], [ -42.0137001, -22.971347799999958 ], [ -42.0136021, -22.973149699999983 ], [ -42.0136736, -22.9732529 ] ] ] } },
{ "type": "Feature", "properties": { "porto": "Fortaleza  ", "classe": "Porto organizado", "tipo": "Porto Organizado", "estado": "CE", "cidade": "Fortaleza", "fonte": "OSM (área portuária mapeada)", "osm_id": "way/305985559", "osm_nome": "Cais do Porto", "area_km2": 0.27946013118661445 }, "geometry": { "type": "Polygon", "coordinates": [ [ [ -38.4730946, -3.70673 ], [ -38.4752189, -3.7125102 ], [ -38.4770277, -3.715084700000011 ], [ -38.4765241, -3.715448399999985 ], [ -38.4760627, -3.7157817 ], [ -38.4756233, -3.716106200000014 ], [ -38.4751958, -3.716422 ], [ -38.4734162, -3.713787799999956 ], [ -38.474299, -3.713154699999967 ], [ -38.4741273, -3.7128936 ], [ -38.473969, -3.7125847 ], [ -38.47400240000001, -3.712508699999964 ], [ -38.4739525, -3.712365 ], [ -38.4729668, -3.712733800000033 ], [ -38.4710281, -3.7076796 ], [ -38.4708586, -3.7071961 ], [ -38.4708263, -3.706841500000019 ], [ -38.471012, -3.7062573 ], [ -38.4713307, -3.705594 ], [ -38.4721441, -3.705999800000026 ], [ -38.4725231, -3.706204300000022 ], [ -38.4729267, -3.706477899999987 ], [ -38.473049, -3.7066128 ], [ -38.4730946, -3.70673 ] ] ] } },
{ "type": "Feature", "properties": { "porto": "Ilhéus  ", "classe": "Porto organizado", "tipo": "Porto Organizado", "estado": "BA", "cidade": "Ilhéus", "fonte": "OSM (área portuária mapeada)", "osm_id": "way/11172444", "osm_nome": "Porto do Malhado", "area_km2": 0.077212306738131398 }, "geometry": { "type": "Polygon", "coordinates": [ [ [ -39.0268436, -14.782213500000028 ], [ -39.0265945, -14.7826603 ], [ -39.0262115, -14.782308300000036 ], [ -39.0259954, -14.781924199999986 ], [ -39.025897, -14.781657900000019 ], [ -39.0259135, -14.781081899999977 ], [ -39.0259248, -14.778552900000031 ], [ -39.0259257, -14.776455400000023 ], [ -39.0261031, -14.7764619 ], [ -39.0271388, -14.776467699999982 ], [ -39.0271292, -14.778186499999967 ], [ -39.0271103, -14.7803605 ], [ -39.026985, -14.7803545 ], [ -39.0269884, -14.7802781 ], [ -39.0267957, -14.780280100000017 ], [ -39.0267964, -14.780844499999978 ], [ -39.0268472, -14.780928100000025 ], [ -39.0268436, -14.782213500000028 ] ] ] } },
{ "type": "Feature", "properties": { "porto": "Imbituba  ", "classe": "Porto organizado", "tipo": "Porto Organizado", "estado": "SC", "cidade": "Imbituba", "fonte": "envelope estimado (2500 m)", "osm_id": null, "osm_nome": null, "area_km2": 19.603428065912059 }, "geometry": { "type": "Polygon", "coordinates": [ [ [ -48.627438561358794, -28.229782217864376 ], [ -48.627370107984987, -28.231885187729187 ], [ -48.627559726483042, -28.233983401237943 ], [ -48.628005603979524, -28.236056650594747 ], [ -48.628703459057149, -28.238084967289232 ], [ -48.629646582501699, -28.240048814480275 ], [ -48.630825901472896, -28.241929275263274 ], [ -48.632230066497982, -28.243708235003137 ], [ -48.633845560465083, -28.245368555971545 ], [ -48.635656828578576, -28.246894242598945 ], [ -48.637646428033378, -28.248270595742657 ], [ -48.639795195971672, -28.249484354476351 ], [ -48.642082434105639, -28.250523824026516 ], [ -48.644486108225266, -28.251378988615766 ], [ -48.646983060663352, -28.252041608116798 ], [ -48.649549233661304, -28.252505297579923 ], [ -48.652159901471578, -28.252765588860559 ], [ -48.654789908945212, -28.252819973748391 ], [ -48.657413914289236, -28.252667928179353 ], [ -48.660006633636613, -28.252310917294245 ], [ -48.662543085053564, -28.251752381295812 ], [ -48.664998829614873, -28.25099770224082 ], [ -48.667350207206681, -28.250054152090627 ], [ -48.669574564768851, -28.248930822524688 ], [ -48.671650474764185, -28.247638537198888 ], [ -48.67355794175851, -28.246189747300964 ], [ -48.675278595113802, -28.244598411416575 ], [ -48.676795865933784, -28.242879860871867 ], [ -48.678095146556728, -28.241050651857808 ], [ -48.679163931062568, -28.239128405769421 ], [ -48.679991935447767, -28.237131639305574 ], [ -48.680571196320606, -28.235079585973455 ], [ -48.680896147179979, -28.232992010722828 ], [ -48.680963671558679, -28.230889019500797 ], [ -48.680773132537539, -28.228790865564914 ], [ -48.680326378365159, -28.22671775442171 ], [ -48.679627724148993, -28.22468964927009 ], [ -48.678683909813707, -28.222726078821694 ], [ -48.677504034750108, -28.220845949346078 ], [ -48.676099469801301, -28.219067362746376 ], [ -48.674483747447972, -28.217407442411357 ], [ -48.672672431262527, -28.215882168514455 ], [ -48.67068296589742, -28.214506224337324 ], [ -48.66853450905748, -28.213292855089964 ], [ -48.666247747075204, -28.212253740578095 ], [ -48.663844695862345, -28.211398882935249 ], [ -48.661348489148168, -28.210736510492882 ], [ -48.658783156033479, -28.210272998706369 ], [ -48.656173389989625, -28.210012808892358 ], [ -48.653544311511155, -28.209958445361739 ], [ -48.650921226690272, -28.210110431357872 ], [ -48.648329384018837, -28.210467304029329 ], [ -48.645793731740454, -28.211025628484844 ], [ -48.643338678069881, -28.211780030797119 ], [ -48.640987856570462, -28.212723249639865 ], [ -48.638763898931984, -28.213846206065551 ], [ -48.636688217322821, -28.215138090757939 ], [ -48.634780798400392, -28.216586467925413 ], [ -48.633060010955347, -28.218177394843213 ], [ -48.631542429036962, -28.219895555901655 ], [ -48.63024267226232, -28.221724409877453 ], [ -48.62917326484969, -28.223646349019521 ], [ -48.628344514740611, -28.225642868424739 ], [ -48.627764413984522, -28.227694744080278 ], [ -48.627438561358794, -28.229782217864376 ] ] ] } },
{ "type": "Feature", "properties": { "porto": "Itajaí ", "classe": "Porto organizado", "tipo": "Porto Organizado", "estado": "SC", "cidade": "Itajaí", "fonte": "OSM (área portuária mapeada)", "osm_id": "way/800135866", "osm_nome": null, "area_km2": 0.020704346154806728 }, "geometry": { "type": "Polygon", "coordinates": [ [ [ -48.670894, -26.901852699999978 ], [ -48.6711056, -26.901666800000029 ], [ -48.6712616, -26.9014686 ], [ -48.6713878, -26.901303 ], [ -48.6698912, -26.9001135 ], [ -48.6693503, -26.900636300000045 ], [ -48.669577, -26.900818200000039 ], [ -48.6695122, -26.900876 ], [ -48.669658, -26.900974200000025 ], [ -48.6693568, -26.901265899999974 ], [ -48.6694637, -26.901364099999977 ], [ -48.6696645, -26.9011648 ], [ -48.6705537, -26.901894100000014 ], [ -48.6703535, -26.902062900000018 ], [ -48.6704285, -26.9021241 ], [ -48.6706921, -26.9019852 ], [ -48.670894, -26.901852699999978 ] ] ] } },
{ "type": "Feature", "properties": { "porto": "Laguna", "classe": "Porto organizado", "tipo": "Porto Organizado", "estado": "SC", "cidade": "Laguna", "fonte": "envelope estimado (2500 m)", "osm_id": null, "osm_nome": null, "area_km2": 19.603428065911984 }, "geometry": { "type": "Polygon", "coordinates": [ [ [ -48.742933352979108, -28.495075123684277 ], [ -48.742866759618543, -28.49717867055535 ], [ -48.743058800174964, -28.499277302760795 ], [ -48.743507638504518, -28.501350808453232 ], [ -48.744208964724088, -28.503379216621703 ], [ -48.745156036230568, -28.505342989500402 ], [ -48.746339742191694, -28.507223210846753 ], [ -48.747748690904359, -28.509001768270007 ], [ -48.749369319193981, -28.510661527849191 ], [ -48.751186022813165, -28.512186499351131 ], [ -48.753181306592495, -28.513561990449752 ], [ -48.755335952902222, -28.514774748452787 ], [ -48.757629206803529, -28.51581308816138 ], [ -48.760038976103509, -28.516667004623571 ], [ -48.762542044380325, -28.517328269686477 ], [ -48.765114294917048, -28.5177905114098 ], [ -48.767730943374055, -28.518049275569684 ], [ -48.770366776943376, -28.518102068654549 ], [ -48.772996397663654, -28.51794838193582 ], [ -48.775594467533388, -28.517589696378725 ], [ -48.778135953041705, -28.517029468346035 ], [ -48.780596366742273, -28.516273096233526 ], [ -48.782952003524883, -28.515327868361389 ], [ -48.785180169292353, -28.514202892628113 ], [ -48.787259399825643, -28.512909008610212 ], [ -48.789169667717474, -28.511458682961809 ], [ -48.790892575373149, -28.50986588912917 ], [ -48.792411532215098, -28.50814597254714 ], [ -48.793711914383358, -28.506315502625309 ], [ -48.7947812053972, -28.504392112957223 ], [ -48.795609116429823, -28.502394331300934 ], [ -48.796187685048054, -28.500341400974854 ], [ -48.796511351479552, -28.498253095396429 ], [ -48.796577011688967, -28.496149527554437 ], [ -48.796384046769923, -28.494050956253957 ], [ -48.795934328389009, -28.491977591001735 ], [ -48.795232200249217, -28.489949397411799 ], [ -48.79428443577099, -28.487985905003747 ], [ -48.793100172417105, -28.486106019241834 ], [ -48.791690823310965, -28.484327839620548 ], [ -48.790069967014055, -28.482668485542121 ], [ -48.788253216535963, -28.481143931656536 ], [ -48.78625806884687, -28.479768854241101 ], [ -48.784103736346665, -28.478556490090529 ], [ -48.781810961914616, -28.477518509268084 ], [ -48.779401819317933, -28.476664902933951 ], [ -48.776899500894572, -28.476003887322989 ], [ -48.774328094545027, -28.475541824789147 ], [ -48.771712352167256, -28.475283162670152 ], [ -48.769077451749141, -28.475230390556224 ], [ -48.766448755391536, -28.475384016369979 ], [ -48.763851565573212, -28.475742561486815 ], [ -48.761310881985153, -28.476302574940924 ], [ -48.758851161256345, -28.477058666582696 ], [ -48.756496081866466, -28.478003558870295 ], [ -48.754268316492421, -28.479128156801593 ], [ -48.752189313966369, -28.48042163531872 ], [ -48.750279092933397, -28.481871543350778 ], [ -48.748556049187414, -28.483463923500203 ], [ -48.747036778535914, -28.485183446229811 ], [ -48.745735916898361, -28.487013557265588 ], [ -48.74466599918123, -28.488936636805651 ], [ -48.743837338295165, -28.490934169010085 ], [ -48.7432579254898, -28.492986920146695 ], [ -48.742933352979108, -28.495075123684277 ] ] ] } },
{ "type": "Feature", "properties": { "porto": "Macapá", "classe": "Porto organizado", "tipo": "Porto Organizado", "estado": "AP", "cidade": "Santana", "fonte": "envelope estimado (2500 m)", "osm_id": null, "osm_nome": null, "area_km2": 19.603428065912397 }, "geometry": { "type": "Polygon", "coordinates": [ [ [ -51.144861978308718, -0.054197773045006 ], [ -51.144841831762712, -0.056479070648487 ], [ -51.145031867486161, -0.058751452884425 ], [ -51.145430264085824, -0.060993035470873 ], [ -51.146033193065115, -0.063182230740556 ], [ -51.146834855376248, -0.065297955541744 ], [ -51.147827536980429, -0.067319834280674 ], [ -51.149001682891821, -0.069228395150027 ], [ -51.150345989001927, -0.071005257653139 ], [ -51.151847510807386, -0.072633309619062 ], [ -51.153491787999485, -0.07409687200228 ], [ -51.155262983718323, -0.075381849881673 ], [ -51.157144037130713, -0.076475868202672 ], [ -51.159116827860231, -0.07736839095679 ], [ -51.161162350680947, -0.078050822649737 ], [ -51.163260898785381, -0.078516591081272 ], [ -51.165392253852737, -0.078761210639752 ], [ -51.167535881075807, -0.078782325501353 ], [ -51.169671127256692, -0.07857973231808 ], [ -51.171777420050347, -0.078155382176109 ], [ -51.173834466424267, -0.07751336180588 ], [ -51.175822448409789, -0.076659854223833 ], [ -51.177722214247908, -0.075603079186404 ], [ -51.179515463077358, -0.074353214028787 ], [ -51.181184921377053, -0.07292229565054 ], [ -51.182714509456169, -0.071324104593326 ], [ -51.184089496383059, -0.06957403232575 ], [ -51.185296641858315, -0.067688933014518 ], [ -51.186324323665353, -0.065686961208993 ], [ -51.187162649473521, -0.063587397002348 ], [ -51.18780355192176, -0.061410460353465 ], [ -51.188240866074224, -0.059177116357337 ], [ -51.188470388511156, -0.056908873339672 ], [ -51.188489917496646, -0.054627575720026 ], [ -51.188299273848507, -0.052355193638389 ], [ -51.18790030232217, -0.050113611370828 ], [ -51.18729685350835, -0.047924416572364 ], [ -51.186494746431755, -0.045808692376551 ], [ -51.185501712223299, -0.043786814353905 ], [ -51.184327319419182, -0.041878254284269 ], [ -51.182982881615857, -0.040101392633507 ], [ -51.181481348377581, -0.038473341539913 ], [ -51.179837180452424, -0.03700978001538 ], [ -51.178066210501221, -0.035724802948029 ], [ -51.176185490681043, -0.034630785361224 ], [ -51.174213128548544, -0.033738263235318 ], [ -51.172168112858927, -0.033055832040426 ], [ -51.170070130930881, -0.032590063957617 ], [ -51.167939379327379, -0.032345444585148 ], [ -51.165796369664847, -0.032324329739678 ], [ -51.163661731408681, -0.032526922768633 ], [ -51.161556013541713, -0.032951272591683 ], [ -51.15949948700235, -0.033593292490761 ], [ -51.157511949782268, -0.03444679946745 ], [ -51.155612536548418, -0.035503573788544 ], [ -51.153819534611685, -0.036753438146529 ], [ -51.152150208005189, -0.038184355672324 ], [ -51.150620631358862, -0.039782545857311 ], [ -51.149245535165008, -0.041532617266219 ], [ -51.148038163922095, -0.043417715765358 ], [ -51.147010148522831, -0.045419686836672 ], [ -51.146171394117637, -0.047519250415071 ], [ -51.145529984538328, -0.049696186565933 ], [ -51.145092104209482, -0.051929530213336 ], [ -51.144861978308718, -0.054197773045006 ] ] ] } },
{ "type": "Feature", "properties": { "porto": "Maceió", "classe": "Porto organizado", "tipo": "Porto Organizado", "estado": "AL", "cidade": "Maceió", "fonte": "OSM (área portuária mapeada)", "osm_id": "way/252568910", "osm_nome": "Porto de Maceió", "area_km2": 0.49646474662478796 }, "geometry": { "type": "Polygon", "coordinates": [ [ [ -35.7202311, -9.6795155 ], [ -35.72008240000001, -9.679231600000016 ], [ -35.7191996, -9.677686300000047 ], [ -35.71885120000001, -9.676996800000014 ], [ -35.7186438, -9.6764851 ], [ -35.7183929, -9.6760161 ], [ -35.7172525, -9.674392699999972 ], [ -35.7173737, -9.674337 ], [ -35.7174286, -9.6743221 ], [ -35.7175441, -9.6743281 ], [ -35.7176314, -9.6743318 ], [ -35.717666, -9.674348 ], [ -35.717704, -9.674365700000019 ], [ -35.7178109, -9.67442849999998 ], [ -35.7179168, -9.6745193 ], [ -35.7180719, -9.674673299999974 ], [ -35.7181645, -9.674716600000027 ], [ -35.718285200000011, -9.674744199999976 ], [ -35.7185386, -9.674753799999984 ], [ -35.7185874, -9.674777799999967 ], [ -35.7186751, -9.6747982 ], [ -35.7187945, -9.67485950000002 ], [ -35.71885910000001, -9.6748451 ], [ -35.7189651, -9.6747802 ], [ -35.7190297, -9.6747658 ], [ -35.7194574, -9.6747754 ], [ -35.7195196, -9.67480180000001 ], [ -35.7196707, -9.674773 ], [ -35.7197913, -9.674791 ], [ -35.719862, -9.6747646 ], [ -35.7199169, -9.67472020000001 ], [ -35.7199619, -9.6746084 ], [ -35.7209699, -9.673689399999985 ], [ -35.7210258, -9.67369310000003 ], [ -35.7211557, -9.6738345 ], [ -35.7211508, -9.673919799999988 ], [ -35.7210814, -9.6740231 ], [ -35.721105, -9.674045600000028 ], [ -35.72117080000001, -9.674110099999986 ], [ -35.721231700000011, -9.674173 ], [ -35.7216367, -9.673797599999972 ], [ -35.7220562, -9.674325300000016 ], [ -35.723086, -9.6762142 ], [ -35.7248952, -9.679548399999986 ], [ -35.7228903, -9.6806238 ], [ -35.724424, -9.683444800000018 ], [ -35.7284501, -9.681737500000013 ], [ -35.7288016, -9.6825655 ], [ -35.7294495, -9.682309199999979 ], [ -35.7295557, -9.682564700000031 ], [ -35.7252613, -9.6843072 ], [ -35.724863, -9.684450800000024 ], [ -35.7246316, -9.684553499999984 ], [ -35.7240468, -9.684617 ], [ -35.7235533, -9.6845588 ], [ -35.7229471, -9.6842415 ], [ -35.72246, -9.683723599999974 ], [ -35.7217979, -9.682474 ], [ -35.720866200000017, -9.680769699999955 ], [ -35.7202311, -9.6795155 ] ] ] } },
{ "type": "Feature", "properties": { "porto": "Manaus", "classe": "Porto organizado", "tipo": "Porto Organizado", "estado": "AM", "cidade": "Manaus", "fonte": "OSM (área portuária mapeada)", "osm_id": "way/948435300", "osm_nome": "Plataforma Malcher", "area_km2": 0.01713349117779181 }, "geometry": { "type": "Polygon", "coordinates": [ [ [ -60.029926, -3.134653299999965 ], [ -60.0303635, -3.1356193 ], [ -60.0291188, -3.1361362 ], [ -60.0289278, -3.1356501 ], [ -60.0288353, -3.1355824 ], [ -60.0287799, -3.1355516 ], [ -60.0287121, -3.135404 ], [ -60.0286998, -3.1352625 ], [ -60.0290449, -3.135164 ], [ -60.0289956, -3.1350594 ], [ -60.029926, -3.134653299999965 ] ] ] } },
{ "type": "Feature", "properties": { "porto": "Natal", "classe": "Porto organizado", "tipo": "Porto Organizado", "estado": "RN", "cidade": "Natal", "fonte": "OSM (área portuária mapeada)", "osm_id": "way/291018553", "osm_nome": "Porto de Natal", "area_km2": 0.068254640161224206 }, "geometry": { "type": "Polygon", "coordinates": [ [ [ -35.2048972, -5.7704627 ], [ -35.2051034, -5.771736600000019 ], [ -35.2056211, -5.7733124 ], [ -35.2058947, -5.773916499999981 ], [ -35.2061089, -5.7743303 ], [ -35.2066076, -5.7752936 ], [ -35.2065698, -5.77533190000003 ], [ -35.2065619, -5.775336 ], [ -35.2065506, -5.775342 ], [ -35.2064997, -5.775355900000015 ], [ -35.2061881, -5.7753311 ], [ -35.2061394, -5.7752422 ], [ -35.2060501, -5.7752833 ], [ -35.205996, -5.7752316 ], [ -35.2058228, -5.7749002 ], [ -35.2057654, -5.774766700000019 ], [ -35.2057031, -5.774647 ], [ -35.2056507, -5.774645200000037 ], [ -35.2056488, -5.774621500000019 ], [ -35.2055609, -5.7746229 ], [ -35.2054818, -5.774617599999982 ], [ -35.2054697, -5.7746372 ], [ -35.2054362, -5.774617600000015 ], [ -35.2054429, -5.774608200000014 ], [ -35.2053758, -5.774577499999988 ], [ -35.2048781, -5.774740299999987 ], [ -35.2046467, -5.774069299999972 ], [ -35.2046184, -5.7739902 ], [ -35.2045743, -5.773867099999987 ], [ -35.2043934, -5.773361400000012 ], [ -35.2042563, -5.7729194 ], [ -35.2037211, -5.7711109 ], [ -35.2040855, -5.7708879 ], [ -35.2043641, -5.770707400000029 ], [ -35.2042174, -5.770099 ], [ -35.2040941, -5.769955 ], [ -35.2041918, -5.769876200000041 ], [ -35.2044154, -5.7698813 ], [ -35.2047467, -5.770494599999974 ], [ -35.2048972, -5.7704627 ] ] ] } },
{ "type": "Feature", "properties": { "porto": "Niterói  ", "classe": "Porto organizado", "tipo": "Porto Organizado", "estado": "RJ", "cidade": "Niterói", "fonte": "envelope estimado (2500 m)", "osm_id": null, "osm_nome": null, "area_km2": 19.603428065911856 }, "geometry": { "type": "Polygon", "coordinates": [ [ [ -43.090600949595853, -22.879834706123479 ], [ -43.090443370273888, -22.88193334223406 ], [ -43.090532972936408, -22.884034762896917 ], [ -43.090868906914501, -22.886118729953296 ], [ -43.091447948828936, -22.888165172430583 ], [ -43.092264533177669, -22.890154379883892 ], [ -43.093310805512218, -22.892067192298313 ], [ -43.09457669770709, -22.893885184720276 ], [ -43.096050024611813, -22.895590844835144 ], [ -43.097716601166489, -22.897167741776286 ], [ -43.09956037886225, -22.898600684533324 ], [ -43.101563600237903, -22.899875868428275 ], [ -43.103706969927501, -22.90098100824088 ], [ -43.105969840609944, -22.901905456695307 ], [ -43.108330412065364, -22.902640307160048 ], [ -43.110765941412794, -22.903178479565309 ], [ -43.113252962493704, -22.903514788705809 ], [ -43.115767512274417, -22.903645994266057 ], [ -43.11828536207171, -22.903570832083116 ], [ -43.120782251356999, -22.903290026343537 ], [ -43.123234121869991, -22.902806282596263 ], [ -43.125617349768511, -22.902124261649067 ], [ -43.127908973561468, -22.901250534602028 ], [ -43.130086915613731, -22.900193519453889 ], [ -43.132130195074936, -22.89896339989625 ], [ -43.13401913017023, -22.897572027083005 ], [ -43.135735527895342, -22.896032805326833 ], [ -43.137262859283716, -22.894360562830006 ], [ -43.138586418555391, -22.892571408701812 ], [ -43.139693464616329, -22.89068257764599 ], [ -43.14057334355028, -22.888712263820828 ], [ -43.14121759093171, -22.886679445477885 ], [ -43.141620012985641, -22.884603702073903 ], [ -43.141776745826462, -22.882505025621555 ], [ -43.14168629222111, -22.880403628099106 ], [ -43.141349535539781, -22.878319746776047 ], [ -43.140769730777706, -22.876273449330284 ], [ -43.139952472752746, -22.874284440633289 ], [ -43.138905641802381, -22.87237187306177 ], [ -43.137639327519388, -22.870554162160239 ], [ -43.136165731274865, -22.86884880942457 ], [ -43.134499048479263, -22.867272233909091 ], [ -43.132655331724273, -22.865839614271831 ], [ -43.130652336129131, -22.864564742773545 ], [ -43.128509348383197, -22.86345989262929 ], [ -43.126247001129663, -22.862535699983066 ], [ -43.123887074473366, -22.861801061635784 ], [ -43.12145228651594, -22.861263049505755 ], [ -43.118966074924771, -22.860926842638897 ], [ -43.116452371625236, -22.860795677420441 ], [ -43.11393537277084, -22.860870816462917 ], [ -43.111439306188821, -22.861151536469187 ], [ -43.108988198523491, -22.861635135184891 ], [ -43.106605644301219, -22.862316957375725 ], [ -43.104314579124058, -22.8631904395798 ], [ -43.102137059159908, -22.864247173207495 ], [ -43.100094049038461, -22.865476985385907 ], [ -43.098205220184028, -22.866868036773496 ], [ -43.09648876151811, -22.868406935409869 ], [ -43.094961204349175, -22.87007886551006 ], [ -43.093637263133814, -22.871867729969956 ], [ -43.092529693643947, -22.873756305217608 ], [ -43.091649169910895, -22.875726406925335 ], [ -43.091004181139468, -22.877759064993125 ], [ -43.090600949595853, -22.879834706123479 ] ] ] } },
{ "type": "Feature", "properties": { "porto": "Paranaguá", "classe": "Porto organizado", "tipo": "Porto Organizado", "estado": "PR", "cidade": "Paranaguá", "fonte": "OSM (área portuária mapeada)", "osm_id": "way/1495703460", "osm_nome": "PAR25", "area_km2": 0.047078301354520485 }, "geometry": { "type": "Polygon", "coordinates": [ [ [ -48.505403800000011, -25.5042534 ], [ -48.5054251, -25.504093899999976 ], [ -48.5059654, -25.504174900000017 ], [ -48.5059672, -25.5041577 ], [ -48.5062908, -25.504204599999976 ], [ -48.506341, -25.5041702 ], [ -48.5071565, -25.5042796 ], [ -48.5073765, -25.503233900000044 ], [ -48.50439, -25.502794099999988 ], [ -48.5042748, -25.502835500000025 ], [ -48.5042218, -25.502914099999977 ], [ -48.5041191, -25.503791099999987 ], [ -48.5041919, -25.50424720000002 ], [ -48.504107, -25.5050025 ], [ -48.5042607, -25.505028100000018 ], [ -48.5043534, -25.5048878 ], [ -48.5045227, -25.504732600000025 ], [ -48.5047078, -25.5046037 ], [ -48.5048877, -25.504493900000011 ], [ -48.5051152, -25.5043864 ], [ -48.505403800000011, -25.5042534 ] ] ] } },
{ "type": "Feature", "properties": { "porto": "Pelotas  ", "classe": "Porto organizado", "tipo": "Porto Organizado", "estado": "RS", "cidade": "Pelotas", "fonte": "OSM (área portuária mapeada)", "osm_id": "way/689737556", "osm_nome": null, "area_km2": 0.024635818106268678 }, "geometry": { "type": "Polygon", "coordinates": [ [ [ -52.3211527, -31.782176100000015 ], [ -52.3194139, -31.782079099999983 ], [ -52.3167264, -31.780231099999984 ], [ -52.3172255, -31.7799577 ], [ -52.3186747, -31.780888899999969 ], [ -52.3211527, -31.782176100000015 ] ] ] } },
{ "type": "Feature", "properties": { "porto": "Porto Alegre  ", "classe": "Porto organizado", "tipo": "Porto Organizado", "estado": "RS", "cidade": "Porto Alegre", "fonte": "OSM (área portuária mapeada)", "osm_id": "way/467677709", "osm_nome": "Terminal de Contêineres", "area_km2": 0.034902912557722883 }, "geometry": { "type": "Polygon", "coordinates": [ [ [ -51.2172125, -30.019272500000028 ], [ -51.2187391, -30.020669399999989 ], [ -51.218949, -30.0208614 ], [ -51.2197245, -30.019831 ], [ -51.2197245, -30.0197047 ], [ -51.2180307, -30.0181438 ], [ -51.2172125, -30.019272500000028 ] ] ] } },
{ "type": "Feature", "properties": { "porto": "Porto Velho  ", "classe": "Porto organizado", "tipo": "Porto Organizado", "estado": "RO", "cidade": "Porto Velho", "fonte": "envelope estimado (2500 m)", "osm_id": null, "osm_nome": null, "area_km2": 19.603428065912588 }, "geometry": { "type": "Polygon", "coordinates": [ [ [ -63.89216653892047, -8.749461696669892 ], [ -63.89233607782473, -8.75163559187547 ], [ -63.892726572449334, -8.753783031686609 ], [ -63.893334271493302, -8.75588333446861 ], [ -63.894153331019425, -8.757916272219081 ], [ -63.895175870406341, -8.759862265410616 ], [ -63.896392047959878, -8.761702571599434 ], [ -63.897790155466261, -8.763419465981507 ], [ -63.899356730785485, -8.76499641215581 ], [ -63.901076687406643, -8.76641822144656 ], [ -63.902933459721297, -8.767671199248968 ], [ -63.904909162616228, -8.768743276985003 ], [ -63.9069847638469, -8.769624128396659 ], [ -63.909140267525949, -8.770305269053557 ], [ -63.911354906952624, -8.770780138114768 ], [ -63.913607344915924, -8.771044161555063 ], [ -63.915875879530347, -8.771094796245244 ], [ -63.91813865360907, -8.770931554460732 ], [ -63.920373865543482, -8.770556008581934 ], [ -63.922559979643523, -8.7699717759408 ], [ -63.924675933898754, -8.769184483960121 ], [ -63.926701343145176, -8.768201715921967 ], [ -63.928616695668758, -8.767032937889155 ], [ -63.930403541341278, -8.765689407485144 ], [ -63.932044669467878, -8.764184065413607 ], [ -63.933524274627459, -8.76253141076379 ], [ -63.934828108905045, -8.760747361306587 ], [ -63.935943619049503, -8.758849100128019 ], [ -63.936860067237966, -8.756854910080994 ], [ -63.937568634288766, -8.754783997651389 ], [ -63.938062504336806, -8.752656307937508 ], [ -63.938336930165548, -8.750492332526392 ], [ -63.938389278578484, -8.748312912119159 ], [ -63.938219055386419, -8.746139035807033 ], [ -63.937827909784204, -8.743991638932153 ], [ -63.937219618089536, -8.741891401479128 ], [ -63.93640004701485, -8.739858548939845 ], [ -63.93537709684005, -8.737912657567014 ], [ -63.934160625045649, -8.736072465891672 ], [ -63.932762351152917, -8.734355694317104 ], [ -63.931195743696023, -8.732778874524927 ], [ -63.929475890420882, -8.731357190334103 ], [ -63.927619352964427, -8.730104331541998 ], [ -63.925644007414377, -8.729032362152997 ], [ -63.92356887228275, -8.728151604261521 ], [ -63.921413925544954, -8.72747053870394 ], [ -63.919199912498804, -8.726995723435182 ], [ -63.916948146283865, -8.726731730413279 ], [ -63.914680302970694, -8.726681101598393 ], [ -63.912418213179805, -8.72684432448944 ], [ -63.910183652223047, -8.727219827431997 ], [ -63.907998130773713, -8.727803994744157 ], [ -63.905882688067045, -8.728591201513625 ], [ -63.903857689608493, -8.729573867733009 ], [ -63.901942631325753, -8.730742531252377 ], [ -63.900155952039562, -8.732085938848844 ], [ -63.898514856050618, -8.733591154538278 ], [ -63.897035147544976, -8.735243684088154 ], [ -63.895731078409185, -8.737027614535094 ], [ -63.89461521091981, -8.738925767366609 ], [ -63.893698296632309, -8.74091986389352 ], [ -63.892989172640263, -8.7429907012238 ], [ -63.892494676211712, -8.745118337145245 ], [ -63.892219578634638, -8.747282282137977 ], [ -63.89216653892047, -8.749461696669892 ] ] ] } },
{ "type": "Feature", "properties": { "porto": "Recife  ", "classe": "Porto organizado", "tipo": "Porto Organizado", "estado": "PE", "cidade": "Recife", "fonte": "OSM (área portuária mapeada)", "osm_id": "way/291371680", "osm_nome": "Cais do Porto", "area_km2": 0.4117692606625874 }, "geometry": { "type": "Polygon", "coordinates": [ [ [ -34.866077, -8.0449898 ], [ -34.86608660000001, -8.0449811 ], [ -34.8660987, -8.044974800000015 ], [ -34.8663743, -8.044856600000024 ], [ -34.8671066, -8.044520900000013 ], [ -34.8671287, -8.04451 ], [ -34.8671481, -8.0445127 ], [ -34.867191, -8.044545899999985 ], [ -34.8672272, -8.044557800000025 ], [ -34.8672688, -8.0445565 ], [ -34.8674445, -8.04449540000002 ], [ -34.8686662, -8.043947 ], [ -34.8687041, -8.0439478 ], [ -34.8698453, -8.046689600000017 ], [ -34.8699194, -8.0467209 ], [ -34.8704842, -8.0479333 ], [ -34.8711017, -8.0489159 ], [ -34.8720346, -8.0503819 ], [ -34.8709027, -8.0509824 ], [ -34.8710697, -8.05128 ], [ -34.8711178, -8.05137490000001 ], [ -34.8715134, -8.0520383 ], [ -34.8714638, -8.0521203 ], [ -34.871452, -8.0521398 ], [ -34.8709174, -8.0523327 ], [ -34.8705171, -8.0521653 ], [ -34.870452, -8.052150100000016 ], [ -34.8702197, -8.052394800000023 ], [ -34.8701614, -8.052396300000014 ], [ -34.8702705, -8.053647 ], [ -34.870292, -8.0544804 ], [ -34.8702957, -8.0545281 ], [ -34.8696868, -8.055060600000012 ], [ -34.86953470000001, -8.0553851 ], [ -34.8695403, -8.055897200000036 ], [ -34.8694151, -8.055890699999981 ], [ -34.8693852, -8.0560014 ], [ -34.8693265, -8.056058 ], [ -34.8688327, -8.0562403 ], [ -34.8688438, -8.056427699999976 ], [ -34.8688523, -8.056456199999987 ], [ -34.8689339, -8.056730499999983 ], [ -34.8689994, -8.0569506 ], [ -34.8690777, -8.057205 ], [ -34.8695287, -8.0586176 ], [ -34.8693627, -8.0586732 ], [ -34.8692375, -8.058720399999979 ], [ -34.8684639, -8.0565179 ], [ -34.8683758, -8.0565474 ], [ -34.8683608, -8.0565035 ], [ -34.8683343, -8.0564272 ], [ -34.867816, -8.054936600000012 ], [ -34.8678066, -8.054908100000013 ], [ -34.8678012, -8.054860900000023 ], [ -34.8678428, -8.054343100000027 ], [ -34.8678643, -8.05395 ], [ -34.8680212, -8.052242400000013 ], [ -34.8682156, -8.049740600000012 ], [ -34.8682163, -8.0497147 ], [ -34.8682049, -8.049661600000022 ], [ -34.8673868, -8.0478975 ], [ -34.8666962, -8.0463372 ], [ -34.8660771, -8.044997499999981 ], [ -34.866077, -8.0449898 ] ] ] } },
{ "type": "Feature", "properties": { "porto": "Rio de Janeiro ", "classe": "Porto organizado", "tipo": "Porto Organizado", "estado": "RJ", "cidade": "Rio de Janeiro", "fonte": "OSM (área portuária mapeada)", "osm_id": "way/329404483", "osm_nome": "Porto do Rio de Janeiro", "area_km2": 0.084081816116505045 }, "geometry": { "type": "Polygon", "coordinates": [ [ [ -43.1813019, -22.895363700000019 ], [ -43.1838498, -22.8944873 ], [ -43.1860877, -22.89372 ], [ -43.1906945, -22.8921648 ], [ -43.1909317, -22.8921164 ], [ -43.1911382, -22.892105100000016 ], [ -43.195484, -22.892008 ], [ -43.1954776, -22.8925387 ], [ -43.1946021, -22.8925575 ], [ -43.1936539, -22.8925804 ], [ -43.1936006, -22.89258160000001 ], [ -43.1926188, -22.892603799999986 ], [ -43.1924612, -22.8926074 ], [ -43.1921124, -22.892618900000013 ], [ -43.191129, -22.8926402 ], [ -43.190966, -22.8926437 ], [ -43.1909499, -22.892644 ], [ -43.1907573, -22.892704800000018 ], [ -43.1907696, -22.8927417 ], [ -43.1896336, -22.8931454 ], [ -43.1884322, -22.893536700000016 ], [ -43.1879451, -22.8937085 ], [ -43.187449, -22.8938762 ], [ -43.1872807, -22.893933 ], [ -43.1870281, -22.8940184 ], [ -43.1870145, -22.8939842 ], [ -43.1870027, -22.893954599999969 ], [ -43.1869873, -22.893915700000015 ], [ -43.1869634, -22.8938558 ], [ -43.1869486, -22.893818700000015 ], [ -43.1869258, -22.8937613 ], [ -43.1869094, -22.89372 ], [ -43.1868965, -22.8936878 ], [ -43.1868828, -22.8936533 ], [ -43.18646480000001, -22.893801599999975 ], [ -43.1866116, -22.8941655 ], [ -43.1864864, -22.894208299999974 ], [ -43.1862452, -22.8942909 ], [ -43.1857758, -22.8944515 ], [ -43.1856949, -22.894479200000021 ], [ -43.1856533, -22.894376 ], [ -43.1856289, -22.8943154 ], [ -43.1856142, -22.8942789 ], [ -43.185593, -22.894226399999987 ], [ -43.1855653, -22.8941579 ], [ -43.1855243, -22.894171800000013 ], [ -43.1854739, -22.894173199999983 ], [ -43.1851833, -22.8942636 ], [ -43.1851643, -22.8942956 ], [ -43.1851343, -22.894306800000017 ], [ -43.1852303, -22.894547 ], [ -43.1843167, -22.894856900000018 ], [ -43.1842509, -22.894692200000016 ], [ -43.184212, -22.894706700000011 ], [ -43.1840685, -22.8946907 ], [ -43.1838993, -22.8947493 ], [ -43.1838101, -22.894844399999972 ], [ -43.183751, -22.894863499999961 ], [ -43.1838198, -22.895035799999988 ], [ -43.1829114, -22.8953433 ], [ -43.1826389, -22.8954356 ], [ -43.1826111, -22.895365800000011 ], [ -43.182037200000011, -22.8955601 ], [ -43.1819989, -22.895463900000021 ], [ -43.1819176, -22.895491500000016 ], [ -43.1819523, -22.895578700000016 ], [ -43.181918, -22.8955903 ], [ -43.1819318, -22.895624899999987 ], [ -43.1817645, -22.8956815 ], [ -43.1817333, -22.8956033 ], [ -43.1814847, -22.895687499999969 ], [ -43.1815013, -22.895729 ], [ -43.1814653, -22.895741200000021 ], [ -43.1814076, -22.895596499999975 ], [ -43.1813834, -22.895587 ], [ -43.1813019, -22.895363700000019 ] ] ] } },
{ "type": "Feature", "properties": { "porto": "Rio Grande  ", "classe": "Porto organizado", "tipo": "Porto Organizado", "estado": "RS", "cidade": "Rio Grande", "fonte": "OSM (área portuária mapeada)", "osm_id": "way/639729809", "osm_nome": null, "area_km2": 0.0042029405575702986 }, "geometry": { "type": "Polygon", "coordinates": [ [ [ -52.1016647, -32.027547699999978 ], [ -52.1013817, -32.0276523 ], [ -52.1014032, -32.0276818 ], [ -52.1011645, -32.027781900000022 ], [ -52.1010223, -32.0281161 ], [ -52.1019423, -32.028238900000026 ], [ -52.1020147, -32.0281957 ], [ -52.1016647, -32.027547699999978 ] ] ] } },
{ "type": "Feature", "properties": { "porto": "Salvador ", "classe": "Porto organizado", "tipo": "Porto Organizado", "estado": "BA", "cidade": "Salvador", "fonte": "OSM (área portuária mapeada)", "osm_id": "way/48869287", "osm_nome": "Porto Salvador Marina", "area_km2": 0.011409910434610966 }, "geometry": { "type": "Polygon", "coordinates": [ [ [ -38.5156166, -12.973121399999973 ], [ -38.5148909, -12.972409299999963 ], [ -38.5150408, -12.972261 ], [ -38.51516, -12.9721432 ], [ -38.5152056, -12.972101200000022 ], [ -38.5152698, -12.972039 ], [ -38.5154348, -12.971879300000014 ], [ -38.5154444, -12.97187 ], [ -38.5154538, -12.9718609 ], [ -38.5155594, -12.9717586 ], [ -38.5162871, -12.97247230000001 ], [ -38.5156166, -12.973121399999973 ] ] ] } },
{ "type": "Feature", "properties": { "porto": "Santarém  ", "classe": "Porto organizado", "tipo": "Porto Organizado", "estado": "PA", "cidade": "Santarém", "fonte": "OSM (área portuária mapeada)", "osm_id": "way/1444733791", "osm_nome": "Antigo porto da cidade", "area_km2": 0.0019465404939471764 }, "geometry": { "type": "Polygon", "coordinates": [ [ [ -54.7110146, -2.4156301 ], [ -54.7110207, -2.416075 ], [ -54.7106575, -2.416091300000021 ], [ -54.7106895, -2.41561630000002 ], [ -54.7110146, -2.4156301 ] ] ] } },
{ "type": "Feature", "properties": { "porto": "Santos  ", "classe": "Porto organizado", "tipo": "Porto Organizado", "estado": "SP", "cidade": "Guarujá", "fonte": "OSM (área portuária mapeada)", "osm_id": "way/197054542", "osm_nome": "Tecon Santos (BRSSZ) - Santos Brasil", "area_km2": 0.60381060662309993 }, "geometry": { "type": "Polygon", "coordinates": [ [ [ -46.2898712, -23.966561100000035 ], [ -46.2896094, -23.966177399999982 ], [ -46.2872403, -23.965243200000014 ], [ -46.2872894, -23.96486590000001 ], [ -46.2868581, -23.9646539 ], [ -46.2880216, -23.963451800000016 ], [ -46.288955, -23.963356200000014 ], [ -46.2890982, -23.9632519 ], [ -46.2885858, -23.96285060000001 ], [ -46.29027820000001, -23.961122899999967 ], [ -46.2900833, -23.960960800000024 ], [ -46.2883067, -23.959483500000019 ], [ -46.2884969, -23.9594266 ], [ -46.2886077, -23.959353900000011 ], [ -46.288709, -23.959233 ], [ -46.2903958, -23.957143099999968 ], [ -46.290534, -23.9571512 ], [ -46.2907689, -23.957310799999981 ], [ -46.2912545, -23.9577115 ], [ -46.291398, -23.957527200000026 ], [ -46.2916796, -23.957232 ], [ -46.2918448, -23.957058799999988 ], [ -46.2921869, -23.957282299999971 ], [ -46.2925809, -23.9568732 ], [ -46.2964842, -23.9603177 ], [ -46.2985016, -23.958234499999985 ], [ -46.2989572, -23.958614 ], [ -46.2906392, -23.967145200000019 ], [ -46.2900631, -23.966780699999983 ], [ -46.2898712, -23.966561100000035 ] ] ] } },
{ "type": "Feature", "properties": { "porto": "São Sebastião ", "classe": "Porto organizado", "tipo": "Porto Organizado", "estado": "SP", "cidade": "São Sebastião", "fonte": "OSM (área portuária mapeada)", "osm_id": "way/1117495671", "osm_nome": "Marina Porto Seguro", "area_km2": 0.0025286905013479286 }, "geometry": { "type": "Polygon", "coordinates": [ [ [ -45.4114498, -23.821726499999972 ], [ -45.41098860000001, -23.821983 ], [ -45.4113465, -23.822362699999989 ], [ -45.4116804, -23.8220607 ], [ -45.4114498, -23.821726499999972 ] ] ] } },
{ "type": "Feature", "properties": { "porto": "São Francisco do Sul  ", "classe": "Porto organizado", "tipo": "Porto Organizado", "estado": "SC", "cidade": "São Francisco do Sul", "fonte": "OSM (área portuária mapeada)", "osm_id": "way/164981768", "osm_nome": "Porto de São Francisco do Sul", "area_km2": 0.23772386301531692 }, "geometry": { "type": "Polygon", "coordinates": [ [ [ -48.6357582, -26.2403994 ], [ -48.6358657, -26.240365900000032 ], [ -48.6360079, -26.2403863 ], [ -48.6362895, -26.2404194 ], [ -48.6367566, -26.2403808 ], [ -48.6369657, -26.240250900000014 ], [ -48.63730360000001, -26.240243700000011 ], [ -48.6374001, -26.2400994 ], [ -48.6376414, -26.2400561 ], [ -48.6384246, -26.239266600000015 ], [ -48.6385345, -26.2390175 ], [ -48.638611, -26.238873200000018 ], [ -48.6386217, -26.238850300000021 ], [ -48.6386204, -26.238816700000022 ], [ -48.6385989, -26.238784200000012 ], [ -48.6382339, -26.2385296 ], [ -48.6380232, -26.23835870000002 ], [ -48.6398049, -26.236591300000015 ], [ -48.6393675, -26.236258900000013 ], [ -48.6379723, -26.237707700000019 ], [ -48.6376321, -26.238042900000028 ], [ -48.6368126, -26.238924399999974 ], [ -48.6366123, -26.238677300000024 ], [ -48.6365427, -26.2386213 ], [ -48.6360291, -26.23819550000001 ], [ -48.635855, -26.238062400000025 ], [ -48.635383, -26.238535199999966 ], [ -48.6353655, -26.238549 ], [ -48.6353541, -26.238552599999988 ], [ -48.6352213, -26.2385334 ], [ -48.6352123, -26.2385298 ], [ -48.6352016, -26.23851980000002 ], [ -48.6346748, -26.237428500000021 ], [ -48.6346668, -26.237390599999962 ], [ -48.6347017, -26.237203500000025 ], [ -48.6347385, -26.2371535 ], [ -48.6359416, -26.235932500000022 ], [ -48.6371378, -26.2346883 ], [ -48.637579700000011, -26.234302 ], [ -48.6377272, -26.234184099999986 ], [ -48.6375902, -26.2340794 ], [ -48.6386348, -26.2330949 ], [ -48.6384927, -26.232968599999971 ], [ -48.6374377, -26.233956600000017 ], [ -48.6372712, -26.233747500000014 ], [ -48.6371371, -26.233428699999987 ], [ -48.6371257, -26.2334118 ], [ -48.6370707, -26.2333703 ], [ -48.6355385, -26.2321451 ], [ -48.6354999, -26.232387 ], [ -48.635517, -26.2327237 ], [ -48.6355511, -26.232999299999964 ], [ -48.6357844, -26.233223800000019 ], [ -48.6364673, -26.234088 ], [ -48.6363929, -26.234255799999982 ], [ -48.6358346, -26.233837799999989 ], [ -48.6355494, -26.2341767 ], [ -48.6354137, -26.234337900000014 ], [ -48.634788, -26.2343175 ], [ -48.6345972, -26.234521800000014 ], [ -48.6337402, -26.2353933 ], [ -48.6336688, -26.2354732 ], [ -48.6336261, -26.2355318 ], [ -48.6336048, -26.2355777 ], [ -48.633476, -26.235894399999989 ], [ -48.63346, -26.236165 ], [ -48.6334663, -26.2364078 ], [ -48.6334782, -26.2364674 ], [ -48.6336419, -26.23729059999998 ], [ -48.6335072, -26.237407 ], [ -48.6333849, -26.237606 ], [ -48.6333375, -26.2377647 ], [ -48.6333412, -26.2380265 ], [ -48.6333953, -26.23823320000001 ], [ -48.6334812, -26.238308400000015 ], [ -48.6336619, -26.238458899999973 ], [ -48.6335204, -26.238592900000022 ], [ -48.6345825, -26.2409033 ], [ -48.6350831, -26.241444199999986 ], [ -48.6352736, -26.241668700000023 ], [ -48.6353675, -26.2418625 ], [ -48.6354084, -26.241932399999989 ], [ -48.6354757, -26.241932399999971 ], [ -48.635541, -26.2415054 ], [ -48.635537, -26.241167900000015 ], [ -48.6355249, -26.240929699999985 ], [ -48.635545, -26.2407927 ], [ -48.6356013, -26.2406195 ], [ -48.6356737, -26.2404896 ], [ -48.6357582, -26.2403994 ] ] ] } },
{ "type": "Feature", "properties": { "porto": "Suape  ", "classe": "Porto organizado", "tipo": "Porto Organizado", "estado": "PE", "cidade": "Ipojuca", "fonte": "OSM (área portuária mapeada)", "osm_id": "way/288400250", "osm_nome": null, "area_km2": 0.52720978449381761 }, "geometry": { "type": "Polygon", "coordinates": [ [ [ -34.9645201, -8.3932283 ], [ -34.9659489, -8.3967463 ], [ -34.9725499, -8.3938772 ], [ -34.9744371, -8.3940226 ], [ -34.979976, -8.3951622 ], [ -34.9800986, -8.392430500000016 ], [ -34.9728837, -8.392178799999973 ], [ -34.9698245, -8.3908975 ], [ -34.9671463, -8.3920695 ], [ -34.9645201, -8.3932283 ] ] ] } },
{ "type": "Feature", "properties": { "porto": "Vila do Conde ", "classe": "Porto organizado", "tipo": "Porto Organizado", "estado": "PA", "cidade": "Barcarena", "fonte": "OSM (área portuária mapeada)", "osm_id": "way/1560210385", "osm_nome": "Porto de Vila do Conde", "area_km2": 1.1890688594494916 }, "geometry": { "type": "Polygon", "coordinates": [ [ [ -48.751633, -1.5422349 ], [ -48.7516206, -1.542548 ], [ -48.7512384, -1.542512600000016 ], [ -48.7511269, -1.54253210000001 ], [ -48.7510172, -1.5426081 ], [ -48.7509839, -1.5426839 ], [ -48.7509235, -1.542659800000038 ], [ -48.7507933, -1.542961900000023 ], [ -48.7506401, -1.543254300000029 ], [ -48.7504899, -1.543635 ], [ -48.7502699, -1.5442034 ], [ -48.7500633, -1.544823700000016 ], [ -48.7499779, -1.545083799999987 ], [ -48.7500186, -1.545961600000013 ], [ -48.7499813, -1.5462957 ], [ -48.7500303, -1.546585099999982 ], [ -48.7504249, -1.547322700000012 ], [ -48.7508032, -1.5478479 ], [ -48.744568, -1.551564900000016 ], [ -48.7360278, -1.537987800000039 ], [ -48.7364948, -1.5377917 ], [ -48.7369535, -1.5375483 ], [ -48.7370385, -1.537329 ], [ -48.73696060000001, -1.5370672 ], [ -48.7366137, -1.53660019999997 ], [ -48.7364793, -1.536267600000025 ], [ -48.7364722, -1.53582890000002 ], [ -48.7366562, -1.5355105 ], [ -48.7369323, -1.535291100000014 ], [ -48.7383055, -1.536303 ], [ -48.7387443, -1.536564799999954 ], [ -48.7387373, -1.53690440000004 ], [ -48.7385603, -1.537215799999979 ], [ -48.7383267, -1.537378499999986 ], [ -48.7382772, -1.5376969 ], [ -48.7383648, -1.538257 ], [ -48.7389963, -1.5389405 ], [ -48.739288, -1.5393673 ], [ -48.7399254, -1.539863299999976 ], [ -48.7404625, -1.540221399999985 ], [ -48.7408508, -1.540474 ], [ -48.7421386, -1.5408066 ], [ -48.7422434, -1.540726500000034 ], [ -48.7429582, -1.5409606 ], [ -48.7435128, -1.5410653 ], [ -48.7438209, -1.5409975 ], [ -48.7444741, -1.5410407 ], [ -48.7461625, -1.5412994 ], [ -48.7468958, -1.541336300000016 ], [ -48.7474812, -1.5414719 ], [ -48.7488245, -1.5416259 ], [ -48.7495948, -1.541730600000054 ], [ -48.7496071, -1.5420509 ], [ -48.7501494, -1.542026199999975 ], [ -48.7506916, -1.5417429 ], [ -48.751191, -1.5414472 ], [ -48.7512635, -1.541518099999981 ], [ -48.7513308, -1.5416157 ], [ -48.751437, -1.5417331 ], [ -48.7509113, -1.542175499999983 ], [ -48.751633, -1.5422349 ] ] ] } },
{ "type": "Feature", "properties": { "porto": "Vitória  ", "classe": "Porto organizado", "tipo": "Porto Organizado", "estado": "ES", "cidade": "Vitória", "fonte": "OSM (área portuária mapeada)", "osm_id": "way/209291304", "osm_nome": null, "area_km2": 0.045464370102747731 }, "geometry": { "type": "Polygon", "coordinates": [ [ [ -40.3376421, -20.326337900000013 ], [ -40.3376113, -20.3262678 ], [ -40.3375857, -20.326221400000026 ], [ -40.337565, -20.32617790000003 ], [ -40.337451, -20.32594359999997 ], [ -40.3374353, -20.3259104 ], [ -40.3370903, -20.325557900000014 ], [ -40.3370876, -20.3255151 ], [ -40.3370836, -20.325450899999986 ], [ -40.3371714, -20.3252645 ], [ -40.337239, -20.3251925 ], [ -40.33724, -20.3252819 ], [ -40.3384073, -20.3253218 ], [ -40.3394009, -20.3253457 ], [ -40.3397388, -20.3253532 ], [ -40.3397289, -20.3257012 ], [ -40.3397913, -20.3257201 ], [ -40.3397823, -20.325746 ], [ -40.3397794, -20.3257546 ], [ -40.3398104, -20.3257664 ], [ -40.3398305, -20.325774 ], [ -40.3399249, -20.3258134 ], [ -40.3399853, -20.3258211 ], [ -40.3402989, -20.325818799999976 ], [ -40.340322, -20.325817599999983 ], [ -40.340345, -20.325821 ], [ -40.340366600000017, -20.3258289 ], [ -40.3403847, -20.32584 ], [ -40.3404001, -20.3258542 ], [ -40.3404122, -20.325871 ], [ -40.3403525, -20.325935200000014 ], [ -40.3402677, -20.325975299999971 ], [ -40.3401853, -20.3260198 ], [ -40.3401057, -20.326068500000019 ], [ -40.3400171, -20.32613 ], [ -40.3399327, -20.3261967 ], [ -40.3398298, -20.3262876 ], [ -40.3397329, -20.32638410000003 ], [ -40.3394352, -20.326682200000018 ], [ -40.3393553, -20.3267737 ], [ -40.3392796, -20.326868300000022 ], [ -40.3392226, -20.3269454 ], [ -40.3391683, -20.3270242 ], [ -40.3390275, -20.3272569 ], [ -40.3378946, -20.3269973 ], [ -40.3376381, -20.326355199999984 ], [ -40.3376421, -20.326337900000013 ] ] ] } },
{ "type": "Feature", "properties": { "porto": "Barra do Riacho", "classe": "Porto organizado", "tipo": "Porto Organizado", "estado": "ES", "cidade": "Aracruz", "fonte": "OSM (área portuária mapeada)", "osm_id": "way/188217832", "osm_nome": "Portocel", "area_km2": 0.74795102571573557 }, "geometry": { "type": "Polygon", "coordinates": [ [ [ -40.062547400000014, -19.83740310000001 ], [ -40.0633496, -19.837367199999974 ], [ -40.0641899, -19.8372953 ], [ -40.0654601, -19.8370887 ], [ -40.0660712, -19.8373403 ], [ -40.0646388, -19.8338458 ], [ -40.064209, -19.8330373 ], [ -40.0622896, -19.8330823 ], [ -40.0615638, -19.832300700000015 ], [ -40.0612295, -19.8325163 ], [ -40.0606268, -19.8331075 ], [ -40.0603319, -19.833396700000012 ], [ -40.0586034, -19.8361096 ], [ -40.0575625, -19.8377984 ], [ -40.056662, -19.8379499 ], [ -40.0563857, -19.8379398 ], [ -40.0561336, -19.83795490000001 ], [ -40.0559351, -19.8379625 ], [ -40.0557527, -19.837982700000016 ], [ -40.05559980000001, -19.838018 ], [ -40.0553986, -19.838086099999988 ], [ -40.0552404, -19.838169400000019 ], [ -40.055058, -19.838290499999985 ], [ -40.0549239, -19.83840150000001 ], [ -40.0547764, -19.8385529 ], [ -40.0546744, -19.8386765 ], [ -40.0545672, -19.838843 ], [ -40.0544867, -19.8390146 ], [ -40.0544384, -19.839153400000011 ], [ -40.0543982, -19.839322400000015 ], [ -40.0543821, -19.8394486 ], [ -40.0543848, -19.8426956 ], [ -40.0543982, -19.842995899999988 ], [ -40.0544062, -19.843293600000031 ], [ -40.0543757, -19.8436868 ], [ -40.0543821, -19.8437704 ], [ -40.0543955, -19.8438322 ], [ -40.0544263, -19.843885199999971 ], [ -40.0544934, -19.843921799999976 ], [ -40.054568, -19.843926800000034 ], [ -40.0546221, -19.8439079 ], [ -40.0546771, -19.8438537 ], [ -40.0546871, -19.8437927 ], [ -40.054653, -19.84332389999998 ], [ -40.0547288, -19.8432377 ], [ -40.0555661, -19.843231500000012 ], [ -40.0557368, -19.8433377 ], [ -40.0591162, -19.8380048 ], [ -40.0592101, -19.8380748 ], [ -40.0594273, -19.838102500000019 ], [ -40.0596674, -19.8382287 ], [ -40.0597358, -19.838241300000018 ], [ -40.0597988, -19.8382211 ], [ -40.0598525, -19.838175699999987 ], [ -40.0605863, -19.837007400000036 ], [ -40.0606558, -19.836967200000011 ], [ -40.0607242, -19.836952 ], [ -40.0608065, -19.8369552 ], [ -40.061669400000014, -19.83743740000002 ], [ -40.0617048, -19.8374897 ], [ -40.0617246, -19.837546199999981 ], [ -40.06172620000001, -19.8375745 ], [ -40.0617287, -19.837620600000026 ], [ -40.0617041, -19.837681199999988 ], [ -40.0604448, -19.8396104 ], [ -40.0600168, -19.8403395 ], [ -40.060181, -19.840378299999983 ], [ -40.0602883, -19.840425 ], [ -40.0603446, -19.84048169999998 ], [ -40.0603795, -19.840515799999988 ], [ -40.0604452, -19.8406003 ], [ -40.0605713, -19.8406596 ], [ -40.0607416, -19.8407529 ], [ -40.060861, -19.840805899999978 ], [ -40.061034, -19.840853900000027 ], [ -40.0611278, -19.840893 ], [ -40.0611815, -19.8409132 ], [ -40.0613692, -19.8410822 ], [ -40.061557, -19.841308 ], [ -40.0616375, -19.841408900000019 ], [ -40.0617367, -19.841583 ], [ -40.0619325, -19.841966500000023 ], [ -40.0619499, -19.842046 ], [ -40.0619741, -19.842128 ], [ -40.0620103, -19.8422037 ], [ -40.0621001, -19.8423084 ], [ -40.0621887, -19.842423199999967 ], [ -40.0622624, -19.8425493 ], [ -40.0625015, -19.842469299999962 ], [ -40.0644852, -19.841801599999982 ], [ -40.067241, -19.840797400000032 ], [ -40.0663965, -19.838646900000025 ], [ -40.0662254, -19.838700500000023 ], [ -40.0661489, -19.838496099999983 ], [ -40.0659256, -19.838571800000022 ], [ -40.0656447, -19.838662400000011 ], [ -40.0654931, -19.838270300000019 ], [ -40.0655263, -19.838215800000015 ], [ -40.0633496, -19.838369 ], [ -40.0618051, -19.838418900000011 ], [ -40.0623278, -19.837654699999987 ], [ -40.062547400000014, -19.83740310000001 ] ] ] } },
{ "type": "Feature", "properties": { "porto": "Terminal Trombetas", "classe": "Terminal privado (TUP)", "tipo": "Terminal de uso privado", "estado": null, "cidade": null, "fonte": "envelope estimado (1000 m)", "osm_id": null, "osm_nome": null, "area_km2": 3.136548490546164 }, "geometry": { "type": "Polygon", "coordinates": [ [ [ -56.371465827371239, -1.460056312259808 ], [ -56.371487553665887, -1.460960880544639 ], [ -56.371593928226112, -1.461858860452286 ], [ -56.371783928011283, -1.462741603932875 ], [ -56.372055724528209, -1.463600609662035 ], [ -56.372406701390204, -1.464427604914124 ], [ -56.372833479469683, -1.465214625234286 ], [ -56.373331949403671, -1.465954091142055 ], [ -56.373897311140595, -1.466638881127497 ], [ -56.374524120148749, -1.467262400237175 ], [ -56.375206339841981, -1.467818643589149 ], [ -56.37593739971809, -1.468302254205284 ], [ -56.376710258649979, -1.468708574603831 ], [ -56.37751747271939, -1.469033691655299 ], [ -56.378351266939084, -1.469274474269797 ], [ -56.379203610171608, -1.469428603552169 ], [ -56.380066292521235, -1.469494595135761 ], [ -56.38093100445225, -1.469471813477863 ], [ -56.381789416869374, -1.469360477980945 ], [ -56.382633261387113, -1.469161660879442 ], [ -56.383454410012845, -1.468877276913217 ], [ -56.384244953474116, -1.46851006488641 ], [ -56.384997277433911, -1.468063561290424 ], [ -56.385704135858241, -1.467542066243681 ], [ -56.38635872082795, -1.466950602077793 ], [ -56.386954728121374, -1.466294864967618 ], [ -56.387486417935555, -1.465581170071927 ], [ -56.387948670160817, -1.464816390713282 ], [ -56.388337033676656, -1.464007892181866 ], [ -56.388647769194556, -1.46316346080221 ], [ -56.388877885236177, -1.462291228944862 ], [ -56.389025166901583, -1.461399596705874 ], [ -56.389088197152191, -1.46049715100843 ], [ -56.389066370405168, -1.459592582905272 ], [ -56.388959898310461, -1.458694603878809 ], [ -56.388769807656907, -1.457811861945168 ], [ -56.388497930429736, -1.456952858369223 ], [ -56.388146886117269, -1.456125865793851 ], [ -56.387720056439164, -1.455338848571011 ], [ -56.387221552741316, -1.454599386062255 ], [ -56.386656176372817, -1.453914599646814 ], [ -56.386029372427672, -1.453291084140963 ], [ -56.385347177297447, -1.452734844288151 ], [ -56.384616160540396, -1.452251236931976 ], [ -56.383843361626589, -1.451844919428975 ], [ -56.383036222167839, -1.451519804797314 ], [ -56.382202514284089, -1.451279024033975 ], [ -56.381350265795, -1.451124895962875 ], [ -56.380487682955334, -1.451058904904253 ], [ -56.379623071476693, -1.451081686380496 ], [ -56.378764756594059, -1.451193020996195 ], [ -56.377921002944689, -1.451391836550767 ], [ -56.3770999350292, -1.451676218363778 ], [ -56.376309459018408, -1.452043427713867 ], [ -56.37555718665724, -1.452489928212497 ], [ -56.374850361996771, -1.45301141986026 ], [ -56.374195791658629, -1.453602880456115 ], [ -56.373599779302204, -1.454258613962529 ], [ -56.373068064925015, -1.454972305359075 ], [ -56.372605769580687, -1.455737081457761 ], [ -56.372217346046767, -1.456545577093614 ], [ -56.371906535918221, -1.45739000605343 ], [ -56.371676333540641, -1.458262236059618 ], [ -56.371528957131808, -1.459153867087334 ], [ -56.371465827371239, -1.460056312259808 ] ] ] } },
{ "type": "Feature", "properties": { "porto": "Terminal de Tubarão", "classe": "Terminal privado (TUP)", "tipo": "Terminal de uso privado", "estado": null, "cidade": null, "fonte": "envelope estimado (1000 m)", "osm_id": null, "osm_nome": null, "area_km2": 3.1365484905459056 }, "geometry": { "type": "Polygon", "coordinates": [ [ [ -40.238912251067894, -20.286937680418145 ], [ -40.238831936984987, -20.287778338910634 ], [ -40.238848467663907, -20.288621673144945 ], [ -40.238961685791452, -20.289459561329529 ], [ -40.239170502852943, -20.290283933993656 ], [ -40.239472909544546, -20.29108685170652 ], [ -40.239865995057897, -20.291860581548661 ], [ -40.240345975053884, -20.292597671599058 ], [ -40.240908228058295, -20.293291022719544 ], [ -40.241547339930918, -20.293933956944773 ], [ -40.242257155981079, -20.2945202818184 ], [ -40.243030840228997, -20.295044350054713 ], [ -40.243860941242346, -20.295501113950412 ], [ -40.244739463914193, -20.295886174021163 ], [ -40.245657946490184, -20.296195821394182 ], [ -40.24660754210224, -20.296427073547228 ], [ -40.247579104021654, -20.296577703049064 ], [ -40.248563273808792, -20.296646259024328 ], [ -40.249550571507861, -20.29663208113503 ], [ -40.250531487015699, -20.296535305944069 ], [ -40.251496571741789, -20.296356865599265 ], [ -40.252436529673957, -20.296098478850414 ], [ -40.253342306970154, -20.295762634486429 ], [ -40.254205179210807, -20.295352567352175 ], [ -40.255016835469341, -20.294872227176686 ], [ -40.255769458389111, -20.294326240513552 ], [ -40.256455799494368, -20.293719866161211 ], [ -40.257069249008772, -20.293058944492756 ], [ -40.257603899508673, -20.292349841184798 ], [ -40.258054602798254, -20.29159938588791 ], [ -40.2584170194595, -20.290814806430376 ], [ -40.258687660600806, -20.290003659189733 ], [ -40.258863921403886, -20.289173756303484 ], [ -40.258944106148022, -20.28833309042075 ], [ -40.258927444472739, -20.287489757719641 ], [ -40.258814098725381, -20.286651879932819 ], [ -40.258605162324962, -20.285827526131424 ], [ -40.258302649161472, -20.285024635021351 ], [ -40.257909474134905, -20.284250938499731 ], [ -40.257429425024327, -20.283513887207143 ], [ -40.256867125959978, -20.28282057879229 ], [ -40.256227992852139, -20.282177689579381 ], [ -40.255518181207528, -20.281591410294883 ], [ -40.254744526836639, -20.281067386472607 ], [ -40.253914480023617, -20.280610664109084 ], [ -40.253036033792547, -20.280225641092521 ], [ -40.252117646960158, -20.279916024871746 ], [ -40.251168162715196, -20.279684796771889 ], [ -40.250196723506576, -20.279534183299759 ], [ -40.249212683058218, -20.279465634714747 ], [ -40.248225516355504, -20.279479811070814 ], [ -40.247244728467486, -20.27957657586402 ], [ -40.246279763080317, -20.2797549973461 ], [ -40.245339911620043, -20.280013357492166 ], [ -40.244434223837061, -20.280349168535572 ], [ -40.243571420710985, -20.280759196912019 ], [ -40.242759810512396, -20.281239494381897 ], [ -40.24200720882785, -20.281785436032752 ], [ -40.241320863317029, -20.282391764795946 ], [ -40.240707383925596, -20.283052642050333 ], [ -40.24017267922536, -20.283761703826134 ], [ -40.239721899495002, -20.28451212206884 ], [ -40.239359387090154, -20.285296670374112 ], [ -40.239088634581762, -20.286107793561595 ], [ -40.238912251067894, -20.286937680418145 ] ] ] } },
{ "type": "Feature", "properties": { "porto": "Terminal da Ilha Guaíba - TIG", "classe": "Terminal privado (TUP)", "tipo": "Terminal de uso privado", "estado": null, "cidade": null, "fonte": "OSM (área portuária mapeada)", "osm_id": "way/243106052", "osm_nome": "Terminal da Ilha Guaíba", "area_km2": 0.53457173455503049 }, "geometry": { "type": "Polygon", "coordinates": [ [ [ -44.0315513, -23.0003001 ], [ -44.031703, -23.0013445 ], [ -44.033076, -23.002613200000027 ], [ -44.0337582, -23.002836700000024 ], [ -44.0343765, -23.0033815 ], [ -44.0348132, -23.0037723 ], [ -44.0349666, -23.0040715 ], [ -44.0348871, -23.004251400000022 ], [ -44.0349633, -23.0044304 ], [ -44.035936, -23.005343099999976 ], [ -44.0374507, -23.006556900000014 ], [ -44.0377308, -23.0066609 ], [ -44.038727, -23.007752600000011 ], [ -44.0386236, -23.008020100000021 ], [ -44.0387208, -23.008616399999983 ], [ -44.0386928, -23.009561499999972 ], [ -44.038663, -23.009972399999977 ], [ -44.0383952, -23.010273800000014 ], [ -44.0378717, -23.011071499999989 ], [ -44.0369219, -23.0106525 ], [ -44.0361992, -23.010543100000021 ], [ -44.0359242, -23.0104122 ], [ -44.0356426, -23.010253 ], [ -44.0354575, -23.010111 ], [ -44.0353797, -23.010032 ], [ -44.0353087, -23.009948100000024 ], [ -44.0352282, -23.0098642 ], [ -44.0351424, -23.009790100000036 ], [ -44.0346743, -23.009392600000027 ], [ -44.0341339, -23.009011199999978 ], [ -44.0339971, -23.0089618 ], [ -44.0338898, -23.008964300000027 ], [ -44.0336162, -23.009060600000019 ], [ -44.0334043, -23.009151900000017 ], [ -44.0333158, -23.0091531 ], [ -44.0332192, -23.0091371 ], [ -44.0330677, -23.009088900000034 ], [ -44.0329698, -23.0090408 ], [ -44.0333653, -23.0080685 ], [ -44.0323165, -23.00702660000001 ], [ -44.0317433, -23.0065618 ], [ -44.0313131, -23.006195400000021 ], [ -44.0307529, -23.0061202 ], [ -44.0307878, -23.006097900000018 ], [ -44.0308146, -23.0060609 ], [ -44.0308562, -23.005935 ], [ -44.0308468, -23.005896700000026 ], [ -44.03082, -23.005867099999975 ], [ -44.0307409, -23.005817699999977 ], [ -44.0307221, -23.005798 ], [ -44.0307154, -23.0057646 ], [ -44.0307422, -23.005672100000027 ], [ -44.0307435, -23.005637500000013 ], [ -44.0307167, -23.00559429999997 ], [ -44.0304376, -23.0053198 ], [ -44.0302379, -23.005116600000036 ], [ -44.0300301, -23.004867200000028 ], [ -44.029876, -23.0046503 ], [ -44.0297511, -23.004362300000015 ], [ -44.029687, -23.004172699999973 ], [ -44.0296358, -23.003987 ], [ -44.0295768, -23.0036932 ], [ -44.0295339, -23.003256200000031 ], [ -44.0292662, -23.000284899999986 ], [ -44.0304291, -23.0000571 ], [ -44.0304733, -23.0000589 ], [ -44.0307147, -23.000046600000033 ], [ -44.0308709, -23.0000225 ], [ -44.030946, -23.000017 ], [ -44.0310426, -23.00001330000001 ], [ -44.0311284, -22.999994699999984 ], [ -44.0311888, -22.9999626 ], [ -44.0312532, -22.999907100000019 ], [ -44.0314704, -22.9997392 ], [ -44.0315013, -22.999719399999989 ], [ -44.0315308, -22.9997219 ], [ -44.0315589, -22.999736700000014 ], [ -44.0316421, -22.999817 ], [ -44.031681, -22.9998367 ], [ -44.0317319, -22.999847799999984 ], [ -44.0317842, -22.9998404 ], [ -44.0320404, -22.9997997 ], [ -44.03214770000001, -22.9998022 ], [ -44.0322509, -22.9998343 ], [ -44.0319128, -22.9999549 ], [ -44.0315513, -23.0003001 ] ] ] } },
{ "type": "Feature", "properties": { "porto": "Terminal Fluvial Caulim", "classe": "Terminal privado (TUP)", "tipo": "Terminal de uso privado", "estado": null, "cidade": null, "fonte": "envelope estimado (1000 m)", "osm_id": null, "osm_nome": null, "area_km2": 3.1365484905461565 }, "geometry": { "type": "Polygon", "coordinates": [ [ [ -52.532583284200442, -0.857851057129875 ], [ -52.532583082825219, -0.858759157004208 ], [ -52.532667341261885, -0.859662899984048 ], [ -52.532835249465542, -0.86055358252467 ], [ -52.533085191716694, -0.861422626854804 ], [ -52.533414762130377, -0.862261663585424 ], [ -52.533820787780314, -0.863062612312564 ], [ -52.534299359216718, -0.863817759436625 ], [ -52.534845868085782, -0.864519832449446 ], [ -52.535455051489457, -0.865162069974018 ], [ -52.536121042659211, -0.86573828688081 ], [ -52.536837427456199, -0.866242933855746 ], [ -52.537597306153664, -0.86667115084397 ], [ -52.538393359906195, -0.867018813855971 ], [ -52.539217921264886, -0.867282574684948 ], [ -52.540063048058116, -0.867459893152624 ], [ -52.540920599924924, -0.867549061573418 ], [ -52.541782316762202, -0.867549221200487 ], [ -52.542639898328133, -0.867460370496662 ], [ -52.543485084233389, -0.867283365148745 ], [ -52.544309733547344, -0.867019909826909 ], [ -52.545105903250743, -0.866672541767156 ], [ -52.545865924777324, -0.866244606335767 ], [ -52.546582477905282, -0.865740224810697 ], [ -52.547248661285835, -0.865164254690263 ], [ -52.547858058928036, -0.864522242912017 ], [ -52.548404801999105, -0.863820372431285 ], [ -52.548883625344509, -0.86306540267463 ], [ -52.54928991818349, -0.8622646044421 ], [ -52.549619768492256, -0.861425689883941 ], [ -52.549870000648255, -0.860556738227592 ], [ -52.550038205974033, -0.859666117969562 ], [ -52.550122765888247, -0.858762406281264 ], [ -52.550122867442411, -0.85785430640618 ], [ -52.550038511095877, -0.856950563842279 ], [ -52.549870510656142, -0.856059882118286 ], [ -52.549620485387322, -0.855190838974189 ], [ -52.54929084436467, -0.85435180375325 ], [ -52.548884763227946, -0.853550856801521 ], [ -52.548406153559256, -0.852795711650439 ], [ -52.547859625181658, -0.852093640732193 ], [ -52.547250441742882, -0.851451405343534 ], [ -52.546584470012832, -0.850875190531593 ], [ -52.545868123383286, -0.850370545530193 ], [ -52.545108300114251, -0.849942330318232 ], [ -52.544312316921058, -0.849594668817025 ], [ -52.543487838541047, -0.849330909175282 ], [ -52.542642803957023, -0.849153591525606 ], [ -52.541785349986391, -0.849064423522242 ], [ -52.540923732970178, -0.84906426389594 ], [ -52.540066249314123, -0.849153114183809 ], [ -52.539221155644931, -0.849330118715097 ], [ -52.538396589348658, -0.849593572850981 ], [ -52.537600490254214, -0.84994093940095 ], [ -52.536840524214433, -0.850368873056912 ], [ -52.536124009318755, -0.850873252609071 ], [ -52.535457845446743, -0.851449220634879 ], [ -52.534848447839636, -0.852091230277313 ], [ -52.534301685328863, -0.85279309866311 ], [ -52.533822823816017, -0.853548066446229 ], [ -52.533416475548599, -0.854348862902496 ], [ -52.533086554680494, -0.85518777594986 ], [ -52.532836239545823, -0.856056726418975 ], [ -52.532667942010832, -0.85694734585904 ], [ -52.532583284200442, -0.857851057129875 ] ] ] } },
{ "type": "Feature", "properties": { "porto": "Porto Jari - Terminal Munguba", "classe": "Terminal privado (TUP)", "tipo": "Terminal de uso privado", "estado": null, "cidade": null, "fonte": "envelope estimado (1000 m)", "osm_id": null, "osm_nome": null, "area_km2": 3.1365484905461565 }, "geometry": { "type": "Polygon", "coordinates": [ [ [ -52.414897344820758, -0.917465039136927 ], [ -52.414896473347234, -0.918372813488197 ], [ -52.414980096436025, -0.919276301681351 ], [ -52.415147410162483, -0.920166802625047 ], [ -52.415396804534062, -0.921035740296132 ], [ -52.415725878944357, -0.921874746331661 ], [ -52.416131465246181, -0.922675740621798 ], [ -52.416609658223372, -0.92343100912639 ], [ -52.417155853169376, -0.924133278166477 ], [ -52.417764790211805, -0.924775784474969 ], [ -52.418430604956946, -0.925352340331855 ], [ -52.419146884967006, -0.925857393156641 ], [ -52.419906731526041, -0.926286078983941 ], [ -52.420702826099408, -0.926634269307294 ], [ -52.421527500845905, -0.926898610839995 ], [ -52.422372812502282, -0.927076557810189 ], [ -52.423230618927107, -0.927166396478478 ], [ -52.424092657565105, -0.927167261642895 ], [ -52.424950625074288, -0.927079144971273 ], [ -52.425796257346995, -0.926902895081794 ], [ -52.426621409151977, -0.926640209369883 ], [ -52.427418132628603, -0.926293617660915 ], [ -52.428178753875102, -0.925866457845916 ], [ -52.428895946891622, -0.925362843734914 ], [ -52.429562804164384, -0.924787625437695 ], [ -52.430172903210106, -0.924146342653294 ], [ -52.430720368438891, -0.923445171318539 ], [ -52.431199927739421, -0.922690864128987 ], [ -52.431606963241641, -0.921890685505686 ], [ -52.431937555768251, -0.921052341633498 ], [ -52.432188522547889, -0.920183906245482 ], [ -52.432357447827954, -0.919293742867273 ], [ -52.432442706093667, -0.91839042427131 ], [ -52.432443477671654, -0.91748264991569 ], [ -52.432359756569639, -0.916579162163522 ], [ -52.432192350478871, -0.915688662089305 ], [ -52.431942872941399, -0.914819725682758 ], [ -52.431613727759647, -0.913980721258166 ], [ -52.431208085800527, -0.913179728863457 ], [ -52.430729854419042, -0.912424462466043 ], [ -52.430183639797626, -0.911722195663791 ], [ -52.429574702564786, -0.911079691637875 ], [ -52.428908907121546, -0.910503138020471 ], [ -52.428192665163941, -0.909998087306176 ], [ -52.42743287394557, -0.909569403379173 ], [ -52.42663684987437, -0.90922121467296 ], [ -52.425812258082182, -0.908956874411931 ], [ -52.424967038644382, -0.908778928319288 ], [ -52.424109330158487, -0.908689090100572 ], [ -52.423247391416027, -0.90868822494054 ], [ -52.42238952192006, -0.90877634117109 ], [ -52.42154398201167, -0.908952590191125 ], [ -52.420718913372582, -0.909215274638532 ], [ -52.419922260667413, -0.909561864736528 ], [ -52.419161695078216, -0.909989022656066 ], [ -52.418444540465984, -0.910492634659923 ], [ -52.417777702868626, -0.911067850719307 ], [ -52.417167604013315, -0.911709131221132 ], [ -52.416620119482644, -0.912410300316371 ], [ -52.416140522129652, -0.913164605395448 ], [ -52.415733431286775, -0.913964782118437 ], [ -52.415402768257991, -0.914803124373535 ], [ -52.415151718524037, -0.915671558489811 ], [ -52.414982701025394, -0.916561720990503 ], [ -52.414897344820758, -0.917465039136927 ] ] ] } },
{ "type": "Feature", "properties": { "porto": "Itaituba Indústria de Cimentos", "classe": "Terminal privado (TUP)", "tipo": "Terminal de uso privado", "estado": null, "cidade": null, "fonte": "envelope estimado (1000 m)", "osm_id": null, "osm_nome": null, "area_km2": 3.136548490546164 }, "geometry": { "type": "Polygon", "coordinates": [ [ [ -63.909924319597643, -8.70384075815053 ], [ -63.909992219403875, -8.704710480154327 ], [ -63.910148469727474, -8.705569612879501 ], [ -63.910391567291406, -8.706409882310011 ], [ -63.910719172297938, -8.707223196042301 ], [ -63.911128130909759, -8.708001721225203 ], [ -63.911614505577923, -8.708737960002194 ], [ -63.912173612926139, -8.709424821728824 ], [ -63.912800068828268, -8.710055691269561 ], [ -63.913487840245629, -8.710624492715931 ], [ -63.91423030332561, -8.711125747912142 ], [ -63.915020307202099, -8.711554629223549 ], [ -63.915850242883067, -8.711907006040061 ], [ -63.916712116560873, -8.712179484565722 ], [ -63.917597626638312, -8.712369440511049 ], [ -63.918498243726816, -8.712475044372974 ], [ -63.919405292844544, -8.712495279058857 ], [ -63.920310037020663, -8.712429949684029 ], [ -63.921203761498404, -8.712279685449522 ], [ -63.922077857723409, -8.71204593358064 ], [ -63.922923906306522, -8.711730945385554 ], [ -63.923733758159479, -8.711337754568353 ], [ -63.924499613020437, -8.710870148005196 ], [ -63.925214094611029, -8.710332629265634 ], [ -63.925870321700074, -8.70973037523078 ], [ -63.926461974388197, -8.70906918622606 ], [ -63.926983354974858, -8.708355430150023 ], [ -63.927429442821065, -8.707595981136713 ], [ -63.927795942680113, -8.706798153343657 ], [ -63.928079326031479, -8.705969630503033 ], [ -63.928276865021203, -8.705118391914706 ], [ -63.928386658683245, -8.704252635594782 ], [ -63.928407651191414, -8.703380699319435 ], [ -63.928339641968094, -8.702510980324913 ], [ -63.928183287554795, -8.701651854436964 ], [ -63.927940095228671, -8.700811595408988 ], [ -63.927612408429127, -8.699998295244756 ], [ -63.92720338413671, -8.699219786273991 ], [ -63.926716962424443, -8.6984835657302 ], [ -63.926157828476484, -8.697796723557179 ], [ -63.925531367441209, -8.697165874138976 ], [ -63.924843612554533, -8.696597092610791 ], [ -63.924101187033841, -8.696095856362989 ], [ -63.923311240301828, -8.69566699230203 ], [ -63.922481379154519, -8.695314630375005 ], [ -63.921619594535258, -8.695042163805814 ], [ -63.920734184618752, -8.694852216424355 ], [ -63.919833674944499, -8.694746617404613 ], [ -63.918926736366416, -8.694726383653197 ], [ -63.918022101607384, -8.694791710018785 ], [ -63.917128481219336, -8.694941967416023 ], [ -63.91625447975651, -8.695175708882397 ], [ -63.91540851296643, -8.695490683509389 ], [ -63.914598726794068, -8.695883858114495 ], [ -63.913832918977228, -8.696351446444417 ], [ -63.913118463986358, -8.696888945630372 ], [ -63.912462242030472, -8.697491179542672 ], [ -63.911870572811637, -8.69815234862919 ], [ -63.9113491546657, -8.698866085756856 ], [ -63.91090300967501, -8.699625517519735 ], [ -63.910536435282317, -8.700423330423234 ], [ -63.910252962872406, -8.701251841307478 ], [ -63.910055323721735, -8.702103071331907 ], [ -63.909945422645457, -8.70296882280962 ], [ -63.909924319597643, -8.70384075815053 ] ] ] } },
{ "type": "Feature", "properties": { "porto": "Terminal Marítimo Ponta Ubu", "classe": "Terminal privado (TUP)", "tipo": "Terminal de uso privado", "estado": null, "cidade": null, "fonte": "OSM (área portuária mapeada)", "osm_id": "way/279675068", "osm_nome": "Porto de Ubu", "area_km2": 0.062405681886218277 }, "geometry": { "type": "Polygon", "coordinates": [ [ [ -40.5778205, -20.78835490000003 ], [ -40.5775405, -20.788363700000023 ], [ -40.5772352, -20.7883733 ], [ -40.5771017, -20.788377499999978 ], [ -40.5726761, -20.78835490000003 ], [ -40.5725339, -20.7883624 ], [ -40.5723998, -20.7883725 ], [ -40.5720538, -20.788487799999988 ], [ -40.5718285, -20.7885329 ], [ -40.5715898, -20.7885329 ], [ -40.5714181, -20.7884853 ], [ -40.5712679, -20.788407599999985 ], [ -40.5711767, -20.7883599 ], [ -40.5710346, -20.7883223 ], [ -40.5708441, -20.7882897 ], [ -40.5699295, -20.78828720000001 ], [ -40.5698061, -20.7882697 ], [ -40.5697283, -20.788244600000013 ], [ -40.5696586, -20.788186899999964 ], [ -40.569580800000011, -20.7881016 ], [ -40.5683148, -20.785097499999981 ], [ -40.568642, -20.7849771 ], [ -40.5687466, -20.78520779999997 ], [ -40.5687064, -20.785413500000026 ], [ -40.5696608, -20.787701900000034 ], [ -40.5697203, -20.7878283 ], [ -40.5697954, -20.787911100000017 ], [ -40.5698571, -20.787958699999987 ], [ -40.5699831, -20.7880064 ], [ -40.5700985, -20.788028900000018 ], [ -40.57028720000001, -20.788021400000023 ], [ -40.571215, -20.788004499999978 ], [ -40.5714085, -20.7877787 ], [ -40.5716078, -20.787703900000018 ], [ -40.5717812, -20.787828499999979 ], [ -40.572204, -20.787833299999967 ], [ -40.5722764, -20.7878534 ], [ -40.5723381, -20.787886 ], [ -40.5724454, -20.787973800000014 ], [ -40.572499, -20.7879913 ], [ -40.5725715, -20.787998800000015 ], [ -40.5737089, -20.7879855 ], [ -40.5737921, -20.787986599999972 ], [ -40.5740378, -20.787982899999971 ], [ -40.574133, -20.787984 ], [ -40.5747787, -20.787976399999987 ], [ -40.5750992, -20.7879525 ], [ -40.5753851, -20.7879311 ], [ -40.5754709, -20.7878308 ], [ -40.5754669, -20.787708900000023 ], [ -40.5765957, -20.787709200000023 ], [ -40.5768528, -20.7877534 ], [ -40.5772214, -20.787871199999987 ], [ -40.577739500000014, -20.788021900000015 ], [ -40.5783008, -20.7880676 ], [ -40.5809617, -20.7881304 ], [ -40.5809668, -20.78838 ], [ -40.5809681, -20.788519200000025 ], [ -40.5803069, -20.7883574 ], [ -40.5801368, -20.7883247 ], [ -40.579977, -20.7883273 ], [ -40.5778205, -20.78835490000003 ] ] ] } },
{ "type": "Feature", "properties": { "porto": "Terminal Integrador Portuário Luiz Antonio Mesquita - TIPLAM", "classe": "Terminal privado (TUP)", "tipo": "Terminal de uso privado", "estado": null, "cidade": null, "fonte": "OSM (área portuária mapeada)", "osm_id": "way/618054333", "osm_nome": "Terminal Integrador Portuário Luiz Antonio Mesquita", "area_km2": 0.73285401632438985 }, "geometry": { "type": "Polygon", "coordinates": [ [ [ -46.3720921, -23.8779478 ], [ -46.3720733, -23.8786272 ], [ -46.3718319, -23.880501 ], [ -46.3714832, -23.8809866 ], [ -46.3711399, -23.881202400000038 ], [ -46.3704157, -23.881349599999979 ], [ -46.3673741, -23.881290700000012 ], [ -46.3667947, -23.8809964 ], [ -46.3661832, -23.880525500000012 ], [ -46.3658559, -23.879922200000031 ], [ -46.3656521, -23.879 ], [ -46.3656414, -23.87120040000001 ], [ -46.3655464, -23.870333899999988 ], [ -46.3654563, -23.8695129 ], [ -46.3705391, -23.869925 ], [ -46.3712928, -23.8700108 ], [ -46.3712525, -23.8708082 ], [ -46.3710486, -23.870930800000011 ], [ -46.3709682, -23.871166300000016 ], [ -46.3708984, -23.871249599999988 ], [ -46.3707643, -23.8713281 ], [ -46.3707482, -23.871494899999988 ], [ -46.3708448, -23.8715832 ], [ -46.3709574, -23.871808900000048 ], [ -46.3711345, -23.872167 ], [ -46.371231, -23.8726036 ], [ -46.3711613, -23.8732266 ], [ -46.3710808, -23.873373699999984 ], [ -46.3710146, -23.8734522 ], [ -46.3707712, -23.873798199999985 ], [ -46.3706348, -23.8739922 ], [ -46.3704372, -23.874326399999983 ], [ -46.3704922, -23.8745778 ], [ -46.3718909, -23.8773199 ], [ -46.3720921, -23.8779478 ] ] ] } },
{ "type": "Feature", "properties": { "porto": "Terminal Marítimo Inácio Barbosa - TMIB", "classe": "Terminal privado (TUP)", "tipo": "Terminal de uso privado", "estado": null, "cidade": null, "fonte": "envelope estimado (1000 m)", "osm_id": null, "osm_nome": null, "area_km2": 3.1365484905464203 }, "geometry": { "type": "Polygon", "coordinates": [ [ [ -36.909892559710251, -10.842550698242933 ], [ -36.90979749746802, -10.843410773329659 ], [ -36.909792667749031, -10.844275453789569 ], [ -36.909878118707596, -10.845136412281057 ], [ -36.91005302901759, -10.845985357237451 ], [ -36.91031571572028, -10.846814112721717 ], [ -36.910663650373621, -10.84761469717049 ], [ -36.91109348334966, -10.84837940026819 ], [ -36.911601076048257, -10.849100857211376 ], [ -36.912181540718372, -10.849772119646987 ], [ -36.91282928750509, -10.850386722601359 ], [ -36.91353807826998, -10.85093874675513 ], [ -36.914301086667081, -10.851422875463033 ], [ -36.915110963896034, -10.851834445969617 ], [ -36.915959909498611, -10.852169494326869 ], [ -36.916839746515791, -10.852424793580932 ], [ -36.917742000280583, -10.852597884858827 ], [ -36.918657980085804, -10.85268710105685 ], [ -36.919578862938316, -10.852691582900919 ], [ -36.920495778591111, -10.852611287224816 ], [ -36.921399895031726, -10.852446987385703 ], [ -36.922282503601316, -10.852200265814183 ], [ -36.923135102922423, -10.851873498769208 ], [ -36.923949480824675, -10.851469833445956 ], [ -36.924717793477562, -10.850993157657031 ], [ -36.925432640966406, -10.850448062379359 ], [ -36.92608713858229, -10.849839797527874 ], [ -36.926674983138575, -10.849174221382636 ], [ -36.927190513674617, -10.848457744156621 ], [ -36.92762876596224, -10.847697266248273 ], [ -36.927985520290413, -10.846900111774406 ], [ -36.928257342068846, -10.846073958023171 ], [ -36.928441614860809, -10.845226761508084 ], [ -36.928536565528731, -10.844366681334478 ], [ -36.928541281252492, -10.843502000617642 ], [ -36.928455718258533, -10.84264104670908 ], [ -36.928280702178462, -10.841792110999362 ], [ -36.928017920035664, -10.840963369070087 ], [ -36.927669903939915, -10.840162801963844 ], [ -36.927240006648944, -10.83939811932961 ], [ -36.926732369234486, -10.838676685184492 ], [ -36.926151881165985, -10.838005447005525 ], [ -36.925504133197535, -10.837390868833985 ], [ -36.924795363512999, -10.836838869037035 ], [ -36.924032397648219, -10.836354763323856 ], [ -36.923222582769036, -10.835943213566269 ], [ -36.922373716937663, -10.835608182914807 ], [ -36.921493974047522, -10.835352897643016 ], [ -36.920591825148364, -10.835179816086479 ], [ -36.919675956917452, -10.83509060497534 ], [ -36.918755188060167, -10.835086123388139 ], [ -36.91783838444276, -10.835166414481355 ], [ -36.916934373772243, -10.835330705073808 ], [ -36.916051860642753, -10.835577413090283 ], [ -36.915199342764055, -10.835904162792758 ], [ -36.914385029176735, -10.836307807652567 ], [ -36.913616761239702, -10.836784460643365 ], [ -36.912901937149257, -10.837329531664498 ], [ -36.912247440715099, -10.837937771733055 ], [ -36.91165957507846, -10.838603323521465 ], [ -36.911144002010097, -10.839319777752765 ], [ -36.91070568737269, -10.840080234912151 ], [ -36.910348853273312, -10.840877371680207 ], [ -36.910076937367847, -10.841703511449202 ], [ -36.909892559710251, -10.842550698242933 ] ] ] } },
{ "type": "Feature", "properties": { "porto": "Yara Brasil Fertilizantes", "classe": "Terminal privado (TUP)", "tipo": "Terminal de uso privado", "estado": null, "cidade": null, "fonte": "OSM (área portuária mapeada)", "osm_id": "way/337213466", "osm_nome": "Superporto de Rio Grande", "area_km2": 1.1027403905732163 }, "geometry": { "type": "Polygon", "coordinates": [ [ [ -52.1057415, -32.140559799999984 ], [ -52.1036637, -32.140266499999974 ], [ -52.1039209, -32.13886370000003 ], [ -52.103649, -32.138003 ], [ -52.1035924, -32.137709299999983 ], [ -52.1036349, -32.1375414 ], [ -52.1035216, -32.137535400000019 ], [ -52.1035783, -32.137271700000021 ], [ -52.1036915, -32.137283699999955 ], [ -52.1037411, -32.1370919 ], [ -52.1038402, -32.137103900000014 ], [ -52.1039817, -32.136888100000029 ], [ -52.1041049, -32.1338049 ], [ -52.1048411, -32.133469200000015 ], [ -52.1052235, -32.131573200000012 ], [ -52.1049513, -32.130828900000012 ], [ -52.1044236, -32.130356700000014 ], [ -52.1028535, -32.130381299999989 ], [ -52.102307, -32.122226800000014 ], [ -52.1025584, -32.122193400000015 ], [ -52.1025769, -32.122276900000017 ], [ -52.1033657, -32.1221726 ], [ -52.1033955, -32.1216598 ], [ -52.10376, -32.1216061 ], [ -52.1037487, -32.121239300000028 ], [ -52.1036332, -32.121082799999989 ], [ -52.1039342, -32.1209956 ], [ -52.1040689, -32.1206802 ], [ -52.1044492, -32.120572900000013 ], [ -52.1047027, -32.1206735 ], [ -52.1047502, -32.120599699999985 ], [ -52.1044413, -32.1204655 ], [ -52.1041957, -32.1203649 ], [ -52.1040372, -32.1204588 ], [ -52.1038471, -32.1204789 ], [ -52.1040922, -32.1202586 ], [ -52.1043462, -32.120163600000012 ], [ -52.1045284, -32.119808 ], [ -52.1046155, -32.119264499999979 ], [ -52.1045284, -32.1185197 ], [ -52.1045442, -32.116822200000016 ], [ -52.1045759, -32.113554500000021 ], [ -52.1041001, -32.1127898 ], [ -52.1041561, -32.1097969 ], [ -52.1039976, -32.1097969 ], [ -52.1041061, -32.107948099999966 ], [ -52.1042796, -32.107946100000028 ], [ -52.1042829, -32.1072104 ], [ -52.104367, -32.1072107 ], [ -52.1043751, -32.1070744 ], [ -52.1046124, -32.106727900000024 ], [ -52.1047358, -32.106545 ], [ -52.1048437, -32.1063607 ], [ -52.1048195, -32.105485 ], [ -52.1046645, -32.1046159 ], [ -52.1039897, -32.1002813 ], [ -52.1039152, -32.099893699999981 ], [ -52.1039057, -32.099844499999968 ], [ -52.1033501, -32.0969536 ], [ -52.1031341, -32.0963419 ], [ -52.1024291, -32.0963553 ], [ -52.1022548, -32.09606 ], [ -52.1021676, -32.0956506 ], [ -52.1020488, -32.0956707 ], [ -52.1010824, -32.092525800000026 ], [ -52.101621, -32.092388900000017 ], [ -52.1013406, -32.091216599999981 ], [ -52.1007224, -32.0913671 ], [ -52.1007012, -32.091283400000016 ], [ -52.1008452, -32.0912479 ], [ -52.1007149, -32.0907771 ], [ -52.1005674, -32.0908049 ], [ -52.1004327, -32.09042910000003 ], [ -52.1005674, -32.0903821 ], [ -52.1003535, -32.0897244 ], [ -52.1005119, -32.089509599999985 ], [ -52.1003499, -32.088807300000013 ], [ -52.0992898, -32.083065599999983 ], [ -52.0946842, -32.0766959 ], [ -52.0880293, -32.0695758 ], [ -52.0883266, -32.069410300000015 ], [ -52.0892595, -32.070501 ], [ -52.092012, -32.073456899999975 ], [ -52.0923109, -32.0737101 ], [ -52.0950195, -32.076685899999987 ], [ -52.0995214, -32.083032800000019 ], [ -52.1007328, -32.0896319 ], [ -52.1014927, -32.0912254 ], [ -52.1050425, -32.09046559999998 ], [ -52.1053776, -32.0915892 ], [ -52.1018278, -32.092349 ], [ -52.1020018, -32.092818100000024 ], [ -52.101918, -32.09283480000002 ], [ -52.1015963, -32.0928987 ], [ -52.1016403, -32.093031300000021 ], [ -52.1021252, -32.094493100000015 ], [ -52.1025458, -32.09439160000003 ], [ -52.1030972, -32.0959799 ], [ -52.1037234, -32.096907199999961 ], [ -52.1049781, -32.1061769 ], [ -52.1046583, -32.107134400000021 ], [ -52.1043034, -32.1127039 ], [ -52.1045789, -32.1134152 ], [ -52.1046576, -32.1135595 ], [ -52.1046304, -32.115723199999977 ], [ -52.1048727, -32.1209743 ], [ -52.1087352, -32.120680300000025 ], [ -52.1091905, -32.1253455 ], [ -52.1108188, -32.125290300000025 ], [ -52.1110627, -32.1275489 ], [ -52.1105776, -32.1304989 ], [ -52.1055585, -32.1303382 ], [ -52.106084, -32.137661299999976 ], [ -52.1057415, -32.140559799999984 ] ] ] } },
{ "type": "Feature", "properties": { "porto": "Granel Química Ladário", "classe": "Terminal privado (TUP)", "tipo": "Terminal de uso privado", "estado": null, "cidade": null, "fonte": "OSM (área portuária mapeada)", "osm_id": "way/161380908", "osm_nome": "Porto de Ladário", "area_km2": 0.15476760529261768 }, "geometry": { "type": "Polygon", "coordinates": [ [ [ -57.5843424, -19.0072425 ], [ -57.5827393, -19.007198699999972 ], [ -57.5825655, -19.007140099999987 ], [ -57.581006, -19.0042536 ], [ -57.5810248, -19.00418 ], [ -57.5813681, -19.0042003 ], [ -57.5814164, -19.00443869999998 ], [ -57.5817946, -19.004509700000021 ], [ -57.5818428, -19.004218099999978 ], [ -57.5828851, -19.0043811 ], [ -57.5831383, -19.004395600000034 ], [ -57.583251, -19.004461500000023 ], [ -57.5840488, -19.0046531 ], [ -57.5873013, -19.004718799999988 ], [ -57.5872475, -19.006102299999977 ], [ -57.5881273, -19.0060643 ], [ -57.5881541, -19.006355900000017 ], [ -57.5867583, -19.006434100000014 ], [ -57.5846847, -19.0070882 ], [ -57.5843424, -19.0072425 ] ] ] } },
{ "type": "Feature", "properties": { "porto": "Terminal Ponta da Montanha", "classe": "Terminal privado (TUP)", "tipo": "Terminal de uso privado", "estado": null, "cidade": null, "fonte": "envelope estimado (1000 m)", "osm_id": null, "osm_nome": null, "area_km2": 3.1365484905461636 }, "geometry": { "type": "Polygon", "coordinates": [ [ [ -48.772870453301707, -1.568761599630616 ], [ -48.77284876009972, -1.569665592307617 ], [ -48.772911982093355, -1.57056744872426 ], [ -48.773059511855102, -1.571458483502184 ], [ -48.773289929958779, -1.572330115470996 ], [ -48.773601018596906, -1.573173950309779 ], [ -48.773989782891526, -1.573981861390419 ], [ -48.774452479695213, -1.574746068042879 ], [ -48.774984653606332, -1.575459210488889 ], [ -48.775581179853106, -1.576114420722684 ], [ -48.77623631363435, -1.576705388655688 ], [ -48.776943745442296, -1.577226422888322 ], [ -48.777696661834618, -1.57767250552332 ], [ -48.778487811070441, -1.578039340492926 ], [ -48.779309572977098, -1.578323394934395 ], [ -48.780154032374007, -1.57852193321462 ], [ -48.781013055344886, -1.578633043277475 ], [ -48.781878367622234, -1.578655655058635 ], [ -48.782741634327074, -1.578589550791478 ], [ -48.783594540294132, -1.578435367104341 ], [ -48.784428870206526, -1.578194588889366 ], [ -48.785236587766306, -1.577869535001132 ], [ -48.786009913136233, -1.577463335923852 ], [ -48.786741397905175, -1.576979903621677 ], [ -48.78742399685369, -1.576423893862649 ], [ -48.788051135827139, -1.57580066137889 ], [ -48.78861677506201, -1.575116208295815 ], [ -48.789115467354918, -1.574377126326092 ], [ -48.789542410514031, -1.573590533285586 ], [ -48.789893493587982, -1.572764004543284 ], [ -48.790165336428025, -1.571905500064009 ], [ -48.790355322203276, -1.571023287748365 ], [ -48.79046162255748, -1.570125863806947 ], [ -48.790483215166688, -1.569221870936265 ], [ -48.790419893530768, -1.568320015084415 ], [ -48.790272268906449, -1.567428981607934 ], [ -48.790041764365398, -1.566557351627354 ], [ -48.789730601036858, -1.565713519387131 ], [ -48.789341776669076, -1.564905611415339 ], [ -48.788879036718065, -1.564141408262808 ], [ -48.788346838243598, -1.563428269573126 ], [ -48.787750306961399, -1.562773063207835 ], [ -48.78709518786615, -1.562182099106682 ], [ -48.786387789901269, -1.561661068522223 ], [ -48.785634925208491, -1.561214989211326 ], [ -48.784843843541914, -1.560848157114053 ], [ -48.784022162477548, -1.560564104982803 ], [ -48.783177794089269, -1.560365568361883 ], [ -48.782318868795947, -1.560254459243655 ], [ -48.781453657111378, -1.560231847656124 ], [ -48.780590490048809, -1.560297951358539 ], [ -48.779737678944329, -1.560452133744165 ], [ -48.77890343546931, -1.560692909970943 ], [ -48.778095792599942, -1.561017961260718 ], [ -48.777322527303184, -1.561424157229015 ], [ -48.776591085681545, -1.561907586031294 ], [ -48.775908511296386, -1.56246359203396 ], [ -48.775281377358375, -1.563086820649282 ], [ -48.774715723437502, -1.563771269900422 ], [ -48.774216997301529, -1.564510348222089 ], [ -48.773790002442873, -1.565296937938411 ], [ -48.773438851799682, -1.566123463808395 ], [ -48.773166928117334, -1.566981965977452 ], [ -48.772976851333446, -1.567864176633825 ], [ -48.772870453301707, -1.568761599630616 ] ] ] } },
{ "type": "Feature", "properties": { "porto": "Porto Gregório Curvo", "classe": "Terminal privado (TUP)", "tipo": "Terminal de uso privado", "estado": null, "cidade": null, "fonte": "envelope estimado (1000 m)", "osm_id": null, "osm_nome": null, "area_km2": 3.1365484905459238 }, "geometry": { "type": "Polygon", "coordinates": [ [ [ -57.447769500003687, -19.610410258626718 ], [ -57.447801152242306, -19.611254142942126 ], [ -57.447928878891048, -19.61209129566474 ], [ -57.448151451677091, -19.612913654392695 ], [ -57.448466728778868, -19.613713299082153 ], [ -57.448871675388553, -19.614482528332058 ], [ -57.44936239288193, -19.615213933567812 ], [ -57.449934156316878, -19.615900470408207 ], [ -57.45058145990113, -19.616535526527706 ], [ -57.451298069992973, -19.617112985359821 ], [ -57.45207708512514, -19.617627285027275 ], [ -57.452911002474302, -19.618073471930099 ], [ -57.453791790135945, -19.618447248475256 ], [ -57.454710964507569, -19.618745014486532 ], [ -57.455659672034194, -19.618963901895615 ], [ -57.456628774526784, -19.619101802379419 ], [ -57.457608937230177, -19.619157387676356 ], [ -57.458590718789871, -19.619130122386263 ], [ -57.459564662248575, -19.619020269129763 ], [ -57.46052138619357, -19.618828886017504 ], [ -57.461451675174189, -19.618557816453603 ], [ -57.462346568516082, -19.61820967137205 ], [ -57.463197446674371, -19.617787804077025 ], [ -57.463996114292009, -19.617296277930365 ], [ -57.464734879161448, -19.616739827198238 ], [ -57.465406626327976, -19.616123811434278 ], [ -57.466004886619963, -19.615454163840152 ], [ -57.466523898945901, -19.61473733410104 ], [ -57.466958665758355, -19.613980226248334 ], [ -57.467305001151303, -19.61319013214797 ], [ -57.467559571129051, -19.612374661256506 ], [ -57.467719925660496, -19.611541667321813 ], [ -57.467784522212085, -19.610699172735007 ], [ -57.467752740535303, -19.609855291262612 ], [ -57.46762488856892, -19.609018149903324 ], [ -57.467402199401612, -19.608195810622231 ], [ -57.467086819327413, -19.607396192715903 ], [ -57.466681787111341, -19.606626996556084 ], [ -57.466191004667387, -19.605895629445804 ], [ -57.465619199433725, -19.605209134301081 ], [ -57.464971878808889, -19.604574121845129 ], [ -57.464255277089471, -19.603996706966448 ], [ -57.463476295420982, -19.603482449853246 ], [ -57.462642435340754, -19.603036302470134 ], [ -57.461761726552517, -19.602662560891407 ], [ -57.460842649627665, -19.602364823949618 ], [ -57.459894054376406, -19.602145958595827 ], [ -57.458925074673047, -19.60200807230569 ], [ -57.457945040554058, -19.601952492795213 ], [ -57.45696338843252, -19.601979755242269 ], [ -57.455989570291464, -19.602089597135485 ], [ -57.455032962727735, -19.602280960800897 ], [ -57.45410277671953, -19.602552003581657 ], [ -57.453207968984032, -19.602900115573107 ], [ -57.452357155776312, -19.603321944742699 ], [ -57.45155852995741, -19.603813429193679 ], [ -57.450819782128534, -19.604369836262268 ], [ -57.450148026589588, -19.604985808072758 ], [ -57.44954973283393, -19.60565541311264 ], [ -57.449030663239043, -19.606372203332029 ], [ -57.448595817553191, -19.607129276218281 ], [ -57.448249384713456, -19.607919341249225 ], [ -57.447994702460356, -19.608734790085361 ], [ -57.447834225139673, -19.609567769826416 ], [ -57.447769500003687, -19.610410258626718 ] ] ] } },
{ "type": "Feature", "properties": { "porto": "Terminal Portuário Braskarne", "classe": "Terminal privado (TUP)", "tipo": "Terminal de uso privado", "estado": null, "cidade": null, "fonte": "OSM (área portuária mapeada)", "osm_id": "way/135632204", "osm_nome": "Porto de Navegantes", "area_km2": 0.51558570158497641 }, "geometry": { "type": "Polygon", "coordinates": [ [ [ -48.6573791, -26.89927530000001 ], [ -48.6572939, -26.899305099999982 ], [ -48.6571598, -26.8993099 ], [ -48.6571083, -26.899186900000014 ], [ -48.6568475, -26.899097599999983 ], [ -48.656708, -26.8987948 ], [ -48.6573208, -26.898020199999987 ], [ -48.6574805, -26.89801760000001 ], [ -48.6575992, -26.897922400000024 ], [ -48.657681, -26.8977994 ], [ -48.6575446, -26.897803799999984 ], [ -48.6576727, -26.8975942 ], [ -48.6577487, -26.897594200000022 ], [ -48.6584564, -26.896608100000019 ], [ -48.6588184, -26.89629340000003 ], [ -48.6592191, -26.8959529 ], [ -48.6595983, -26.89539 ], [ -48.6597361, -26.894827400000025 ], [ -48.6597123, -26.894020800000018 ], [ -48.6598647, -26.8934077 ], [ -48.667595, -26.892342200000016 ], [ -48.6688395, -26.8933444 ], [ -48.6692775, -26.8943795 ], [ -48.6691984, -26.89521960000004 ], [ -48.6687832, -26.8961485 ], [ -48.6683977, -26.8962766 ], [ -48.6681091, -26.89660210000002 ], [ -48.667774, -26.8967992 ], [ -48.6676164, -26.8969951 ], [ -48.6580562, -26.8983857 ], [ -48.6576182, -26.8988679 ], [ -48.6573791, -26.89927530000001 ] ] ] } },
{ "type": "Feature", "properties": { "porto": "Terminal Santa Clara", "classe": "Terminal privado (TUP)", "tipo": "Terminal de uso privado", "estado": null, "cidade": null, "fonte": "OSM (área portuária mapeada)", "osm_id": "way/49905516", "osm_nome": "Terminal Santa Clara", "area_km2": 0.18484857969300694 }, "geometry": { "type": "Polygon", "coordinates": [ [ [ -51.3687578, -29.9056496 ], [ -51.3694069, -29.9063727 ], [ -51.3704435, -29.905715099999984 ], [ -51.3705879, -29.9057673 ], [ -51.3711458, -29.9064741 ], [ -51.372047, -29.9058417 ], [ -51.3741713, -29.9042048 ], [ -51.3765102, -29.902475 ], [ -51.377013, -29.9008752 ], [ -51.3757872, -29.900421299999977 ], [ -51.3751043, -29.899707599999985 ], [ -51.3747926, -29.8999221 ], [ -51.3754422, -29.900630499999984 ], [ -51.3745259, -29.9012981 ], [ -51.3734108, -29.902284699999974 ], [ -51.3710805, -29.9040031 ], [ -51.3687578, -29.9056496 ] ] ] } },
{ "type": "Feature", "properties": { "porto": "Moinho Taquariense", "classe": "Terminal privado (TUP)", "tipo": "Terminal de uso privado", "estado": null, "cidade": null, "fonte": "envelope estimado (1000 m)", "osm_id": null, "osm_nome": null, "area_km2": 3.1365484905459162 }, "geometry": { "type": "Polygon", "coordinates": [ [ [ -51.86165280686145, -29.807038765511169 ], [ -51.861647833723005, -29.807881794590681 ], [ -51.861747373874167, -29.808721150737156 ], [ -51.861950470850594, -29.809548750302508 ], [ -51.86225517075782, -29.810356622668984 ], [ -51.862658541009914, -29.811136987025183 ], [ -51.863156698501122, -29.811882327321062 ], [ -51.86374484694192, -29.812585464678978 ], [ -51.864417323002272, -29.813239626562638 ], [ -51.865167650819494, -29.813838512036362 ], [ -51.865988604347038, -29.814376352485123 ], [ -51.866872276944498, -29.814847967208419 ], [ -51.867810157538585, -29.815248813352113 ], [ -51.868793212621007, -29.815575029694696 ], [ -51.869811973292478, -29.815823473866015 ], [ -51.870856626512591, -29.815991752637963 ], [ -51.87191710967469, -29.816078244994625 ], [ -51.872983207592064, -29.816082117758963 ], [ -51.874044650958616, -29.81600333362476 ], [ -51.875091215332468, -29.815842651516238 ], [ -51.876112819686021, -29.815601619272012 ], [ -51.877099623570196, -29.815282558723624 ], [ -51.878042121954095, -29.814888543313845 ], [ -51.878931236823973, -29.81442336846991 ], [ -51.879758404657117, -29.813891515019414 ], [ -51.880515658926321, -29.813298106001003 ], [ -51.881195706839065, -29.812648857288544 ], [ -51.881791999571938, -29.811950022504796 ], [ -51.882298795323585, -29.811208332757083 ], [ -51.882711214579714, -29.810430931776736 ], [ -51.883025287059112, -29.809625307088144 ], [ -51.883237989890411, -29.808799217871922 ], [ -51.883347276654057, -29.807960620217663 ], [ -51.883352097012626, -29.807117590487135 ], [ -51.883252406743388, -29.806278247526464 ], [ -51.88304916807963, -29.805450674477054 ], [ -51.882744340360773, -29.804642840937571 ], [ -51.882340861084494, -29.803862526227366 ], [ -51.881842617546283, -29.803117244488661 ], [ -51.881254409342397, -29.802414172348737 ], [ -51.880581902099529, -29.801760079837575 ], [ -51.879831572878693, -29.801161265224909 ], [ -51.879010647780376, -29.800623494402682 ], [ -51.878127032352467, -29.800151945395616 ], [ -51.87718923547127, -29.799751158532438 ], [ -51.876206287428026, -29.799424992756542 ], [ -51.875187653008574, -29.799176588494831 ], [ -51.874143140401507, -29.799008337441688 ], [ -51.873082806809833, -29.798921859547868 ], [ -51.872016861672329, -29.798917987434525 ], [ -51.870955568423852, -29.798996758382923 ], [ -51.869909145737331, -29.799157413975543 ], [ -51.868887669195402, -29.799398407392761 ], [ -51.86790097433542, -29.799717418295113 ], [ -51.86695856199853, -29.800111375147747 ], [ -51.866069506891741, -29.80057648477371 ], [ -51.865242370241099, -29.801108268851692 ], [ -51.864485117375516, -29.801701607009043 ], [ -51.863805041033544, -29.80235078609498 ], [ -51.863208691131106, -29.803049555162477 ], [ -51.862701811666575, -29.80379118562967 ], [ -51.862289285371276, -29.804568536043345 ], [ -51.861975086639859, -29.805374120822307 ], [ -51.861762243195507, -29.806200182319721 ], [ -51.86165280686145, -29.807038765511169 ] ] ] } },
{ "type": "Feature", "properties": { "porto": "Terminal de Praia Mole", "classe": "Terminal privado (TUP)", "tipo": "Terminal de uso privado", "estado": null, "cidade": null, "fonte": "envelope estimado (1000 m)", "osm_id": null, "osm_nome": null, "area_km2": 3.1365484905459056 }, "geometry": { "type": "Polygon", "coordinates": [ [ [ -40.223356742889919, -20.295269818246499 ], [ -40.223276322518736, -20.296110459662486 ], [ -40.223292752824946, -20.296953785289681 ], [ -40.223405877462298, -20.297791673419479 ], [ -40.223614608816774, -20.298616054581814 ], [ -40.223916938410305, -20.299418989263973 ], [ -40.224309956177493, -20.300192744383128 ], [ -40.224789878432063, -20.300929867774634 ], [ -40.225352084256386, -20.301623259979038 ], [ -40.22599115996502, -20.302266242635145 ], [ -40.226700951216046, -20.302852622820012 ], [ -40.227474622268851, -20.30337675271489 ], [ -40.228304721818532, -20.303833584022399 ], [ -40.229183254772472, -20.304218716608627 ], [ -40.230101759277503, -20.304528440902217 ], [ -40.231051388254429, -20.304759773639752 ], [ -40.232022994653235, -20.304910486613757 ], [ -40.23300721960581, -20.304979128144687 ], [ -40.233994582624916, -20.304965037070438 ], [ -40.234975572978087, -20.304868349117722 ], [ -40.235940741353652, -20.304689995594124 ], [ -40.23688079093349, -20.304431694413353 ], [ -40.237786666992484, -20.304095933540257 ], [ -40.238649644159509, -20.30368594701574 ], [ -40.239461410496986, -20.303205683792694 ], [ -40.240214147587736, -20.302659769683853 ], [ -40.240900605856055, -20.302053462789164 ], [ -40.241514174396876, -20.301392602832355 ], [ -40.242048944639926, -20.300683554896008 ], [ -40.242499767235962, -20.299933148097765 ], [ -40.242862301617791, -20.299148609799119 ], [ -40.243133057760019, -20.298337495981489 ], [ -40.243309429736847, -20.29750761846088 ], [ -40.243389720756952, -20.296666969642207 ], [ -40.243373159436587, -20.295823645539546 ], [ -40.24325990715684, -20.294985767802807 ], [ -40.243051056436933, -20.294161405502674 ], [ -40.242748620342077, -20.293358497427015 ], [ -40.242355513030468, -20.292584775636229 ], [ -40.241875521629503, -20.29184769101408 ], [ -40.241313269714098, -20.291154341530209 ], [ -40.240674172740924, -20.290511403903999 ], [ -40.239964385869115, -20.28992506932806 ], [ -40.239190744670942, -20.289400983868276 ], [ -40.238360699304074, -20.288944194114478 ], [ -40.23748224277886, -20.288559098603681 ], [ -40.23656383401137, -20.288249405482496 ], [ -40.23561431640168, -20.288018096816309 ], [ -40.23464283272002, -20.287867399887638 ], [ -40.233658737118539, -20.287798765759387 ], [ -40.232671505113565, -20.287812855309131 ], [ -40.231690642402796, -20.287909532868756 ], [ -40.23072559339267, -20.288087867530141 ], [ -40.229785650314156, -20.28834614210438 ], [ -40.228879863799577, -20.288681869649139 ], [ -40.228016955778941, -20.289091817404294 ], [ -40.227205235532551, -20.289572037906836 ], [ -40.226452519706335, -20.290117906985728 ], [ -40.225766057058799, -20.290724168271517 ], [ -40.225152458663331, -20.291384983793218 ], [ -40.224617634237489, -20.292093990175854 ], [ -40.224166735212719, -20.292844359898663 ], [ -40.223804105093336, -20.293628867024935 ], [ -40.223533237583879, -20.294439956771193 ], [ -40.223356742889919, -20.295269818246499 ] ] ] } },
{ "type": "Feature", "properties": { "porto": "Terminal Marítimo Alfandegado Privativo de Uso Misto de Praia Mole", "classe": "Terminal privado (TUP)", "tipo": "Terminal de uso privado", "estado": null, "cidade": null, "fonte": "envelope estimado (1000 m)", "osm_id": null, "osm_nome": null, "area_km2": 3.1365484905459056 }, "geometry": { "type": "Polygon", "coordinates": [ [ [ -40.224744923721715, -20.292769892371538 ], [ -40.224664513928289, -20.293610537422975 ], [ -40.224680952969095, -20.294453865936177 ], [ -40.224794084413659, -20.295291756174812 ], [ -40.22500282058234, -20.296116138648451 ], [ -40.225305152950639, -20.296919073831834 ], [ -40.22569817142633, -20.297692828637306 ], [ -40.226178092316253, -20.298429950903273 ], [ -40.226740294715846, -20.299123341181247 ], [ -40.227379364972613, -20.299766321128665 ], [ -40.228089148797068, -20.300352697848655 ], [ -40.228862810520091, -20.300876823556035 ], [ -40.229692898926615, -20.301333649993758 ], [ -40.230571419031349, -20.301718777074921 ], [ -40.23148990910488, -20.302028495281267 ], [ -40.232439522207009, -20.302259821408061 ], [ -40.233411111440653, -20.302410527311537 ], [ -40.234395318103076, -20.302479161380312 ], [ -40.23538266188325, -20.302465062524142 ], [ -40.236363632234067, -20.302368366544727 ], [ -40.23732878003657, -20.302190004826929 ], [ -40.238268808670824, -20.301931695363297 ], [ -40.239174663613539, -20.301595926198488 ], [ -40.240037619697006, -20.301185931453158 ], [ -40.240849365186776, -20.300705660159316 ], [ -40.241602081866489, -20.300159738207373 ], [ -40.242288520357071, -20.299553423772679 ], [ -40.242902069943938, -20.298892556651527 ], [ -40.243436822239389, -20.298183501995414 ], [ -40.243887628067014, -20.297433088986594 ], [ -40.244250147021113, -20.296648545046324 ], [ -40.244520889224823, -20.29583742621028 ], [ -40.244697248886531, -20.295007544342713 ], [ -40.244777529333483, -20.294166891890402 ], [ -40.244760959283674, -20.293323564902352 ], [ -40.244647700202187, -20.292485685056246 ], [ -40.244438844673681, -20.291661321443168 ], [ -40.244136405809577, -20.290858412863571 ], [ -40.243743297794694, -20.290084691382788 ], [ -40.243263307763087, -20.28934760788167 ], [ -40.242701059276442, -20.288654260319046 ], [ -40.242061967758339, -20.288011325395964 ], [ -40.241352188315325, -20.287424994278986 ], [ -40.240578556448128, -20.28690091300086 ], [ -40.239748522224495, -20.286444128111196 ], [ -40.238870078547485, -20.286059038100241 ], [ -40.237951684209456, -20.285749351061686 ], [ -40.237002182471521, -20.285518049002466 ], [ -40.236030715951117, -20.285367359141457 ], [ -40.235046638635168, -20.285298732473603 ], [ -40.234059425863983, -20.285312829804607 ], [ -40.233078583150089, -20.285409515391486 ], [ -40.232113554707425, -20.285587858248736 ], [ -40.231173632568968, -20.285846141108561 ], [ -40.230267867165466, -20.28618187694871 ], [ -40.229404980223663, -20.28659183292919 ], [ -40.228593280820945, -20.287072061507672 ], [ -40.227840585402561, -20.287617938435275 ], [ -40.227154142530551, -20.288224207266953 ], [ -40.226540563087845, -20.288885029958834 ], [ -40.226005756609503, -20.289594043066899 ], [ -40.225554874354145, -20.290344419005489 ], [ -40.225192259664553, -20.291128931778015 ], [ -40.224921406096655, -20.291940026546449 ], [ -40.224744923721715, -20.292769892371538 ] ] ] } },
{ "type": "Feature", "properties": { "porto": "Terminal Marítimo Privativo de Cubatão - TMPC", "classe": "Terminal privado (TUP)", "tipo": "Terminal de uso privado", "estado": null, "cidade": null, "fonte": "OSM (área portuária mapeada)", "osm_id": "way/618054333", "osm_nome": "Terminal Integrador Portuário Luiz Antonio Mesquita", "area_km2": 0.73285401632438985 }, "geometry": { "type": "Polygon", "coordinates": [ [ [ -46.3720921, -23.8779478 ], [ -46.3720733, -23.8786272 ], [ -46.3718319, -23.880501 ], [ -46.3714832, -23.8809866 ], [ -46.3711399, -23.881202400000038 ], [ -46.3704157, -23.881349599999979 ], [ -46.3673741, -23.881290700000012 ], [ -46.3667947, -23.8809964 ], [ -46.3661832, -23.880525500000012 ], [ -46.3658559, -23.879922200000031 ], [ -46.3656521, -23.879 ], [ -46.3656414, -23.87120040000001 ], [ -46.3655464, -23.870333899999988 ], [ -46.3654563, -23.8695129 ], [ -46.3705391, -23.869925 ], [ -46.3712928, -23.8700108 ], [ -46.3712525, -23.8708082 ], [ -46.3710486, -23.870930800000011 ], [ -46.3709682, -23.871166300000016 ], [ -46.3708984, -23.871249599999988 ], [ -46.3707643, -23.8713281 ], [ -46.3707482, -23.871494899999988 ], [ -46.3708448, -23.8715832 ], [ -46.3709574, -23.871808900000048 ], [ -46.3711345, -23.872167 ], [ -46.371231, -23.8726036 ], [ -46.3711613, -23.8732266 ], [ -46.3710808, -23.873373699999984 ], [ -46.3710146, -23.8734522 ], [ -46.3707712, -23.873798199999985 ], [ -46.3706348, -23.8739922 ], [ -46.3704372, -23.874326399999983 ], [ -46.3704922, -23.8745778 ], [ -46.3718909, -23.8773199 ], [ -46.3720921, -23.8779478 ] ] ] } },
{ "type": "Feature", "properties": { "porto": "Companhia Portuária Vila Velha - CPVV", "classe": "Terminal privado (TUP)", "tipo": "Terminal de uso privado", "estado": null, "cidade": null, "fonte": "OSM (área portuária mapeada)", "osm_id": "way/443688617", "osm_nome": "Companhia Portuária de Vila Velha", "area_km2": 0.057283413186274633 }, "geometry": { "type": "Polygon", "coordinates": [ [ [ -40.325781, -20.327476 ], [ -40.3256733, -20.327391200000015 ], [ -40.3256185, -20.327348099999988 ], [ -40.3256325, -20.327231500000014 ], [ -40.3256662, -20.327199400000019 ], [ -40.3253, -20.326860299999961 ], [ -40.3253295, -20.3267545 ], [ -40.3253534, -20.3266686 ], [ -40.3252962, -20.3266546 ], [ -40.3253003, -20.326639800000031 ], [ -40.3250471, -20.326577799999981 ], [ -40.3250387, -20.326607899999981 ], [ -40.3250195, -20.3266032 ], [ -40.3249998, -20.326673699999986 ], [ -40.3249653, -20.3266671 ], [ -40.3248862, -20.326716100000038 ], [ -40.3247816, -20.326717399999978 ], [ -40.3246093, -20.326662100000014 ], [ -40.3245315, -20.326598499999971 ], [ -40.3244772, -20.326514299999978 ], [ -40.324439, -20.3264099 ], [ -40.3244564, -20.3263017 ], [ -40.32452880000001, -20.326094900000022 ], [ -40.3244992, -20.3256693 ], [ -40.324377, -20.325664400000015 ], [ -40.3242509, -20.325659400000024 ], [ -40.3241644, -20.325655900000012 ], [ -40.3238804, -20.325649700000024 ], [ -40.3236236, -20.3254667 ], [ -40.3235726, -20.325434 ], [ -40.3235317, -20.3253875 ], [ -40.3235324, -20.32527870000003 ], [ -40.323003300000011, -20.3244034 ], [ -40.322727, -20.324541100000022 ], [ -40.3226917, -20.324551699999965 ], [ -40.3226553, -20.3245581 ], [ -40.3226224, -20.32456029999998 ], [ -40.3225895, -20.324559100000027 ], [ -40.3224991, -20.3245461 ], [ -40.3224398, -20.324544900000017 ], [ -40.3224378, -20.3246292 ], [ -40.3224367, -20.324647200000015 ], [ -40.3224119, -20.3246474 ], [ -40.3224126, -20.324758 ], [ -40.3224474, -20.3247606 ], [ -40.3225768, -20.325016500000029 ], [ -40.3224514, -20.325169300000013 ], [ -40.322312599999989, -20.325185600000033 ], [ -40.3219438, -20.3253114 ], [ -40.3218245, -20.325393800000018 ], [ -40.3217594, -20.325474900000014 ], [ -40.3216019, -20.3258289 ], [ -40.3215294, -20.326045200000014 ], [ -40.3216461, -20.326321199999988 ], [ -40.3220753, -20.326325 ], [ -40.3221588, -20.326326199999965 ], [ -40.3222422, -20.3263225 ], [ -40.3223233, -20.326314299999989 ], [ -40.32240370000001, -20.326301499999975 ], [ -40.3227557, -20.3262481 ], [ -40.3229289, -20.3262219 ], [ -40.3229587, -20.326217599999989 ], [ -40.3229889, -20.326217599999989 ], [ -40.3230187, -20.3262219 ], [ -40.3230588, -20.326235199999974 ], [ -40.3230949, -20.3262562 ], [ -40.3231924, -20.3263361 ], [ -40.323295, -20.3264203 ], [ -40.3242377, -20.3271672 ], [ -40.3243139, -20.3272277 ], [ -40.32500430000001, -20.327788700000013 ], [ -40.3251196, -20.327658699999983 ], [ -40.3251665, -20.327603399999969 ], [ -40.3252085, -20.3275539 ], [ -40.3252428, -20.327577399999985 ], [ -40.32528, -20.3275967 ], [ -40.3253194, -20.327611500000035 ], [ -40.32536240000001, -20.327622 ], [ -40.3255943, -20.32765740000001 ], [ -40.3256152, -20.327657799999987 ], [ -40.3256359, -20.3276555 ], [ -40.3256566, -20.3276507 ], [ -40.3258257, -20.327594500000014 ], [ -40.3258449, -20.327574 ], [ -40.3258692, -20.327546300000012 ], [ -40.3258426, -20.32752570000002 ], [ -40.325781, -20.327476 ] ] ] } },
{ "type": "Feature", "properties": { "porto": "Terminal Marítimo Luiz Fogliatto - Termasa", "classe": "Terminal privado (TUP)", "tipo": "Terminal de uso privado", "estado": null, "cidade": null, "fonte": "OSM (área portuária mapeada)", "osm_id": "way/337213466", "osm_nome": "Superporto de Rio Grande", "area_km2": 1.1027403905732163 }, "geometry": { "type": "Polygon", "coordinates": [ [ [ -52.1057415, -32.140559799999984 ], [ -52.1036637, -32.140266499999974 ], [ -52.1039209, -32.13886370000003 ], [ -52.103649, -32.138003 ], [ -52.1035924, -32.137709299999983 ], [ -52.1036349, -32.1375414 ], [ -52.1035216, -32.137535400000019 ], [ -52.1035783, -32.137271700000021 ], [ -52.1036915, -32.137283699999955 ], [ -52.1037411, -32.1370919 ], [ -52.1038402, -32.137103900000014 ], [ -52.1039817, -32.136888100000029 ], [ -52.1041049, -32.1338049 ], [ -52.1048411, -32.133469200000015 ], [ -52.1052235, -32.131573200000012 ], [ -52.1049513, -32.130828900000012 ], [ -52.1044236, -32.130356700000014 ], [ -52.1028535, -32.130381299999989 ], [ -52.102307, -32.122226800000014 ], [ -52.1025584, -32.122193400000015 ], [ -52.1025769, -32.122276900000017 ], [ -52.1033657, -32.1221726 ], [ -52.1033955, -32.1216598 ], [ -52.10376, -32.1216061 ], [ -52.1037487, -32.121239300000028 ], [ -52.1036332, -32.121082799999989 ], [ -52.1039342, -32.1209956 ], [ -52.1040689, -32.1206802 ], [ -52.1044492, -32.120572900000013 ], [ -52.1047027, -32.1206735 ], [ -52.1047502, -32.120599699999985 ], [ -52.1044413, -32.1204655 ], [ -52.1041957, -32.1203649 ], [ -52.1040372, -32.1204588 ], [ -52.1038471, -32.1204789 ], [ -52.1040922, -32.1202586 ], [ -52.1043462, -32.120163600000012 ], [ -52.1045284, -32.119808 ], [ -52.1046155, -32.119264499999979 ], [ -52.1045284, -32.1185197 ], [ -52.1045442, -32.116822200000016 ], [ -52.1045759, -32.113554500000021 ], [ -52.1041001, -32.1127898 ], [ -52.1041561, -32.1097969 ], [ -52.1039976, -32.1097969 ], [ -52.1041061, -32.107948099999966 ], [ -52.1042796, -32.107946100000028 ], [ -52.1042829, -32.1072104 ], [ -52.104367, -32.1072107 ], [ -52.1043751, -32.1070744 ], [ -52.1046124, -32.106727900000024 ], [ -52.1047358, -32.106545 ], [ -52.1048437, -32.1063607 ], [ -52.1048195, -32.105485 ], [ -52.1046645, -32.1046159 ], [ -52.1039897, -32.1002813 ], [ -52.1039152, -32.099893699999981 ], [ -52.1039057, -32.099844499999968 ], [ -52.1033501, -32.0969536 ], [ -52.1031341, -32.0963419 ], [ -52.1024291, -32.0963553 ], [ -52.1022548, -32.09606 ], [ -52.1021676, -32.0956506 ], [ -52.1020488, -32.0956707 ], [ -52.1010824, -32.092525800000026 ], [ -52.101621, -32.092388900000017 ], [ -52.1013406, -32.091216599999981 ], [ -52.1007224, -32.0913671 ], [ -52.1007012, -32.091283400000016 ], [ -52.1008452, -32.0912479 ], [ -52.1007149, -32.0907771 ], [ -52.1005674, -32.0908049 ], [ -52.1004327, -32.09042910000003 ], [ -52.1005674, -32.0903821 ], [ -52.1003535, -32.0897244 ], [ -52.1005119, -32.089509599999985 ], [ -52.1003499, -32.088807300000013 ], [ -52.0992898, -32.083065599999983 ], [ -52.0946842, -32.0766959 ], [ -52.0880293, -32.0695758 ], [ -52.0883266, -32.069410300000015 ], [ -52.0892595, -32.070501 ], [ -52.092012, -32.073456899999975 ], [ -52.0923109, -32.0737101 ], [ -52.0950195, -32.076685899999987 ], [ -52.0995214, -32.083032800000019 ], [ -52.1007328, -32.0896319 ], [ -52.1014927, -32.0912254 ], [ -52.1050425, -32.09046559999998 ], [ -52.1053776, -32.0915892 ], [ -52.1018278, -32.092349 ], [ -52.1020018, -32.092818100000024 ], [ -52.101918, -32.09283480000002 ], [ -52.1015963, -32.0928987 ], [ -52.1016403, -32.093031300000021 ], [ -52.1021252, -32.094493100000015 ], [ -52.1025458, -32.09439160000003 ], [ -52.1030972, -32.0959799 ], [ -52.1037234, -32.096907199999961 ], [ -52.1049781, -32.1061769 ], [ -52.1046583, -32.107134400000021 ], [ -52.1043034, -32.1127039 ], [ -52.1045789, -32.1134152 ], [ -52.1046576, -32.1135595 ], [ -52.1046304, -32.115723199999977 ], [ -52.1048727, -32.1209743 ], [ -52.1087352, -32.120680300000025 ], [ -52.1091905, -32.1253455 ], [ -52.1108188, -32.125290300000025 ], [ -52.1110627, -32.1275489 ], [ -52.1105776, -32.1304989 ], [ -52.1055585, -32.1303382 ], [ -52.106084, -32.137661299999976 ], [ -52.1057415, -32.140559799999984 ] ] ] } },
{ "type": "Feature", "properties": { "porto": "Sucocítrico Cutrale", "classe": "Terminal privado (TUP)", "tipo": "Terminal de uso privado", "estado": null, "cidade": null, "fonte": "OSM (área portuária mapeada)", "osm_id": "way/536706089", "osm_nome": "Bracell", "area_km2": 0.046864610059571904 }, "geometry": { "type": "Polygon", "coordinates": [ [ [ -46.2943653, -23.97478319999998 ], [ -46.2968688, -23.9716137 ], [ -46.2960895, -23.971066899999979 ], [ -46.29344170000001, -23.9741778 ], [ -46.2943653, -23.97478319999998 ] ] ] } },
{ "type": "Feature", "properties": { "porto": "Passarão", "classe": "Terminal privado (TUP)", "tipo": "Terminal de uso privado", "estado": null, "cidade": null, "fonte": "envelope estimado (1000 m)", "osm_id": null, "osm_nome": null, "area_km2": 3.136548490546164 }, "geometry": { "type": "Polygon", "coordinates": [ [ [ -63.910757544801918, -8.716062795082651 ], [ -63.910825455289647, -8.716932471372024 ], [ -63.910981723654032, -8.717791558469882 ], [ -63.911224846444505, -8.718631782799388 ], [ -63.911552483620603, -8.719445052391109 ], [ -63.911961481035426, -8.720223534818802 ], [ -63.912447900766431, -8.720959732637297 ], [ -63.913007059003476, -8.721646555596303 ], [ -63.91363357113039, -8.722277388933261 ], [ -63.914321403566987, -8.722846157088034 ], [ -63.915063931872972, -8.72334738222491 ], [ -63.915854004553928, -8.723776236998452 ], [ -63.916684011955077, -8.724128591053892 ], [ -63.917545959577886, -8.724401050814139 ], [ -63.918431545112782, -8.724590992170144 ], [ -63.919332238444248, -8.724696585759258 ], [ -63.920239363855913, -8.724716814587627 ], [ -63.921144183641943, -8.724651483827079 ], [ -63.922037982317121, -8.724501222691964 ], [ -63.922912150612298, -8.7242674783779 ], [ -63.923758268443997, -8.723952502120476 ], [ -63.924568186056902, -8.723559327509095 ], [ -63.925334102555688, -8.723091741264156 ], [ -63.926048641068313, -8.722554246759911 ], [ -63.926704919815343, -8.721952020644375 ], [ -63.927296618399915, -8.72129086297455 ], [ -63.927818038679533, -8.720577141347563 ], [ -63.928264159633059, -8.719817729566074 ], [ -63.928630685695083, -8.719019941429323 ], [ -63.928914088092952, -8.718191460287882 ], [ -63.929111638789472, -8.71734026504032 ], [ -63.929221436706143, -8.716474553285403 ], [ -63.929242425976028, -8.715602662370298 ], [ -63.929174406053001, -8.714732989094358 ], [ -63.929018033581862, -8.713873908843023 ], [ -63.928774816013913, -8.713033694930024 ], [ -63.928447097031878, -8.712220438924428 ], [ -63.928038033926413, -8.711441972730523 ], [ -63.927551567144505, -8.710705793169449 ], [ -63.926992382304419, -8.71001898978996 ], [ -63.92636586504473, -8.709388176602173 ], [ -63.925678049142803, -8.708819428391942 ], [ -63.924935558403561, -8.708318222228449 ], [ -63.924145542877717, -8.707889384728047 ], [ -63.923315610023643, -8.707537045581697 ], [ -63.922453751475061, -8.707264597793563 ], [ -63.921568266118456, -8.707074665012557 ], [ -63.920667680219566, -8.706969076271827 ], [ -63.919760665366177, -8.706948848378893 ], [ -63.918855955015431, -8.707014176126028 ], [ -63.917962260447013, -8.707164430414595 ], [ -63.917088186929305, -8.707398164312174 ], [ -63.91624215090355, -8.707713126983435 ], [ -63.915432298981287, -8.708106285361119 ], [ -63.914666429533398, -8.708573853348581 ], [ -63.913951917623798, -8.709111328273297 ], [ -63.913295644009573, -8.709713534239654 ], [ -63.912703928890316, -8.710374671964958 ], [ -63.912182471043963, -8.711088374618539 ], [ -63.911736292935309, -8.711847769126942 ], [ -63.911369692326211, -8.712645542354563 ], [ -63.911086200854129, -8.7134740115239 ], [ -63.910888549979312, -8.714325198196487 ], [ -63.910778644630085, -8.715190905102991 ], [ -63.910757544801918, -8.716062795082651 ] ] ] } },
{ "type": "Feature", "properties": { "porto": "Cattalini Terminais Marítimos", "classe": "Terminal privado (TUP)", "tipo": "Terminal de uso privado", "estado": null, "cidade": null, "fonte": "OSM (área portuária mapeada)", "osm_id": "way/1495721070", "osm_nome": "PAR50", "area_km2": 0.084197692752734074 }, "geometry": { "type": "Polygon", "coordinates": [ [ [ -48.5356326, -25.511014 ], [ -48.5337752, -25.5120412 ], [ -48.5323263, -25.5109163 ], [ -48.533065, -25.51053060000002 ], [ -48.5330262, -25.510458400000026 ], [ -48.5331404, -25.51029969999998 ], [ -48.5331907, -25.510143 ], [ -48.5334252, -25.508549700000017 ], [ -48.5334526, -25.5084219 ], [ -48.5335532, -25.508289899999973 ], [ -48.5337679, -25.508339899999989 ], [ -48.5338406, -25.5080495 ], [ -48.5340286, -25.5081014 ], [ -48.5340653, -25.5079306 ], [ -48.5352805, -25.5082112 ], [ -48.5350602, -25.509048300000014 ], [ -48.5350199, -25.509118499999964 ], [ -48.5350109, -25.509359900000018 ], [ -48.5350811, -25.509520500000022 ], [ -48.5350632, -25.5095744 ], [ -48.5356326, -25.511014 ] ] ] } },
{ "type": "Feature", "properties": { "porto": "Cosan Lubrificantes e Especialidades", "classe": "Terminal privado (TUP)", "tipo": "Terminal de uso privado", "estado": null, "cidade": null, "fonte": "OSM (área portuária mapeada)", "osm_id": "way/1233021143", "osm_nome": null, "area_km2": 0.00019446433337705129 }, "geometry": { "type": "Polygon", "coordinates": [ [ [ -43.1773055, -22.801546 ], [ -43.177051, -22.801582599999971 ], [ -43.1769645, -22.8015004 ], [ -43.1773218, -22.8015185 ], [ -43.1773055, -22.801546 ] ] ] } },
{ "type": "Feature", "properties": { "porto": "Bianchini Canoas", "classe": "Terminal privado (TUP)", "tipo": "Terminal de uso privado", "estado": null, "cidade": null, "fonte": "envelope estimado (1000 m)", "osm_id": null, "osm_nome": null, "area_km2": 3.1365484905459162 }, "geometry": { "type": "Polygon", "coordinates": [ [ [ -51.228867495387725, -29.915613838845868 ], [ -51.228858058357261, -29.91645697808217 ], [ -51.228953247927784, -29.917296789351496 ], [ -51.229152149540681, -29.918125184630174 ], [ -51.22945284971567, -29.918934185643526 ], [ -51.22985245439979, -29.919716000715159 ], [ -51.230347116767469, -29.920463099826545 ], [ -51.230932074206557, -29.921168287162565 ], [ -51.231601694136614, -29.921824770443401 ], [ -51.232349528219885, -29.922426226374142 ], [ -51.233168374444304, -29.92296686158009 ], [ -51.234050346481332, -29.923441468439336 ], [ -51.234986949650597, -29.923845475274149 ], [ -51.235969162759417, -29.924174990415143 ], [ -51.236987525027551, -29.924426839713497 ], [ -51.238032227258593, -29.924598597137987 ], [ -51.239093206377461, -29.924688608161642 ], [ -51.240160242421062, -29.924696005711361 ], [ -51.241223057044856, -29.924620718526711 ], [ -51.242271412593738, -29.924463471846835 ], [ -51.243295210779578, -29.924225780419111 ], [ -51.244284590012114, -29.923909933896756 ], [ -51.245230020442726, -29.923518974766896 ], [ -51.246122395803035, -29.923056669022319 ], [ -51.24695312115152, -29.922527469860711 ], [ -51.247714195681297, -29.921936474761409 ], [ -51.248398289790224, -29.92128937635572 ], [ -51.248998815670419, -29.920592407564097 ], [ -51.24950999073738, -29.91985228153105 ], [ -51.249926893288354, -29.919076126937171 ], [ -51.250245509855155, -29.918271419312934 ], [ -51.250462773797238, -29.917445909016912 ], [ -51.250576594765462, -29.916607546573172 ], [ -51.250585878755622, -29.915764406087632 ], [ -51.250490538561529, -29.914924607481733 ], [ -51.250291494530131, -29.914096238292409 ], [ -51.249990665614824, -29.913287275791816 ], [ -51.24959095081595, -29.912505510176299 ], [ -51.249096201190753, -29.911758469563768 ], [ -51.248511182704618, -29.91105334752131 ], [ -51.247841530283999, -29.910396933819548 ], [ -51.247093693515268, -29.90979554907949 ], [ -51.246274874513645, -29.909254983940073 ], [ -51.24539295856156, -29.908780443330514 ], [ -51.244456438184031, -29.908376496382644 ], [ -51.243474331392136, -29.908047032464403 ], [ -51.242456094880382, -29.907795223756189 ], [ -51.24141153301246, -29.907623494729307 ], [ -51.240350703469353, -29.907533498819458 ], [ -51.239283820466056, -29.907526102518968 ], [ -51.238221156465848, -29.907601377040212 ], [ -51.237172943335452, -29.907758597630728 ], [ -51.236149273889936, -29.907996250545683 ], [ -51.235160004772155, -29.908312047611957 ], [ -51.234214661599061, -29.908702948242951 ], [ -51.233322347285799, -29.90916518869393 ], [ -51.232491654427868, -29.909694318276479 ], [ -51.231730582583559, -29.910285242185072 ], [ -51.231046461251829, -29.910932270524267 ], [ -51.230445879286698, -29.911629173066206 ], [ -51.229934621427986, -29.912369239212349 ], [ -51.229517612560102, -29.913145342583469 ], [ -51.229198870236907, -29.913950009617601 ], [ -51.228981465931703, -29.914775491515986 ], [ -51.228867495387725, -29.915613838845868 ] ] ] } },
{ "type": "Feature", "properties": { "porto": "Porto Engenheiro Zephyrino Lavanère Machado Filho", "classe": "Terminal privado (TUP)", "tipo": "Terminal de uso privado", "estado": null, "cidade": null, "fonte": "OSM (área portuária mapeada)", "osm_id": "way/273860838", "osm_nome": "Porto Eng. Zephyrino Lavenère Machado Filho", "area_km2": 0.065259153818385984 }, "geometry": { "type": "Polygon", "coordinates": [ [ [ -41.7699975, -22.3865826 ], [ -41.7698965, -22.386407900000023 ], [ -41.7692365, -22.3853406 ], [ -41.769161, -22.385251 ], [ -41.7691091, -22.3852004 ], [ -41.7686334, -22.384488800000021 ], [ -41.7684821, -22.384585 ], [ -41.7689488, -22.385283 ], [ -41.768502, -22.385513500000037 ], [ -41.7680661, -22.384821100000025 ], [ -41.7679242, -22.384891 ], [ -41.7683432, -22.3855954 ], [ -41.7678999, -22.3858259 ], [ -41.7674348, -22.3851096 ], [ -41.7673109, -22.385178400000015 ], [ -41.7677759, -22.3858947 ], [ -41.7673823, -22.386091 ], [ -41.7664663, -22.384656600000024 ], [ -41.7664904, -22.3844642 ], [ -41.7666627, -22.384262700000011 ], [ -41.7666734, -22.384095099999989 ], [ -41.7667633, -22.3839854 ], [ -41.766747, -22.3838812 ], [ -41.7666552, -22.383799899999964 ], [ -41.7664583, -22.383825900000012 ], [ -41.766248, -22.3841141 ], [ -41.7661448, -22.38454290000001 ], [ -41.766205, -22.3848289 ], [ -41.7670924, -22.3862674 ], [ -41.7677457, -22.3872969 ], [ -41.7678654, -22.3875345 ], [ -41.7681066, -22.387702500000021 ], [ -41.7682378, -22.3875323 ], [ -41.768436, -22.3872753 ], [ -41.7684513, -22.387255499999984 ], [ -41.7687287, -22.38712330000001 ], [ -41.7692457, -22.387508100000016 ], [ -41.7694181, -22.387562600000013 ], [ -41.7696997, -22.3873922 ], [ -41.7702634, -22.3869875 ], [ -41.7699975, -22.3865826 ] ] ] } },
{ "type": "Feature", "properties": { "porto": "BRICLOG", "classe": "Terminal privado (TUP)", "tipo": "Terminal de uso privado", "estado": null, "cidade": null, "fonte": "OSM (área portuária mapeada)", "osm_id": "way/525067353", "osm_nome": null, "area_km2": 0.02198093855961197 }, "geometry": { "type": "Polygon", "coordinates": [ [ [ -43.2168259, -22.870303 ], [ -43.2161298, -22.8697424 ], [ -43.2165395, -22.869116600000016 ], [ -43.2159234, -22.8687381 ], [ -43.215411, -22.869421099999979 ], [ -43.2145291, -22.869256200000017 ], [ -43.2146232, -22.869665099999981 ], [ -43.2157585, -22.870496800000012 ], [ -43.2168259, -22.870303 ] ] ] } },
{ "type": "Feature", "properties": { "porto": "Unidade Offshore Techint - UOT", "classe": "Terminal privado (TUP)", "tipo": "Terminal de uso privado", "estado": null, "cidade": null, "fonte": "envelope estimado (1000 m)", "osm_id": null, "osm_nome": null, "area_km2": 3.1365484905458985 }, "geometry": { "type": "Polygon", "coordinates": [ [ [ -48.35426362137278, -25.55239726373836 ], [ -48.354234976517532, -25.553237309249369 ], [ -48.354307327876107, -25.554075601912697 ], [ -48.354479980696496, -25.55490406839343 ], [ -48.354751274173687, -25.555714729827258 ], [ -48.355118597369724, -25.55649977867197 ], [ -48.355578414290548, -25.557251653914907 ], [ -48.356126297880806, -25.557963113911121 ], [ -48.35675697261135, -25.558627306150591 ], [ -48.357464365251367, -25.559237833280694 ], [ -48.358241663337154, -25.559788814747684 ], [ -48.3590813807755, -25.56027494346209 ], [ -48.359975429949912, -25.560691536941206 ], [ -48.360915199634839, -25.561034582434292 ], [ -48.361891637966572, -25.561300775595921 ], [ -48.362895339670217, -25.561487552332512 ], [ -48.363916636700679, -25.561593113515727 ], [ -48.364945691422292, -25.561616442322965 ], [ -48.365972591426953, -25.561557314038222 ], [ -48.366987445074848, -25.561416298217779 ], [ -48.367980476834411, -25.561194753200763 ], [ -48.368942121500417, -25.56089481301661 ], [ -48.369863116380081, -25.560519366816834 ], [ -48.370734590556616, -25.560072031029183 ], [ -48.371548150368348, -25.559557114503519 ], [ -48.3722959602785, -25.558979576985855 ], [ -48.372970818355206, -25.558344981322019 ], [ -48.373566225634548, -25.557659439851687 ], [ -48.374076448697927, -25.556929555511353 ], [ -48.374496574861965, -25.556162358213598 ], [ -48.374822559450195, -25.555365237117325 ], [ -48.3750512646929, -25.554545869441885 ], [ -48.375180489882538, -25.553712146511796 ], [ -48.375208992496646, -25.552872097744906 ], [ -48.375136500087699, -25.552033813316562 ], [ -48.374963712828183, -25.551205366245334 ], [ -48.374692296689545, -25.550394734649565 ], [ -48.374324867323551, -25.549609724924832 ], [ -48.373864964804298, -25.548857896580447 ], [ -48.373317019476666, -25.548146489459008 ], [ -48.372686309242297, -25.54748235403865 ], [ -48.37197890869642, -25.546871885488478 ], [ -48.371201630606564, -25.546320962111007 ], [ -48.370361960297487, -25.545834888763348 ], [ -48.369467983574545, -25.545418345800552 ], [ -48.368528308879007, -25.545075344031961 ], [ -48.36755198442421, -25.544809186122801 ], [ -48.366548411108809, -25.544622434811835 ], [ -48.365527252044004, -25.544516888250314 ], [ -48.364498339563546, -25.544493562698989 ], [ -48.363471580609264, -25.544552682748723 ], [ -48.362456861400474, -25.544693679159661 ], [ -48.361463952302365, -25.544915194338614 ], [ -48.360502413806323, -25.545215095402799 ], [ -48.359581504525082, -25.545590494704037 ], [ -48.358710092085936, -25.546037777616888 ], [ -48.357896567778006, -25.546552637323444 ], [ -48.357148765773715, -25.547130116261172 ], [ -48.356473887701085, -25.547764653835525 ], [ -48.355878433292474, -25.548450139939071 ], [ -48.355368137777624, -25.549179973763124 ], [ -48.354947916624191, -25.549947127336328 ], [ -48.354621818159032, -25.550744213180174 ], [ -48.354392984528076, -25.55156355543 ], [ -48.35426362137278, -25.55239726373836 ] ] ] } },
{ "type": "Feature", "properties": { "porto": "Terminal Braskem", "classe": "Terminal privado (TUP)", "tipo": "Terminal de uso privado", "estado": null, "cidade": null, "fonte": "OSM (área portuária mapeada)", "osm_id": "way/386107428", "osm_nome": "Motonautica Lagoa Clube", "area_km2": 0.070766341466642929 }, "geometry": { "type": "Polygon", "coordinates": [ [ [ -35.7772194, -9.6964412 ], [ -35.778165, -9.6958366 ], [ -35.7789317, -9.696416 ], [ -35.7793968, -9.696824100000011 ], [ -35.7797955, -9.6973631 ], [ -35.780828, -9.6967737 ], [ -35.7814158, -9.697806499999988 ], [ -35.7798057, -9.69851689999996 ], [ -35.7793355, -9.6986479 ], [ -35.7786761, -9.698436299999983 ], [ -35.7785228, -9.698295200000022 ], [ -35.777199, -9.696607400000021 ], [ -35.7772194, -9.6964412 ] ] ] } },
{ "type": "Feature", "properties": { "porto": "Terminal Privado Copelmi", "classe": "Terminal privado (TUP)", "tipo": "Terminal de uso privado", "estado": null, "cidade": null, "fonte": "envelope estimado (1000 m)", "osm_id": null, "osm_nome": null, "area_km2": 3.1365484905459162 }, "geometry": { "type": "Polygon", "coordinates": [ [ [ -51.613028983433452, -29.948134581549496 ], [ -51.613022251829904, -29.948977777786411 ], [ -51.613120164282563, -29.949817436120064 ], [ -51.613321780009144, -29.950645469994228 ], [ -51.613625159387958, -29.951453904609338 ], [ -51.614027382558781, -29.952234953738593 ], [ -51.614524577471641, -29.952981094735151 ], [ -51.615111957116085, -29.953685141006911 ], [ -51.615783865574699, -29.954340311259724 ], [ -51.616533832459268, -29.954940294841329 ], [ -51.61735463520651, -29.955479312554946 ], [ -51.618238368634273, -29.955952172355627 ], [ -51.6191765210882, -29.956354319391256 ], [ -51.620160056445087, -29.956681879904977 ], [ -51.621179501181857, -29.956931698574582 ], [ -51.622225035669999, -29.957101368928491 ], [ -51.623286588813819, -29.957189256543526 ], [ -51.624353935118492, -29.957194514800914 ], [ -51.625416793250167, -29.957117093048005 ], [ -51.626464925135558, -29.956957737086388 ], [ -51.627488234643543, -29.956717981982354 ], [ -51.628476864895177, -29.956400137268595 ], [ -51.629421293261878, -29.956007264680665 ], [ -51.6303124231342, -29.95554314864324 ], [ -51.631141671575165, -29.955012259791406 ], [ -51.631901052012005, -29.95441971187973 ], [ -51.632583251168782, -29.953771212495454 ], [ -51.633181699498273, -29.953073008051767 ], [ -51.633690634434764, -29.952331823592484 ], [ -51.634105155859217, -29.951554797989967 ], [ -51.634421273243881, -29.950749415160313 ], [ -51.634635944024026, -29.949923431961277 ], [ -51.6347471028296, -29.949084803467045 ], [ -51.634753681298015, -29.948241606340911 ], [ -51.634655618280078, -29.947401961044619 ], [ -51.634453860344209, -29.946573953633287 ], [ -51.63415035257713, -29.945765557889569 ], [ -51.633748019772952, -29.94498455854642 ], [ -51.633250738194789, -29.944238476337478 ], [ -51.632663298183601, -29.943534495595678 ], [ -51.631991357976652, -29.942879395096828 ], [ -51.631241389182243, -29.942279482812658 ], [ -51.630420614437035, -29.941740535199969 ], [ -51.629536937847085, -29.941267741609792 ], [ -51.628598868882506, -29.940865654349814 ], [ -51.627615440458051, -29.940538144879767 ], [ -51.626596121987433, -29.940288366560207 ], [ -51.62555072824685, -29.940118724312153 ], [ -51.624489324923125, -29.940030851478639 ], [ -51.623422131753593, -29.940025594110455 ], [ -51.622359424187188, -29.940103002826032 ], [ -51.621311434511092, -29.940262332324835 ], [ -51.620288253391372, -29.940502048557466 ], [ -51.619299732773094, -29.940819843485102 ], [ -51.618355391071695, -29.941212657285401 ], [ -51.617464321566118, -29.941676707792883 ], [ -51.616635104873481, -29.942207526890741 ], [ -51.615875726346488, -29.942800003504974 ], [ -51.615193499187669, -29.943448432788308 ], [ -51.614594994020365, -29.944146571021562 ], [ -51.614085975594527, -29.944887695705134 ], [ -51.613671347237641, -29.945664670264055 ], [ -51.613355103586819, -29.94647001274361 ], [ -51.613140292059128, -29.947295967836776 ], [ -51.613028983433452, -29.948134581549496 ] ] ] } },
{ "type": "Feature", "properties": { "porto": "J. F. de Oliveira - Manaus", "classe": "Terminal privado (TUP)", "tipo": "Terminal de uso privado", "estado": null, "cidade": null, "fonte": "OSM (área portuária mapeada)", "osm_id": "way/166764250", "osm_nome": null, "area_km2": 0.016120846538879637 }, "geometry": { "type": "Polygon", "coordinates": [ [ [ -59.938572, -3.133344400000021 ], [ -59.9391693, -3.133033400000018 ], [ -59.9393187, -3.1329482 ], [ -59.9395234, -3.1326799 ], [ -59.9393946, -3.132096 ], [ -59.9393142, -3.131897800000018 ], [ -59.9392391, -3.131801400000016 ], [ -59.9391363, -3.1317377 ], [ -59.9390084, -3.131705 ], [ -59.9388747, -3.1317046 ], [ -59.93828640000001, -3.1320259 ], [ -59.9386157, -3.1331668 ], [ -59.9385436, -3.133202100000022 ], [ -59.938572, -3.133344400000021 ] ] ] } },
{ "type": "Feature", "properties": { "porto": "Cimento Vencemos", "classe": "Terminal privado (TUP)", "tipo": "Terminal de uso privado", "estado": null, "cidade": null, "fonte": "OSM (área portuária mapeada)", "osm_id": "way/166764250", "osm_nome": null, "area_km2": 0.016120846538879637 }, "geometry": { "type": "Polygon", "coordinates": [ [ [ -59.938572, -3.133344400000021 ], [ -59.9391693, -3.133033400000018 ], [ -59.9393187, -3.1329482 ], [ -59.9395234, -3.1326799 ], [ -59.9393946, -3.132096 ], [ -59.9393142, -3.131897800000018 ], [ -59.9392391, -3.131801400000016 ], [ -59.9391363, -3.1317377 ], [ -59.9390084, -3.131705 ], [ -59.9388747, -3.1317046 ], [ -59.93828640000001, -3.1320259 ], [ -59.9386157, -3.1331668 ], [ -59.9385436, -3.133202100000022 ], [ -59.938572, -3.133344400000021 ] ] ] } },
{ "type": "Feature", "properties": { "porto": "Terminal Marítimo Dow Aratu - Bahia", "classe": "Terminal privado (TUP)", "tipo": "Terminal de uso privado", "estado": null, "cidade": null, "fonte": "OSM (área portuária mapeada)", "osm_id": "way/754987727", "osm_nome": "Terminal Portuário Cotegipe", "area_km2": 0.27686401307009328 }, "geometry": { "type": "Polygon", "coordinates": [ [ [ -38.4723106, -12.791601500000029 ], [ -38.4718385, -12.7919913 ], [ -38.4710231, -12.7916486 ], [ -38.4722757, -12.7896424 ], [ -38.4723669, -12.789203 ], [ -38.4727344, -12.7885909 ], [ -38.472839, -12.788577800000017 ], [ -38.4731635, -12.7885857 ], [ -38.4734532, -12.788876 ], [ -38.4735873, -12.788896900000019 ], [ -38.4740943, -12.7889022 ], [ -38.4745422, -12.7884784 ], [ -38.47462130000001, -12.7882182 ], [ -38.4749945, -12.7874779 ], [ -38.4750404, -12.7874766 ], [ -38.475078, -12.7874812 ], [ -38.4751189, -12.787496199999984 ], [ -38.4751712, -12.7875263 ], [ -38.4751981, -12.7875474 ], [ -38.475202, -12.7877931 ], [ -38.4752919, -12.7879356 ], [ -38.4759731, -12.7882038 ], [ -38.4762883, -12.78778 ], [ -38.476665, -12.787155 ], [ -38.4770919, -12.7870018 ], [ -38.4777259, -12.787255599999988 ], [ -38.478021, -12.7876179 ], [ -38.4772968, -12.7891559 ], [ -38.4771118, -12.789302400000031 ], [ -38.4774765, -12.790118499999982 ], [ -38.4782624, -12.790330300000011 ], [ -38.4792548, -12.7907802 ], [ -38.47872910000001, -12.7911307 ], [ -38.4786755, -12.791237899999983 ], [ -38.4781682, -12.791823199999987 ], [ -38.47784630000001, -12.792084799999982 ], [ -38.4777594, -12.7923136 ], [ -38.4770535, -12.792896099999984 ], [ -38.4768945, -12.792925 ], [ -38.4767899, -12.792564100000011 ], [ -38.47653780000001, -12.792226699999976 ], [ -38.475717, -12.7917218 ], [ -38.4754917, -12.791646 ], [ -38.47447780000001, -12.7914812 ], [ -38.4732655, -12.791622500000013 ], [ -38.4723106, -12.791601500000029 ] ] ] } },
{ "type": "Feature", "properties": { "porto": "Terminal Fogás", "classe": "Terminal privado (TUP)", "tipo": "Terminal de uso privado", "estado": null, "cidade": null, "fonte": "envelope estimado (1000 m)", "osm_id": null, "osm_nome": null, "area_km2": 3.136548490546164 }, "geometry": { "type": "Polygon", "coordinates": [ [ [ -63.910199361839233, -8.734672744135027 ], [ -63.910267277676489, -8.735542351666096 ], [ -63.910423562731914, -8.736401371162211 ], [ -63.910666713394569, -8.737241529697398 ], [ -63.910994389355942, -8.738054735935615 ], [ -63.91140343609591, -8.738833158060283 ], [ -63.911889915217159, -8.739569299206577 ], [ -63.912449142337771, -8.740256069669449 ], [ -63.913075732178285, -8.740886855191265 ], [ -63.913763650410139, -8.741455580671911 ], [ -63.914506271766705, -8.741956768685961 ], [ -63.915296443857351, -8.742385592245057 ], [ -63.916126556069699, -8.742737921294395 ], [ -63.916988612895565, -8.743010362497392 ], [ -63.917874310973374, -8.743200291923337 ], [ -63.918775119103401, -8.743305880324206 ], [ -63.919682360463298, -8.743326110755987 ], [ -63.920587296230195, -8.743260788374988 ], [ -63.921481209801499, -8.743110542315019 ], [ -63.922355490801159, -8.742876819626655 ], [ -63.923201718059943, -8.742561871337561 ], [ -63.924011740768371, -8.742168730768126 ], [ -63.924777757018759, -8.741701184311459 ], [ -63.925492388978206, -8.741163734959088 ], [ -63.926148753967205, -8.740561558924734 ], [ -63.926740530758359, -8.739900455783788 ], [ -63.927262020456013, -8.739186792608711 ], [ -63.927708201370613, -8.738427442639747 ], [ -63.928074777359519, -8.737629719081522 ], [ -63.928358219169503, -8.736801304662993 ], [ -63.928555798384153, -8.735950177640513 ], [ -63.928665613650644, -8.735084534956089 ], [ -63.928686608935386, -8.734212713291765 ], [ -63.928618583634723, -8.733343108780058 ], [ -63.928462194445636, -8.732484096144114 ], [ -63.928218948980835, -8.731643948046218 ], [ -63.927891191192046, -8.730830755421408 ], [ -63.927482078743971, -8.730052349563097 ], [ -63.926995552559042, -8.729316226710884 ], [ -63.926436298827817, -8.728629475866887 ], [ -63.925809703852373, -8.727998710534768 ], [ -63.925121802158628, -8.727430005038876 ], [ -63.924379218377652, -8.726928836036414 ], [ -63.923589103456038, -8.726500029785306 ], [ -63.922759065809238, -8.726147715675147 ], [ -63.921897098079896, -8.725875286468462 ], [ -63.921011500205651, -8.725685365634895 ], [ -63.920110799535493, -8.725579782092311 ], [ -63.919203668762101, -8.725559552598018 ], [ -63.918298842458611, -8.725624871959647 ], [ -63.917405033020991, -8.725775111159461 ], [ -63.91653084682347, -8.72600882341052 ], [ -63.915684701392102, -8.726323758086211 ], [ -63.914874744391781, -8.726716882389333 ], [ -63.914108775205072, -8.727184410551885 ], [ -63.913394169856232, -8.727721840285383 ], [ -63.912737810002142, -8.728323996129962 ], [ -63.912146016672892, -8.728985079286261 ], [ -63.911624489399664, -8.729698723449744 ], [ -63.911178251316002, -8.730458056110706 ], [ -63.910811600761562, -8.731255764729697 ], [ -63.910528069855062, -8.732084167151937 ], [ -63.91033039043684, -8.732935285582064 ], [ -63.910220467710488, -8.733800923408193 ], [ -63.910199361839233, -8.734672744135027 ] ] ] } },
{ "type": "Feature", "properties": { "porto": "Terminal Estaleiro Mauá", "classe": "Terminal privado (TUP)", "tipo": "Terminal de uso privado", "estado": null, "cidade": null, "fonte": "envelope estimado (1000 m)", "osm_id": null, "osm_nome": null, "area_km2": 3.1365484905458985 }, "geometry": { "type": "Polygon", "coordinates": [ [ [ -43.118963591717055, -22.875990644422171 ], [ -43.11890075091361, -22.876830111409166 ], [ -43.11893677943403, -22.877670677484627 ], [ -43.119071332264319, -22.878504247484472 ], [ -43.119303115482495, -22.879322793476675 ], [ -43.11962989864692, -22.880118432081829 ], [ -43.120048536209126, -22.880883500407531 ], [ -43.120554997747526, -22.88161062986358 ], [ -43.121144406733059, -22.882292817147327 ], [ -43.121811087455512, -22.882923491714223 ], [ -43.122548619659767, -22.883496579082831 ], [ -43.123349900367032, -22.884006559364135 ], [ -43.124207212285718, -22.884448520449453 ], [ -43.125112298153262, -22.884818205344477 ], [ -43.126056440291784, -22.885112053192238 ], [ -43.127030544610562, -22.885327233588601 ], [ -43.128025228244141, -22.88546167385946 ], [ -43.129030909980102, -22.88551407903595 ], [ -43.130037902603128, -22.885483944334737 ], [ -43.131036506263129, -22.885371560022897 ], [ -43.132017101965445, -22.885178008620546 ], [ -43.132970244279917, -22.884905154467781 ], [ -43.133886752373066, -22.884555625757383 ], [ -43.134757798484195, -22.884132789206244 ], [ -43.135574992991032, -22.883640717610216 ], [ -43.136330465243695, -22.883084150596115 ], [ -43.137016939387173, -22.88246844894908 ], [ -43.13762780444123, -22.881799542956944 ], [ -43.138157177962242, -22.881083875269756 ], [ -43.138599962674355, -22.880328338825684 ], [ -43.138951895525196, -22.879540210442773 ], [ -43.139209588695003, -22.878727080716569 ], [ -43.139370562166022, -22.877896780899736 ], [ -43.139433267540852, -22.877057307468508 ], [ -43.139397102882633, -22.87621674510352 ], [ -43.139262418437049, -22.875383188826174 ], [ -43.139030513183982, -22.874564666041195 ], [ -43.138703622254809, -22.873769059236103 ], [ -43.138284895339325, -22.873004030081269 ], [ -43.137778366292928, -22.8722769456616 ], [ -43.137188914238962, -22.871594807548973 ], [ -43.136522216542751, -22.870964184398392 ], [ -43.135784694111685, -22.870391148715289 ], [ -43.134983449548997, -22.869881218402533 ], [ -43.134126198757237, -22.869439303648495 ], [ -43.13322119664992, -22.869069659666987 ], [ -43.132277157686048, -22.868775845742743 ], [ -43.131303171991412, -22.868560690976199 ], [ -43.130308617872807, -22.868426267056503 ], [ -43.129303071565452, -22.868373868324234 ], [ -43.128296215080233, -22.868403999314989 ], [ -43.127297743035527, -22.868516369904317 ], [ -43.126317269368101, -22.868709898099475 ], [ -43.125364234818385, -22.868982720452152 ], [ -43.124447816078508, -22.869332209991672 ], [ -43.123576837475369, -22.869755001506459 ], [ -43.122759686036964, -22.870247023931331 ], [ -43.122004230758073, -22.870803539529199 ], [ -43.121317746841392, -22.87141918949067 ], [ -43.120706845642772, -22.872088045514246 ], [ -43.12017741099482, -22.872803666870194 ], [ -43.119734542522487, -22.873559162400745 ], [ -43.119382506496983, -22.874347256860098 ], [ -43.119124694703054, -22.8751603609565 ], [ -43.118963591717055, -22.875990644422171 ] ] ] } },
{ "type": "Feature", "properties": { "porto": "Terminal Portuário do Pecém", "classe": "Terminal privado (TUP)", "tipo": "Terminal de uso privado", "estado": null, "cidade": null, "fonte": "envelope estimado (1000 m)", "osm_id": null, "osm_nome": null, "area_km2": 3.1365484905464203 }, "geometry": { "type": "Polygon", "coordinates": [ [ [ -38.787544601562544, -3.525394601248212 ], [ -38.787464940687357, -3.526285249569144 ], [ -38.787471213115886, -3.527179572599976 ], [ -38.787563359928136, -3.528068957519465 ], [ -38.787740495154175, -3.528944839039137 ], [ -38.788000914250581, -3.52979878189275 ], [ -38.788342110463681, -3.53062256207429 ], [ -38.788760798923896, -3.531408246042381 ], [ -38.789252948240929, -3.532148267127848 ], [ -38.789813819297251, -3.532835498409029 ], [ -38.79043801086722, -3.533463321352242 ], [ -38.791119511623492, -3.534025689556388 ], [ -38.791851758030234, -3.53451718698815 ], [ -38.792627697565443, -3.5349330801456 ], [ -38.793439856663269, -3.535269363649042 ], [ -38.794280412720958, -3.535522798818804 ], [ -38.795141269475764, -3.535690944868799 ], [ -38.796014135024429, -3.535772182415188 ], [ -38.79689060173181, -3.535765729073783 ], [ -38.797762227257209, -3.535671646995491 ], [ -38.798620615915993, -3.535490842267933 ], [ -38.799457499590417, -3.535225056188186 ], [ -38.800264817408653, -3.534876848491344 ], [ -38.801034793422467, -3.534449572696024 ], [ -38.801760011533695, -3.533947343804995 ], [ -38.802433486946327, -3.533374998671258 ], [ -38.80304873345505, -3.532738049412214 ], [ -38.803599825921296, -3.532042630320316 ], [ -38.804081457334703, -3.531295438781586 ], [ -38.804488989910524, -3.530503670771826 ], [ -38.804818499731446, -3.529674951550769 ], [ -38.805066814504571, -3.528817262222973 ], [ -38.805231544071297, -3.527938862872099 ], [ -38.80531110337791, -3.527048213009235 ], [ -38.805304727687407, -3.526153890101414 ], [ -38.805212479888084, -3.525264506965101 ], [ -38.805035249830752, -3.524388628820293 ], [ -38.804774745703128, -3.523534690803559 ], [ -38.804433477526601, -3.522710916734896 ], [ -38.804014732936267, -3.521925239920985 ], [ -38.80352254547946, -3.521185226755903 ], [ -38.802961655739409, -3.520498003856985 ], [ -38.802337465659754, -3.519870189435806 ], [ -38.801655986510575, -3.519307829565919 ], [ -38.800923780997358, -3.518816339960405 ], [ -38.800147900070584, -3.518400453820423 ], [ -38.799335815043811, -3.518064176255987 ], [ -38.798495345673288, -3.51781074571854 ], [ -38.797634584890424, -3.517642602816148 ], [ -38.796761820910326, -3.517561366811694 ], [ -38.795885457464919, -3.517567820030121 ], [ -38.795013932926587, -3.51766190032522 ], [ -38.794155639099117, -3.517842701677896 ], [ -38.793318840455917, -3.518108482920765 ], [ -38.792511594601109, -3.518456684504712 ], [ -38.791741674717407, -3.518883953145902 ], [ -38.791016494745946, -3.519386174116513 ], [ -38.790343038017042, -3.519958510867985 ], [ -38.789727790018006, -3.520595451604995 ], [ -38.789176675944667, -3.521290862362654 ], [ -38.788695003637734, -3.522038046075117 ], [ -38.788287412453478, -3.522829807067427 ], [ -38.787957828561503, -3.52365852034946 ], [ -38.787709427101213, -3.52451620504496 ], [ -38.787544601562544, -3.525394601248212 ] ] ] } },
{ "type": "Feature", "properties": { "porto": "Porto Chibatão", "classe": "Terminal privado (TUP)", "tipo": "Terminal de uso privado", "estado": null, "cidade": null, "fonte": "envelope estimado (1000 m)", "osm_id": null, "osm_nome": null, "area_km2": 3.1365484905461787 }, "geometry": { "type": "Polygon", "coordinates": [ [ [ -59.982200215158599, -3.159999195125832 ], [ -59.982243015783894, -3.160894259165719 ], [ -59.982371211785662, -3.161780709154132 ], [ -59.982583569982822, -3.162650008061244 ], [ -59.982878046555321, -3.163493784011511 ], [ -59.983251806677231, -3.164303910911383 ], [ -59.98370125177351, -3.165072586710608 ], [ -59.984222054140275, -3.165792408543858 ], [ -59.984809198596068, -3.166456444027493 ], [ -59.985457030764202, -3.167058298027037 ], [ -59.986159311522051, -3.167592174249266 ], [ -59.986909277092586, -3.168052931068599 ], [ -59.987699704199862, -3.168436131047399 ], [ -59.988522979659926, -3.168738083674846 ], [ -59.989371173735918, -3.168955880911869 ], [ -59.990236116549859, -3.169087425199846 ], [ -59.991109476813165, -3.169131449663141 ], [ -59.991982842115917, -3.169087530311363 ], [ -59.992847799999687, -3.168956090122654 ], [ -59.993696019030622, -3.168738394970018 ], [ -59.994519329090252, -3.168436541428914 ], [ -59.995309800108323, -3.168053436584167 ], [ -59.996059818477669, -3.167592770030405 ], [ -59.996762160413581, -3.167058978335889 ], [ -59.997410061549559, -3.166457202312214 ], [ -59.997997282098368, -3.165793237501565 ], [ -59.998518166950205, -3.165073478357962 ], [ -59.99896770012888, -3.16430485666114 ], [ -59.999341553081905, -3.163494774755494 ], [ -59.999636126340008, -3.162651034257947 ], [ -59.999848584145845, -3.161781760920651 ], [ -59.999976881719974, -3.160895326372911 ], [ -60.000019784902968, -3.16000026749586 ], [ -59.999976881986669, -3.159105204206384 ], [ -59.999848587622509, -3.158218756442269 ], [ -59.999636138771599, -3.157349461147802 ], [ -59.999341582737742, -3.156505690059723 ], [ -59.998967757400543, -3.155695569084703 ], [ -59.99851826384122, -3.154926900045286 ], [ -59.997997431626054, -3.154207085547124 ], [ -59.997410277083596, -3.15354305769184 ], [ -59.996762454978096, -3.15294121132091 ], [ -59.996060204045548, -3.152407342434208 ], [ -59.995310286916769, -3.151946592375564 ], [ -59.994519925006117, -3.151563398322809 ], [ -59.993696728992091, -3.151261450558876 ], [ -59.99284862555848, -3.151043656936102 ], [ -59.991983781099918, -3.150912114874164 ], [ -59.991110523125251, -3.150868091163053 ], [ -59.990237260113503, -3.150912009764422 ], [ -59.989372400592131, -3.151043447728847 ], [ -59.988524272214946, -3.151261139268823 ], [ -59.98770104161666, -3.151562987947789 ], [ -59.986910635813892, -3.15194608686765 ], [ -59.986160665907583, -3.152406746661554 ], [ -59.985458353820057, -3.152940531021032 ], [ -59.984810462770767, -3.153542299416288 ], [ -59.984223232159302, -3.154206256598374 ], [ -59.983702317482184, -3.154926008406417 ], [ -59.983252735861747, -3.1556946233426 ], [ -59.982878817712084, -3.156504699322234 ], [ -59.98258416500795, -3.157348434956201 ], [ -59.982371616559732, -3.158217704679266 ], [ -59.982243220630231, -3.159104137001 ], [ -59.982200215158599, -3.159999195125832 ] ] ] } },
{ "type": "Feature", "properties": { "porto": "Terminal Aquaviário de São Sebastião (Almirante Barroso)", "classe": "Terminal privado (TUP)", "tipo": "Terminal de uso privado", "estado": null, "cidade": null, "fonte": "OSM (área portuária mapeada)", "osm_id": "way/754260729", "osm_nome": "Centro Naútico Ilhabela", "area_km2": 0.017829563250947811 }, "geometry": { "type": "Polygon", "coordinates": [ [ [ -45.3709184, -23.816247300000025 ], [ -45.3709406, -23.8162919 ], [ -45.3709756, -23.8163574 ], [ -45.3710427, -23.816501500000012 ], [ -45.3711835, -23.8167764 ], [ -45.3713035, -23.8170232 ], [ -45.3713383, -23.8172235 ], [ -45.3713566, -23.8173323 ], [ -45.3701767, -23.8179509 ], [ -45.3700906, -23.81779580000001 ], [ -45.3696432, -23.817157499999983 ], [ -45.3696207, -23.817137 ], [ -45.370903, -23.8162579 ], [ -45.3709184, -23.816247300000025 ] ] ] } },
{ "type": "Feature", "properties": { "porto": "Terminal Marítimo Ponte do Thun", "classe": "Terminal privado (TUP)", "tipo": "Terminal de uso privado", "estado": null, "cidade": null, "fonte": "envelope estimado (1000 m)", "osm_id": null, "osm_nome": null, "area_km2": 3.1365484905458985 }, "geometry": { "type": "Polygon", "coordinates": [ [ [ -43.162020898853505, -22.830993035790563 ], [ -43.161958366296894, -22.831832544931302 ], [ -43.161994668251921, -22.832673129714422 ], [ -43.162129457069788, -22.833506694795407 ], [ -43.162361436554164, -22.834325212289578 ], [ -43.162688374371534, -22.835120799092358 ], [ -43.163107123482234, -22.835885792810824 ], [ -43.163613652388648, -22.836612825574246 ], [ -43.164203083911254, -22.837294895012381 ], [ -43.164869742121297, -22.837925431716915 ], [ -43.165607206979182, -22.838498362535748 ], [ -43.166408376153676, -22.839008169089034 ], [ -43.167265533426637, -22.839449940942853 ], [ -43.168170423024414, -22.839819422927011 ], [ -43.169114329159314, -22.840113056140112 ], [ -43.170088160013762, -22.840328012246491 ], [ -43.171082535356589, -22.840462220733187 ], [ -43.172087876945376, -22.840514388864477 ], [ -43.173094500841835, -22.840484014140522 ], [ -43.174092710748411, -22.840371389140266 ], [ -43.175072891464126, -22.840177598701757 ], [ -43.176025601557143, -22.839904509466784 ], [ -43.176941664358282, -22.839554751891523 ], [ -43.177812256397033, -22.839131694895944 ], [ -43.178628992425736, -22.838639413397765 ], [ -43.179384006211414, -22.838082649043859 ], [ -43.180070026315626, -22.837466764518346 ], [ -43.180680446131788, -22.836797691868693 ], [ -43.181209387504872, -22.836081875348199 ], [ -43.181651757321227, -22.835326209326833 ], [ -43.182003296524158, -22.834537971869018 ], [ -43.182260621084616, -22.83372475461935 ], [ -43.182421254534127, -22.832894389672205 ], [ -43.182483651748882, -22.832054874130264 ], [ -43.182447213758522, -22.831214293079011 ], [ -43.182312293439587, -22.830380741719456 ], [ -43.18208019204193, -22.829562247409061 ], [ -43.181753146584121, -22.828766692361448 ], [ -43.181334308242391, -22.828001737749169 ], [ -43.180827711943465, -22.827274749940152 ], [ -43.180238237456685, -22.82659272957709 ], [ -43.179571562361936, -22.825962244182342 ], [ -43.178834107347647, -22.825389364936171 ], [ -43.178032974366793, -22.824879608236557 ], [ -43.177175878246615, -22.824437882601583 ], [ -43.176271072410685, -22.824068441425243 ], [ -43.175327269427768, -22.823774842040706 ], [ -43.174353557151377, -22.823559911483738 ], [ -43.173359311255794, -22.823425719285247 ], [ -43.172354105008871, -22.823373557555172 ], [ -43.171347617147745, -22.823403928547272 ], [ -43.170349538742244, -22.82351653982608 ], [ -43.169369479939803, -22.823710307080827 ], [ -43.168416877487225, -22.82398336456065 ], [ -43.167500903917116, -22.824333083029718 ], [ -43.166630379270885, -22.824756095070878 ], [ -43.165813686206349, -22.825248327493998 ], [ -43.165058689305397, -22.825805040538135 ], [ -43.164372659357568, -22.826420873490953 ], [ -43.163762203347758, -22.827089896286928 ], [ -43.1632332008219, -22.827805666588592 ], [ -43.162790747243704, -22.828561291802124 ], [ -43.162439104888783, -22.829349495431362 ], [ -43.162181661750253, -22.830162687131672 ], [ -43.162020898853505, -22.830993035790563 ] ] ] } },
{ "type": "Feature", "properties": { "porto": "Terminal Aquaviário de Osório", "classe": "Terminal privado (TUP)", "tipo": "Terminal de uso privado", "estado": null, "cidade": null, "fonte": "envelope estimado (1000 m)", "osm_id": null, "osm_nome": null, "area_km2": 3.1365484905459162 }, "geometry": { "type": "Polygon", "coordinates": [ [ [ -50.084334871480394, -30.011340931649556 ], [ -50.084317355132576, -30.012184111368235 ], [ -50.084404577925824, -30.013024587854009 ], [ -50.084595702035131, -30.013854266691457 ], [ -50.08488888889709, -30.014665157257419 ], [ -50.085281316836841, -30.01544944968898 ], [ -50.085769208170348, -30.016199590117498 ], [ -50.0863478655235, -30.016908353443824 ], [ -50.087011717021056, -30.017568912951756 ], [ -50.087754369911707, -30.018174906089275 ], [ -50.088568672114569, -30.018720495781981 ], [ -50.089446781094757, -30.01920042668673 ], [ -50.090380239405135, -30.01961007584265 ], [ -50.091360056166025, -30.019945497229841 ], [ -50.092376793697049, -30.020203459805224 ], [ -50.093420658465277, -30.020381478648229 ], [ -50.094481595471137, -30.020477838915024 ], [ -50.095549385160986, -30.020491612369735 ], [ -50.09661374192958, -30.020422666332813 ], [ -50.097664413260937, -30.020271664960088 ], [ -50.098691278549381, -30.020040062840334 ], [ -50.099684446645981, -30.01973009097253 ], [ -50.100634351187708, -30.019344735259352 ], [ -50.101531842788752, -30.018887707724208 ], [ -50.102368277203482, -30.018363410730419 ], [ -50.103135598610265, -30.017776894547485 ], [ -50.10382641721268, -30.01713380867627 ], [ -50.104434080410037, -30.016440347401204 ], [ -50.104952736851715, -30.015703190097121 ], [ -50.105377392758925, -30.014929436866037 ], [ -50.105703959972729, -30.014126540125851 ], [ -50.105929295267153, -30.013302232810545 ], [ -50.10605123055123, -30.012464453874742 ], [ -50.106068593671594, -30.011621271820985 ], [ -50.105981219618315, -30.010780806986563 ], [ -50.105789952029248, -30.009951153339262 ], [ -50.105496634981641, -30.00914030053416 ], [ -50.105104095153308, -30.008356056983057 ], [ -50.10461611452812, -30.007605974676064 ], [ -50.10403739391159, -30.006897276478888 ], [ -50.103373507610172, -30.006236786604784 ], [ -50.102630849712625, -30.005630864929767 ], [ -50.101816572492275, -30.005085345781989 ], [ -50.100938517523936, -30.00460548179359 ], [ -50.100005140179093, -30.004195893353888 ], [ -50.099025428225985, -30.00386052414952 ], [ -50.098008815317243, -30.003602603218173 ], [ -50.096965090196683, -30.003424613880053 ], [ -50.09590430249726, -30.003328269845124 ], [ -50.094836666034865, -30.003314498725558 ], [ -50.093772460526296, -30.003383433111097 ], [ -50.092721932674706, -30.003534409293657 ], [ -50.091695197571909, -30.003765973652538 ], [ -50.090702141363892, -30.004075896639918 ], [ -50.089752326113846, -30.004461194231535 ], [ -50.088854897776166, -30.004918156637519 ], [ -50.088018498165312, -30.005442383997504 ], [ -50.087251181765417, -30.006028828717934 ], [ -50.08656033818049, -30.00667184404421 ], [ -50.085952620971284, -30.007365238402915 ], [ -50.085433883564072, -30.008102334990813 ], [ -50.08500912284908, -30.008876036039105 ], [ -50.084682431012986, -30.009678891135241 ], [ -50.084456956070909, -30.010503168945647 ], [ -50.084334871480394, -30.011340931649556 ] ] ] } },
{ "type": "Feature", "properties": { "porto": "Terminal Aquaviário de São Francisco do Sul", "classe": "Terminal privado (TUP)", "tipo": "Terminal de uso privado", "estado": null, "cidade": null, "fonte": "envelope estimado (1000 m)", "osm_id": null, "osm_nome": null, "area_km2": 3.1365484905458985 }, "geometry": { "type": "Polygon", "coordinates": [ [ [ -48.490455387393673, -26.216710870811529 ], [ -48.490427518369593, -26.217551033994738 ], [ -48.490501189306002, -26.218389370095675 ], [ -48.490675692764114, -26.219217805355918 ], [ -48.490949350136013, -26.220028361201855 ], [ -48.491319527735371, -26.220813231093683 ], [ -48.491782662092767, -26.221564855723834 ], [ -48.492334294214466, -26.222275995839475 ], [ -48.492969112477219, -26.22293980198727 ], [ -48.493681003747646, -26.223549880507559 ], [ -48.494463112235287, -26.224100355141172 ], [ -48.495307905513322, -26.224585923654519 ], [ -48.496207247071276, -26.225001908936111 ], [ -48.497152474700528, -26.225344304071129 ], [ -48.498134483956775, -26.225609810959348 ], [ -48.499143815894072, -26.225795872102104 ], [ -48.500170748223447, -26.225900695252939 ], [ -48.501205389015745, -26.225923270691982 ], [ -48.502237772043571, -26.225863380958717 ], [ -48.503257952841103, -26.225721602947729 ], [ -48.504256104553654, -26.225499302348492 ], [ -48.50522261265084, -26.225198620481528 ], [ -48.506148167588272, -26.22482245365951 ], [ -48.50702385452297, -26.224374425271662 ], [ -48.507841239215807, -26.223858850861841 ], [ -48.508592449292387, -26.223280696537174 ], [ -48.509270250077904, -26.222645531109453 ], [ -48.509868114275342, -26.221959472430747 ], [ -48.510380284815525, -26.221229128442303 ], [ -48.51080183027436, -26.220461533504697 ], [ -48.511128692324348, -26.219664080624508 ], [ -48.511357724765396, -26.21884445023046 ], [ -48.511486723760477, -26.21801053618703 ], [ -48.511514448987974, -26.217170369757376 ], [ -48.511440635509423, -26.216332042249988 ], [ -48.511265996241406, -26.215503627093021 ], [ -48.510992215010951, -26.214693102087498 ], [ -48.510621930264193, -26.213908272588018 ], [ -48.510158709588175, -26.213156696349969 ], [ -48.509607015293795, -26.212445610766483 ], [ -48.508972161393572, -26.21178186319527 ], [ -48.508260262390415, -26.211171845044863 ], [ -48.507478174371954, -26.210621430254484 ], [ -48.506633428978382, -26.21013591875797 ], [ -48.505734160880003, -26.209719985475747 ], [ -48.504789029462422, -26.20937763532422 ], [ -48.503807135472577, -26.209112164675016 ], [ -48.502797933426812, -26.208926129634118 ], [ -48.501771140622431, -26.208821321444915 ], [ -48.500736643626702, -26.208798749252281 ], [ -48.499704403141031, -26.208858630392012 ], [ -48.49868435815339, -26.209000388299742 ], [ -48.497686330299395, -26.209222658058565 ], [ -48.496719929349617, -26.209523299533139 ], [ -48.495794460730799, -26.209899417963058 ], [ -48.494918835968782, -26.210347391818743 ], [ -48.494101486913408, -26.210862907652004 ], [ -48.493350284569559, -26.211441001606758 ], [ -48.492672463314868, -26.212076107191269 ], [ -48.49207455123296, -26.21276210885312 ], [ -48.491562307233202, -26.213492400842259 ], [ -48.49114066556271, -26.214259950796308 ], [ -48.490813688246305, -26.21505736743751 ], [ -48.490584525913732, -26.215876971729681 ], [ -48.490455387393673, -26.216710870811529 ] ] ] } },
{ "type": "Feature", "properties": { "porto": "Terminal Aquaviário de Ilha Redonda e Terminal Aquaviário da Ilha Comprida", "classe": "Terminal privado (TUP)", "tipo": "Terminal de uso privado", "estado": null, "cidade": null, "fonte": "OSM (área portuária mapeada)", "osm_id": "way/186450227", "osm_nome": "Terminal GNL", "area_km2": 0.0037928575072306184 }, "geometry": { "type": "Polygon", "coordinates": [ [ [ -43.1322773, -22.7831158 ], [ -43.1320673, -22.7831503 ], [ -43.1320513, -22.7831535 ], [ -43.1320368, -22.783154400000015 ], [ -43.131747, -22.7831847 ], [ -43.1316695, -22.782669700000039 ], [ -43.1317292, -22.78266210000001 ], [ -43.131725, -22.7826344 ], [ -43.1319353, -22.7826026 ], [ -43.1319537, -22.7825995 ], [ -43.1319795, -22.7825968 ], [ -43.1322695, -22.7825632 ], [ -43.1323479, -22.783061700000037 ], [ -43.13227040000001, -22.783072 ], [ -43.1322773, -22.7831158 ] ] ] } },
{ "type": "Feature", "properties": { "porto": "Terminal Aquaviário de Angra dos Reis", "classe": "Terminal privado (TUP)", "tipo": "Terminal de uso privado", "estado": null, "cidade": null, "fonte": "envelope estimado (1000 m)", "osm_id": null, "osm_nome": null, "area_km2": 3.1365484905458985 }, "geometry": { "type": "Polygon", "coordinates": [ [ [ -44.218662638854816, -23.060496649722232 ], [ -44.218607022524623, -23.061336368809734 ], [ -44.218650427136531, -23.062176587454939 ], [ -44.21879243664425, -23.063009213828401 ], [ -44.219031685311656, -23.063826229073431 ], [ -44.219365870792913, -23.064619764539895 ], [ -44.219791776238019, -23.065382177577156 ], [ -44.220305301213656, -23.066106125154747 ], [ -44.220901501143878, -23.066784634602286 ], [ -44.221574634892541, -23.067411170785061 ], [ -44.222318220030623, -23.067979699068886 ], [ -44.223125095257295, -23.068484743465419 ], [ -44.223987489373648, -23.06892143939789 ], [ -44.224897096144637, -23.069285580577411 ], [ -44.225845154327629, -23.069573659537607 ], [ -44.226822532095298, -23.06978290143584 ], [ -44.227819815038089, -23.069911290795364 ], [ -44.228827396896548, -23.069957590929167 ], [ -44.229835572147046, -23.069921355858909 ], [ -44.230834629546699, -23.069802934612898 ], [ -44.231814945733298, -23.069603467862525 ], [ -44.232767077976455, -23.069324876928583 ], [ -44.233681855183434, -23.068969845264853 ], [ -44.234550466280957, -23.068541792596658 ], [ -44.235364545119381, -23.068044841965097 ], [ -44.236116251079871, -23.06748377999423 ], [ -44.236798344606598, -23.066864010765983 ], [ -44.23740425693601, -23.066191503746904 ], [ -44.237928153351021, -23.065472736270213 ], [ -44.238364989351382, -23.064714631127664 ], [ -44.238710559200072, -23.063924489873749 ], [ -44.238961536379442, -23.063109922484934 ], [ -44.239115505569394, -23.062278774053073 ], [ -44.239170985841866, -23.061439049218809 ], [ -44.239127444850702, -23.060598835073776 ], [ -44.238985303883204, -23.05976622327444 ], [ -44.238745933727394, -23.058949232117502 ], [ -44.238411641397846, -23.058155729327332 ], [ -44.237985647850692, -23.057393356298924 ], [ -44.237472056904949, -23.056669454525132 ], [ -44.236875815671766, -23.055990994916183 ], [ -44.23620266687454, -23.055364510691469 ], [ -44.235459093520589, -23.054796034488479 ], [ -44.234652256457892, -23.054291040294174 ], [ -44.233789925418733, -23.053854390756012 ], [ -44.23288040421415, -23.053490290379973 ], [ -44.231932450798482, -23.053202245064433 ], [ -44.230955192972921, -23.05299302835903 ], [ -44.229958040537731, -23.052864654772385 ], [ -44.228950594737, -23.052818360385359 ], [ -44.227942555865745, -23.052854590955487 ], [ -44.226943629925884, -23.052972997627322 ], [ -44.22596343522769, -23.053172440289611 ], [ -44.225011409832817, -23.053450998547262 ], [ -44.2240967207279, -23.053805990202139 ], [ -44.223228175600475, -23.054233997066518 ], [ -44.222414138065005, -23.054730897859546 ], [ -44.221662447153079, -23.055291907872302 ], [ -44.220980341842221, -23.055911625019686 ], [ -44.220374391348834, -23.05658408183654 ], [ -44.219850431856628, -23.057302802918958 ], [ -44.219413510289861, -23.058060867257986 ], [ -44.219067835673847, -23.058850974867312 ], [ -44.218816738552356, -23.059665517063255 ], [ -44.218662638854816, -23.060496649722232 ] ] ] } },
{ "type": "Feature", "properties": { "porto": "Terminal Aquaviário da Ilha D'Água", "classe": "Terminal privado (TUP)", "tipo": "Terminal de uso privado", "estado": null, "cidade": null, "fonte": "OSM (área portuária mapeada)", "osm_id": "way/1233021143", "osm_nome": null, "area_km2": 0.00019446433337705129 }, "geometry": { "type": "Polygon", "coordinates": [ [ [ -43.1773055, -22.801546 ], [ -43.177051, -22.801582599999971 ], [ -43.1769645, -22.8015004 ], [ -43.1773218, -22.8015185 ], [ -43.1773055, -22.801546 ] ] ] } },
{ "type": "Feature", "properties": { "porto": "Terminal Aquaviário de Madre de Deus", "classe": "Terminal privado (TUP)", "tipo": "Terminal de uso privado", "estado": null, "cidade": null, "fonte": "OSM (área portuária mapeada)", "osm_id": "way/60263452", "osm_nome": "Terminal de Madre de Deus", "area_km2": 0.19751684193224842 }, "geometry": { "type": "Polygon", "coordinates": [ [ [ -38.6213627, -12.745935200000014 ], [ -38.6209567, -12.745947700000013 ], [ -38.6199368, -12.7459803 ], [ -38.6190865, -12.746032700000034 ], [ -38.6186686, -12.74611639999998 ], [ -38.6176977, -12.7472112 ], [ -38.6176655, -12.747682100000013 ], [ -38.6170131, -12.748059800000037 ], [ -38.6170399, -12.7480925 ], [ -38.6170681, -12.748118 ], [ -38.6171009, -12.7481297 ], [ -38.6171284, -12.7481343 ], [ -38.6171827, -12.748135600000023 ], [ -38.6172203, -12.7481415 ], [ -38.6172532, -12.748163800000036 ], [ -38.6172827, -12.7481925 ], [ -38.6173792, -12.7482978 ], [ -38.6174154, -12.748345600000016 ], [ -38.6174369, -12.748395300000015 ], [ -38.6174604, -12.7484345 ], [ -38.6175308, -12.748508399999983 ], [ -38.61763, -12.7486137 ], [ -38.6178969, -12.748779800000021 ], [ -38.6181289, -12.7489172 ], [ -38.6182389, -12.7489643 ], [ -38.6183716, -12.7490127 ], [ -38.6184709, -12.749045400000021 ], [ -38.6185581, -12.749101600000015 ], [ -38.6186197, -12.749165700000015 ], [ -38.6186264, -12.749239 ], [ -38.6186117, -12.7493345 ], [ -38.6185996, -12.749403799999959 ], [ -38.6186211, -12.749450899999976 ], [ -38.6187579, -12.749549 ], [ -38.6188611, -12.749617 ], [ -38.6190127, -12.749722900000025 ], [ -38.6191052, -12.74978440000001 ], [ -38.61922460000001, -12.749848499999976 ], [ -38.6193131, -12.749890399999984 ], [ -38.6193962, -12.74989950000001 ], [ -38.6194727, -12.749885099999988 ], [ -38.61955050000001, -12.7498943 ], [ -38.6196296, -12.74992049999998 ], [ -38.6197838, -12.750009400000017 ], [ -38.6198911, -12.7500604 ], [ -38.6200252, -12.7500918 ], [ -38.62019690000001, -12.750129699999972 ], [ -38.6203887, -12.750169 ], [ -38.620618, -12.7502265 ], [ -38.6209023, -12.7502932 ], [ -38.6210686, -12.7503233 ], [ -38.6211893, -12.750356 ], [ -38.6212778, -12.7503743 ], [ -38.6213449, -12.7503835 ], [ -38.6214079, -12.7503704 ], [ -38.6214924, -12.750310300000013 ], [ -38.6220691, -12.7498786 ], [ -38.6220858, -12.749855699999985 ], [ -38.6220872, -12.7498256 ], [ -38.6220516, -12.749768699999978 ], [ -38.6220382, -12.749725600000032 ], [ -38.6220489, -12.749678500000012 ], [ -38.6220825, -12.749653600000014 ], [ -38.6221254, -12.74963920000001 ], [ -38.6221857, -12.749609100000017 ], [ -38.6222253, -12.749582300000027 ], [ -38.6223419, -12.7494569 ], [ -38.6223896, -12.749406400000014 ], [ -38.6224097, -12.7493528 ], [ -38.6224312, -12.749252 ], [ -38.6224499, -12.749151300000017 ], [ -38.6224633, -12.7490545 ], [ -38.6224929, -12.7489761 ], [ -38.62253170000001, -12.7489133 ], [ -38.6225639, -12.748850499999975 ], [ -38.6225787, -12.748744499999978 ], [ -38.622584, -12.748653 ], [ -38.6225733, -12.7485823 ], [ -38.6225666, -12.748499900000011 ], [ -38.6225532, -12.748395300000015 ], [ -38.6225438, -12.748297199999984 ], [ -38.6225237, -12.748212199999966 ], [ -38.6224727, -12.7480957 ], [ -38.6224352, -12.7480186 ], [ -38.6223654, -12.7479074 ], [ -38.6223185, -12.747835400000014 ], [ -38.62167980000001, -12.747093800000012 ], [ -38.6213627, -12.745935200000014 ] ] ] } },
{ "type": "Feature", "properties": { "porto": "Terminal Portuário de Presidente Epitácio", "classe": "Terminal privado (TUP)", "tipo": "Terminal de uso privado", "estado": null, "cidade": null, "fonte": "envelope estimado (1000 m)", "osm_id": null, "osm_nome": null, "area_km2": 3.136548490545898 }, "geometry": { "type": "Polygon", "coordinates": [ [ [ -52.095253992939178, -21.754690571194587 ], [ -52.095250874765455, -21.755532496100336 ], [ -52.095345662839513, -21.756370623812327 ], [ -52.095537446196566, -21.75719688256914 ], [ -52.095824379646693, -21.758003314780982 ], [ -52.096203701476213, -21.758782153675924 ], [ -52.096671759982556, -21.759525898112944 ], [ -52.097224048589354, -21.760227384841336 ], [ -52.09785524920558, -21.760879857509043 ], [ -52.098559283412818, -21.761477031755057 ], [ -52.099329370988833, -21.762013155758002 ], [ -52.100158095204335, -21.762483065656316 ], [ -52.101037474264153, -21.762882235305902 ], [ -52.101959038204228, -21.763206819894471 ], [ -52.10291391050292, -21.763453692991934 ], [ -52.103892893618848, -21.763620476678927 ], [ -52.10488655762974, -21.763705564462732 ], [ -52.105885331116163, -21.763708136759316 ], [ -52.106879593412209, -21.763628168791723 ], [ -52.107859767331995, -21.763466430828885 ], [ -52.108816411476148, -21.763224480762506 ], [ -52.109740311226332, -21.762904649093201 ], [ -52.110622567549072, -21.762510016471783 ], [ -52.111454682751088, -21.762044384011688 ], [ -52.112228642358332, -21.761512236659648 ], [ -52.112936992328606, -21.760918699978156 ], [ -52.113572910852888, -21.760269490756933 ], [ -52.114130274053615, -21.759570861929859 ], [ -52.114603714946824, -21.758829542329135 ], [ -52.114988675101209, -21.758052671857868 ], [ -52.115281448497356, -21.757247732706084 ], [ -52.11547921716663, -21.756422477273926 ], [ -52.115580078268223, -21.755584853496668 ], [ -52.115583062346197, -21.754742928291027 ], [ -52.115488142593172, -21.75390480986097 ], [ -52.115296235034243, -21.753078569611329 ], [ -52.115009189632374, -21.752272164420624 ], [ -52.114629772403482, -21.751493360022401 ], [ -52.114161638716261, -21.750749656231967 ], [ -52.113609298036252, -21.750048214738015 ], [ -52.11297807045564, -21.749395790154267 ], [ -52.112274035429046, -21.748798664993846 ], [ -52.111503973210205, -21.74826258919191 ], [ -52.110675299553932, -21.747792724757591 ], [ -52.109795994312456, -21.747393596087832 ], [ -52.108874524613015, -21.747069046420126 ], [ -52.107919763355653, -21.746822200842576 ], [ -52.106940903814483, -21.746655436216923 ], [ -52.105947371162877, -21.746570358303384 ], [ -52.104948731772197, -21.746567786306752 ], [ -52.103954601155138, -21.746647744992362 ], [ -52.102974551437214, -21.746809464448035 ], [ -52.102018019244802, -21.747051387493293 ], [ -52.101094214894005, -21.747371184665884 ], [ -52.100212033752129, -21.747765776640694 ], [ -52.099379970623325, -21.748231363866381 ], [ -52.098606037980467, -21.748763463134466 ], [ -52.097897688829555, -21.749356950730323 ], [ -52.097261744948092, -21.750006111750544 ], [ -52.096704331188128, -21.750704695113647 ], [ -52.096230816476577, -21.751445973734501 ], [ -52.095845762081559, -21.752222809284959 ], [ -52.095552877644081, -21.753027720916833 ], [ -52.09535498540005, -21.753852957287624 ], [ -52.095253992939178, -21.754690571194587 ] ] ] } },
{ "type": "Feature", "properties": { "porto": "Terminal Hidroviário de Porto Murtinho", "classe": "Estação de transbordo", "tipo": "Estação de transbordo de cargas", "estado": null, "cidade": null, "fonte": "OSM (área portuária mapeada)", "osm_id": "way/1056021932", "osm_nome": "APPM", "area_km2": 0.29967117258879378 }, "geometry": { "type": "Polygon", "coordinates": [ [ [ -57.8830284, -21.6926089 ], [ -57.8800672, -21.6952407 ], [ -57.8792304, -21.694602699999962 ], [ -57.87857120000001, -21.6951189 ], [ -57.8753895, -21.69195089999997 ], [ -57.8787154, -21.689099800000015 ], [ -57.8798526, -21.689378900000019 ], [ -57.8830284, -21.6926089 ] ] ] } },
{ "type": "Feature", "properties": { "porto": "Chibatão Navegação e Comércio", "classe": "Terminal privado (TUP)", "tipo": "Terminal de uso privado", "estado": null, "cidade": null, "fonte": "envelope estimado (1000 m)", "osm_id": null, "osm_nome": null, "area_km2": 3.1365484905461787 }, "geometry": { "type": "Polygon", "coordinates": [ [ [ -59.984146406513325, -3.156666312488621 ], [ -59.984189217445042, -3.157561392392118 ], [ -59.984317421811248, -3.158447856960392 ], [ -59.98452978635023, -3.159317169023153 ], [ -59.984824267180819, -3.160160956578299 ], [ -59.985198029435963, -3.160971093420483 ], [ -59.985647474520029, -3.161739777403903 ], [ -59.986168274729195, -3.162459605584379 ], [ -59.98675541490271, -3.163123645517402 ], [ -59.987403240705113, -3.163725502025563 ], [ -59.988105513074991, -3.16425937879183 ], [ -59.988855468316132, -3.164720134185327 ], [ -59.989645883252059, -3.165103330782258 ], [ -59.990469144816032, -3.165405278104503 ], [ -59.991317323405049, -3.16562306816415 ], [ -59.992182249290309, -3.165754603471728 ], [ -59.993055591346312, -3.165798617238186 ], [ -59.993928937338566, -3.165754685576099 ], [ -59.994793874994656, -3.165623231582178 ], [ -59.995642073075615, -3.165405521262318 ], [ -59.996465361664804, -3.165103651338089 ], [ -59.997255810898807, -3.164720529051928 ], [ -59.998005807380352, -3.16425984416643 ], [ -59.998708127535551, -3.163726033426186 ], [ -59.999356007207716, -3.16312423782628 ], [ -59.999943206816397, -3.162460253097132 ], [ -60.00046407145345, -3.161740473884565 ], [ -60.000913585337408, -3.160971832161406 ], [ -60.001287420101612, -3.160161730464959 ], [ -60.001581976451916, -3.159317970602547 ], [ -60.001794418793814, -3.158448678512785 ], [ -60.001922702496721, -3.157562226005477 ], [ -60.001965593534791, -3.156667150134729 ], [ -60.001922680316717, -3.155772070981054 ], [ -60.0017943775931, -3.154885608634981 ], [ -60.001581922405514, -3.154016300181352 ], [ -60.001287362118667, -3.153172517483586 ], [ -60.000913534653066, -3.15236238656035 ], [ -60.000464041110362, -3.151593709329933 ], [ -59.999943211056618, -3.150873888477117 ], [ -59.999356060799492, -3.150209856164715 ], [ -59.998708245061941, -3.149608007277297 ], [ -59.998006002518594, -3.149074137839098 ], [ -59.99725609571945, -3.148613389199317 ], [ -59.996465745979393, -3.148230198522174 ], [ -59.995642563859739, -3.147928256058379 ], [ -59.994794475910453, -3.147710469609085 ], [ -59.993929648377097, -3.147578936525087 ], [ -59.993056408605611, -3.147534923509865 ], [ -59.9921831648997, -3.14757885442208 ], [ -59.991318325601021, -3.147710306193799 ], [ -59.990470218168667, -3.147928012904545 ], [ -59.989647009035743, -3.148229877971376 ], [ -59.98885662501219, -3.14861299433859 ], [ -59.988106676989283, -3.149073672471102 ], [ -59.987404386678655, -3.149607475883719 ], [ -59.986756517090107, -3.150209263863021 ], [ -59.986169307416588, -3.150873240971409 ], [ -59.98564841295299, -3.151593012855943 ], [ -59.985198850627022, -3.152361647825384 ], [ -59.98482495066694, -3.153171743602009 ], [ -59.984530314872337, -3.154015498605939 ], [ -59.984317781890709, -3.154884787085331 ], [ -59.984189399835884, -3.15577123736911 ], [ -59.984146406513325, -3.156666312488621 ] ] ] } },
{ "type": "Feature", "properties": { "porto": "Terminal de Barcaças Luciano Villas Boas Machado", "classe": "Terminal privado (TUP)", "tipo": "Terminal de uso privado", "estado": null, "cidade": null, "fonte": "envelope estimado (1000 m)", "osm_id": null, "osm_nome": null, "area_km2": 3.1365484905461627 }, "geometry": { "type": "Polygon", "coordinates": [ [ [ -39.206612731926178, -17.750206311320962 ], [ -39.206527380540564, -17.751050258734939 ], [ -39.206536991586162, -17.751897459967147 ], [ -39.206641474318594, -17.75273975599525 ], [ -39.206839824285382, -17.753569034925309 ], [ -39.207130132931248, -17.754377310118009 ], [ -39.207509605914659, -17.755156797113429 ], [ -39.207974589961502, -17.755899988612288 ], [ -39.208520607999873, -17.756599726791091 ], [ -39.209142402239024, -17.757249272254416 ], [ -39.209833984779351, -17.757842368959729 ], [ -39.210588695266878, -17.758373304487939 ], [ -39.211399265037464, -17.758836965079368 ], [ -39.212257887133028, -17.75922888490344 ], [ -39.213156291514736, -17.759545289087459 ], [ -39.214085824747926, -17.759783130088501 ], [ -39.21503753338979, -17.759940117058616 ], [ -39.216002250274656, -17.760014737918421 ], [ -39.21697068286386, -17.760006273927619 ], [ -39.217933502806616, -17.759914806610485 ], [ -39.218881435846995, -17.759741216970493 ], [ -39.219805351208201, -17.759487177000896 ], [ -39.220696349590931, -17.75915513357376 ], [ -39.221545848935662, -17.758748284862499 ], [ -39.222345667120976, -17.758270549526035 ], [ -39.223088100799458, -17.757726528951139 ], [ -39.223765999610528, -17.757121462918157 ], [ -39.224372835054545, -17.75646117911722 ], [ -39.224902763364454, -17.75575203700258 ], [ -39.225350681769413, -17.755000866525801 ], [ -39.225712277609276, -17.754214902339658 ], [ -39.225984069827916, -17.753401714106033 ], [ -39.22616344244738, -17.75256913358109 ], [ -39.226248669702372, -17.751725179179054 ], [ -39.226238932595329, -17.750877978742551 ], [ -39.226134326715119, -17.750035691263225 ], [ -39.225935861246725, -17.749206428306628 ], [ -39.225645449184057, -17.748398175898163 ], [ -39.225265888842948, -17.747618717622164 ], [ -39.22480083685457, -17.746875559674212 ], [ -39.224254772901801, -17.746175858588533 ], [ -39.223632956539859, -17.745526352335009 ], [ -39.222941376518506, -17.744933295449389 ], [ -39.222186693094919, -17.744402398820515 ], [ -39.221376173893191, -17.74393877471319 ], [ -39.220517623928053, -17.743546887555919 ], [ -39.219619310466442, -17.743230510966061 ], [ -39.218689883448967, -17.74299269142605 ], [ -39.217738292236653, -17.742835718959157 ], [ -39.216773699482424, -17.742761105087407 ], [ -39.215805392954664, -17.742769568282522 ], [ -39.214842696159685, -17.742861027050825 ], [ -39.21389487862092, -17.743034600717362 ], [ -39.212971066676495, -17.743288617902728 ], [ -39.212080155651478, -17.74362063261049 ], [ -39.211230724248281, -17.744027447770787 ], [ -39.210430951977358, -17.744505146014177 ], [ -39.209688540421666, -17.745049127379261 ], [ -39.20901063909163, -17.745654153592568 ], [ -39.208403776583665, -17.746314398494121 ], [ -39.207873797704906, -17.747023504124666 ], [ -39.207425807169507, -17.747774641934615 ], [ -39.207064120409562, -17.748560578526657 ], [ -39.206792221975192, -17.749373745299245 ], [ -39.206612731926178, -17.750206311320962 ] ] ] } },
{ "type": "Feature", "properties": { "porto": "Terminal Aquaviário de Guamaré", "classe": "Terminal privado (TUP)", "tipo": "Terminal de uso privado", "estado": null, "cidade": null, "fonte": "envelope estimado (1000 m)", "osm_id": null, "osm_nome": null, "area_km2": 3.1365484905464203 }, "geometry": { "type": "Polygon", "coordinates": [ [ [ -36.36526581301537, -4.872204429108408 ], [ -36.365171372864964, -4.873087365520172 ], [ -36.365163554998496, -4.873975343359065 ], [ -36.365242436219468, -4.874859810916224 ], [ -36.365407258347979, -4.875732250255984 ], [ -36.365656435465162, -4.876584259249414 ], [ -36.365987569132294, -4.877407632493752 ], [ -36.366397471440152, -4.878194440338358 ], [ -36.366882195668474, -4.878937105256065 ], [ -36.367437074261822, -4.879628474824187 ], [ -36.368056763757536, -4.880261890612126 ], [ -36.368735296233744, -4.880831252312029 ], [ -36.369466136782762, -4.881331076494603 ], [ -36.370242246456137, -4.88175654942378 ], [ -36.371056150074836, -4.882103573421574 ], [ -36.371900008250783, -4.882368806336622 ], [ -36.372765692924901, -4.882549693735283 ], [ -36.373644865692491, -4.882644493506215 ], [ -36.37452905816005, -4.882652292640079 ], [ -36.3754097535573, -4.882573016024138 ], [ -36.376278468816601, -4.88240742716529 ], [ -36.377126836326703, -4.882157120836225 ], [ -36.377946684571633, -4.881824507714447 ], [ -36.378730116875708, -4.881412791162639 ], [ -36.379469587494768, -4.880925936373912 ], [ -36.380157974318905, -4.880368632179867 ], [ -36.38078864748551, -4.879746245888304 ], [ -36.381355533240821, -4.879064771586942 ], [ -36.381853172434475, -4.8783307724107 ], [ -36.382276773083738, -4.877551317328694 ], [ -36.38262225650162, -4.876733913060284 ], [ -36.382886296545379, -4.875886431775743 ], [ -36.383066351608662, -4.875017035278463 ], [ -36.383160689050747, -4.874134096398585 ], [ -36.383168401829529, -4.873246118355482 ], [ -36.383089417179953, -4.872361652865874 ], [ -36.382924497256596, -4.871489217785945 ], [ -36.382675231736556, -4.870637215080935 ], [ -36.382344022455818, -4.869813849911974 ], [ -36.381934060229398, -4.869027051619347 ], [ -36.381449294080184, -4.868284397363143 ], [ -36.380894393174621, -4.867593039156352 ], [ -36.380274701832825, -4.866959634992905 ], [ -36.379596188047579, -4.866390284733977 ], [ -36.3788653860083, -4.865890471369185 ], [ -36.378089333183553, -4.865465008218917 ], [ -36.377275502567699, -4.865117992585263 ], [ -36.376431730743327, -4.86485276629824 ], [ -36.375566142451113, -4.864671883536733 ], [ -36.374687072391822, -4.864577086233941 ], [ -36.373802985011956, -4.864569287304237 ], [ -36.372922393043318, -4.8646485618527 ], [ -36.37205377557887, -4.864814146451683 ], [ -36.371205496471617, -4.865064446492315 ], [ -36.370385723840293, -4.865397051538713 ], [ -36.36960235145478, -4.865808758538577 ], [ -36.368862922756605, -4.866295602665773 ], [ -36.368174558244682, -4.866852895498522 ], [ -36.367543886924175, -4.867475270165596 ], [ -36.366976982477887, -4.868156733025966 ], [ -36.366479304774487, -4.868890721384434 ], [ -36.366055647276603, -4.869670166687539 ], [ -36.365710090855892, -4.870487562591784 ], [ -36.365445964460534, -4.8713350372483 ], [ -36.36526581301537, -4.872204429108408 ] ] ] } },
{ "type": "Feature", "properties": { "porto": "TUP Ibepar", "classe": "Terminal privado (TUP)", "tipo": "Terminal de uso privado", "estado": null, "cidade": null, "fonte": "envelope estimado (1000 m)", "osm_id": null, "osm_nome": null, "area_km2": 3.1365484905461778 }, "geometry": { "type": "Polygon", "coordinates": [ [ [ -60.06776091402498, -3.095560357007941 ], [ -60.067804190202281, -3.096455714164043 ], [ -60.067932821561278, -3.097342404719472 ], [ -60.068145570726465, -3.098211889328105 ], [ -60.068440390110723, -3.099055794326969 ], [ -60.068814441584607, -3.099865992380901 ], [ -60.069264123765173, -3.100634680756099 ], [ -60.06978510666319, -3.101354456467851 ], [ -60.070372373356648, -3.102018387578942 ], [ -60.071020268289878, -3.102620079962037 ], [ -60.071722551734197, -3.103153738882646 ], [ -60.072472459885503, -3.103614224810002 ], [ -60.073262770019937, -3.103997102917271 ], [ -60.074085870079507, -3.104298685795258 ], [ -60.074933832016498, -3.104516068967197 ], [ -60.075798488188809, -3.104647158863291 ], [ -60.076671510069076, -3.104690692984712 ], [ -60.077544488507257, -3.10464625206361 ], [ -60.078409014772035, -3.10451426410111 ], [ -60.079256761587928, -3.10429600024503 ], [ -60.08007956338605, -3.10399356254682 ], [ -60.08086949499296, -3.103609863715799 ], [ -60.081618947998436, -3.103148599065377 ], [ -60.082320704064536, -3.102614210921998 ], [ -60.082968004468995, -3.102011845839282 ], [ -60.083554615211725, -3.101347305030207 ], [ -60.084074887057241, -3.100626988493821 ], [ -60.084523809934169, -3.099857833375697 ], [ -60.084897061168469, -3.099047247155478 ], [ -60.085191047086234, -3.098203036305076 ], [ -60.085402937586672, -3.097333331104968 ], [ -60.085530693353491, -3.096446507342305 ], [ -60.085573085444459, -3.09555110564596 ], [ -60.085529707072475, -3.094655749233921 ], [ -60.085400977466477, -3.09376906086699 ], [ -60.085188137777529, -3.092899579807173 ], [ -60.084893239071548, -3.092055679581095 ], [ -60.084519122526245, -3.091245487340421 ], [ -60.084069392025242, -3.090476805595637 ], [ -60.083548379414694, -3.089757037076568 ], [ -60.082961102758446, -3.089093113444134 ], [ -60.082313217995015, -3.088491428538154 ], [ -60.081610964462286, -3.087957776805861 ], [ -60.080861104814872, -3.087497297501729 ], [ -60.080070859912652, -3.087114425198062 ], [ -60.079247839306781, -3.086812847081062 ], [ -60.078399967991608, -3.086595467444517 ], [ -60.077535410126686, -3.086464379722407 ], [ -60.076662490461501, -3.086420846329903 ], [ -60.075789614217989, -3.08646528650689 ], [ -60.07492518620024, -3.086597272280875 ], [ -60.074077529908102, -3.086815532588173 ], [ -60.073254807431717, -3.087117965513599 ], [ -60.072464940896218, -3.087501658531344 ], [ -60.07171553621118, -3.087962916551352 ], [ -60.07101380985759, -3.088497297502048 ], [ -60.070366519415941, -3.089099655106139 ], [ -60.069779898503398, -3.089764188438048 ], [ -60.069259596746292, -3.090484497786135 ], [ -60.068810625365465, -3.09125364628107 ], [ -60.068437308898964, -3.092064226697654 ], [ -60.068143243527494, -3.092908432787085 ], [ -60.067931262405246, -3.093778134451818 ], [ -60.067803408331031, -3.094664956040512 ], [ -60.06776091402498, -3.095560357007941 ] ] ] } },
{ "type": "Feature", "properties": { "porto": "Terminal Aquaviário Solimões - Coari", "classe": "Terminal privado (TUP)", "tipo": "Terminal de uso privado", "estado": null, "cidade": null, "fonte": "envelope estimado (1000 m)", "osm_id": null, "osm_nome": null, "area_km2": 3.136548490546164 }, "geometry": { "type": "Polygon", "coordinates": [ [ [ -63.151878788326414, -3.944632548634683 ], [ -63.151940172469217, -3.945522704719604 ], [ -63.152087191570061, -3.946402460979108 ], [ -63.152318431166165, -3.947263344834619 ], [ -63.152631665582021, -3.948097065434754 ], [ -63.153023879314325, -3.948895593503379 ], [ -63.153491296030133, -3.94965123866952 ], [ -63.154029414900336, -3.950356723533965 ], [ -63.154633053920186, -3.951005253759424 ], [ -63.155296399800434, -3.951590583508693 ], [ -63.15601306394921, -3.952107075600761 ], [ -63.156776144005711, -3.952549755805178 ], [ -63.157578290332602, -3.952914360751659 ], [ -63.158411776826263, -3.95319737899302 ], [ -63.159268575361622, -3.953396084826526 ], [ -63.160140433153366, -3.95350856454693 ], [ -63.161018952286497, -3.953533734878707 ], [ -63.161895670648491, -3.953471353410134 ], [ -63.162762143481494, -3.953322020927921 ], [ -63.163610024766854, -3.95308717563072 ], [ -63.164431147656082, -3.952769079276712 ], [ -63.165217603171619, -3.952370795398897 ], [ -63.165961816417429, -3.951896159798154 ], [ -63.166656619563994, -3.951349743598083 ], [ -63.167295320903378, -3.950736809218042 ], [ -63.167871769308377, -3.950063259687705 ], [ -63.168380413474431, -3.94933558179274 ], [ -63.168816355373799, -3.948560783598268 ], [ -63.169175397407109, -3.947746326952076 ], [ -63.16945408279949, -3.946900055618818 ], [ -63.169649728852818, -3.946030119736208 ], [ -63.169760452735666, -3.945144897321482 ], [ -63.169785189564244, -3.944252913584455 ], [ -63.169723702602163, -3.943362758823582 ], [ -63.169576585482972, -3.94248300569654 ], [ -63.169345256436259, -3.94162212666157 ], [ -63.16903194457506, -3.940788412384842 ], [ -63.168639668378852, -3.939989891899465 ], [ -63.168172206581033, -3.939234255284946 ], [ -63.167634061743186, -3.938528779611862 ], [ -63.167030416868002, -3.937880258864333 ], [ -63.166367085469737, -3.937294938515349 ], [ -63.165650455583709, -3.936778455384623 ], [ -63.16488742825404, -3.936335783358226 ], [ -63.164085351091799, -3.935971185492232 ], [ -63.163251947542655, -3.935688172961627 ], [ -63.162395242544143, -3.935489471249751 ], [ -63.161523485287027, -3.935376993903458 ], [ -63.160645069822827, -3.935351824106955 ], [ -63.159768454280112, -3.935414204251582 ], [ -63.158902079465449, -3.935563533601298 ], [ -63.158054287630705, -3.935798374077907 ], [ -63.157233242186827, -3.936116464108542 ], [ -63.1564468491352, -3.936514740403126 ], [ -63.155702680971395, -3.936989367452247 ], [ -63.155007903792466, -3.937535774460923 ], [ -63.154369208308417, -3.93814869936305 ], [ -63.153792745421455, -3.938822239493101 ], [ -63.153284066992633, -3.939549908426691 ], [ -63.152848072366453, -3.940324698443194 ], [ -63.15248896116848, -3.941139148008934 ], [ -63.152210192831589, -3.941985413631402 ], [ -63.152014453241399, -3.94285534539235 ], [ -63.151903628823923, -3.943740565432996 ], [ -63.151878788326414, -3.944632548634683 ] ] ] } },
{ "type": "Feature", "properties": { "porto": "Terminal Aquaviário de Aracaju", "classe": "Terminal privado (TUP)", "tipo": "Terminal de uso privado", "estado": null, "cidade": null, "fonte": "envelope estimado (1000 m)", "osm_id": null, "osm_nome": null, "area_km2": 3.1365484905464203 }, "geometry": { "type": "Polygon", "coordinates": [ [ [ -37.003766660988404, -11.041723094864551 ], [ -37.003672034039838, -11.042582582278325 ], [ -37.003667769282501, -11.043446619162408 ], [ -37.00375390943443, -11.04430688437278 ], [ -37.003929626536348, -11.045155093017813 ], [ -37.004193229863191, -11.045983076248916 ], [ -37.004542182148057, -11.046782859936094 ], [ -37.004973123964547, -11.047546741470985 ], [ -37.005481906034646, -11.048267363956835 ], [ -37.006063629152983, -11.048937787070916 ], [ -37.006712691344028, -11.049551553916732 ], [ -37.007422841799304, -11.050102753220731 ], [ -37.008187241075419, -11.050586076275463 ], [ -37.008998526973521, -11.05099686807876 ], [ -37.00984888546482, -11.051331172177131 ], [ -37.010730125978775, -11.051585768780061 ], [ -37.011633760326973, -11.051758205778496 ], [ -37.012551084501418, -11.051846822367729 ], [ -37.013473262557049, -11.05185076504743 ], [ -37.014391411768692, -11.051769995844117 ], [ -37.015296688239872, -11.051605292677074 ], [ -37.016180372136539, -11.051358241863737 ], [ -37.017033951722475, -11.051031222837629 ], [ -37.017849205384977, -11.050627385225296 ], [ -37.018618280858547, -11.050150618503995 ], [ -37.019333770882206, -11.049605514532166 ], [ -37.019988784560148, -11.048997323314694 ], [ -37.020577013737757, -11.048331902428682 ], [ -37.021092793753127, -11.047615660597806 ], [ -37.021531157979076, -11.046855495959193 ], [ -37.021887885630782, -11.046058729617545 ], [ -37.022159542379555, -11.045233035127271 ], [ -37.022343513382935, -11.044386364582016 ], [ -37.022438028414797, -11.043526872023769 ], [ -37.022442178855336, -11.042662834909585 ], [ -37.022355926379653, -11.041802574392348 ], [ -37.022180103263558, -11.04095437518329 ], [ -37.021916404306161, -11.040126405768435 ], [ -37.021567370449404, -11.039326639746752 ], [ -37.021136364254474, -11.038562779047789 ], [ -37.020627537473388, -11.037842179767587 ], [ -37.020045791029723, -11.037171781337033 ], [ -37.019396727795403, -11.036558039704145 ], [ -37.018686598619013, -11.036006865173496 ], [ -37.017922242126176, -11.035523565500538 ], [ -37.017111018871645, -11.035112794788828 ], [ -37.016260740476824, -11.03477850868139 ], [ -37.015379594434208, -11.034523926277336 ], [ -37.014476065301707, -11.034351499140049 ], [ -37.013558853043946, -11.034262887695279 ], [ -37.012636789305127, -11.034258945245663 ], [ -37.011718752417238, -11.034339709755827 ], [ -37.010813581960242, -11.034504403486922 ], [ -37.009929993694136, -11.034751440484028 ], [ -37.00907649568007, -11.035078441844588 ], [ -37.00826130639603, -11.035482258621006 ], [ -37.007492275633439, -11.035959002136666 ], [ -37.006776808935101, -11.03650408142494 ], [ -37.006121796300434, -11.037112247429507 ], [ -37.005533545843953, -11.037777643542189 ], [ -37.005017723045299, -11.038493861991286 ], [ -37.004579296175777, -11.039254005538318 ], [ -37.004222488427587, -11.040050753889023 ], [ -37.003950737207482, -11.040876434180454 ], [ -37.003766660988404, -11.041723094864551 ] ] ] } },
{ "type": "Feature", "properties": { "porto": "TUP TMB - Terminal Marítimo de Belmonte", "classe": "Terminal privado (TUP)", "tipo": "Terminal de uso privado", "estado": null, "cidade": null, "fonte": "OSM (área portuária mapeada)", "osm_id": "way/281733740", "osm_nome": null, "area_km2": 0.0080547283388978357 }, "geometry": { "type": "Polygon", "coordinates": [ [ [ -38.9235722, -16.028808800000018 ], [ -38.9236231, -16.0289036 ], [ -38.9236385, -16.028915799999989 ], [ -38.9236855, -16.0289551 ], [ -38.923711, -16.029002800000026 ], [ -38.9237525, -16.0291118 ], [ -38.9237123, -16.0291311 ], [ -38.9237225, -16.0291574 ], [ -38.9237927, -16.029320200000019 ], [ -38.92372360000001, -16.029347800000011 ], [ -38.9237965, -16.0295168 ], [ -38.9239115, -16.02978340000001 ], [ -38.923998, -16.029749 ], [ -38.9240419, -16.029850800000016 ], [ -38.9241118, -16.0298229 ], [ -38.9241153, -16.029831 ], [ -38.9252892, -16.0293633 ], [ -38.9275577, -16.0284594 ], [ -38.9275723, -16.0284933 ], [ -38.9275909, -16.028536399999986 ], [ -38.9253022, -16.0294483 ], [ -38.9240483, -16.029947900000039 ], [ -38.923778, -16.0300557 ], [ -38.9235787, -16.0295936 ], [ -38.9235569, -16.0296023 ], [ -38.9234134, -16.0292696 ], [ -38.9234391, -16.0292594 ], [ -38.923292700000012, -16.0289201 ], [ -38.9235722, -16.028808800000018 ] ] ] } },
{ "type": "Feature", "properties": { "porto": "Belmont", "classe": "Terminal privado (TUP)", "tipo": "Terminal de uso privado", "estado": null, "cidade": null, "fonte": "envelope estimado (1000 m)", "osm_id": null, "osm_nome": null, "area_km2": 3.136548490546164 }, "geometry": { "type": "Polygon", "coordinates": [ [ [ -63.910757262560537, -8.720506790718812 ], [ -63.910825175120408, -8.721376450524852 ], [ -63.910981448255242, -8.722235521341036 ], [ -63.911224578468612, -8.723075729747311 ], [ -63.911552225648663, -8.723888983927505 ], [ -63.911961235552212, -8.724667451603656 ], [ -63.912447670136508, -8.725403635472635 ], [ -63.913006845448429, -8.726090445418286 ], [ -63.913633376707338, -8.726721266803279 ], [ -63.914321230148836, -8.727290024182437 ], [ -63.915063781130286, -8.72779123982369 ], [ -63.915853877938936, -8.728220086472938 ], [ -63.916683910687517, -8.728572433853477 ], [ -63.917545884633363, -8.7288448884524 ], [ -63.918431497213298, -8.729034826210356 ], [ -63.919332218051274, -8.729140417799263 ], [ -63.92023937116592, -8.72916064624444 ], [ -63.921144218584502, -8.72909531672143 ], [ -63.922038044555599, -8.728945058432689 ], [ -63.922912239547081, -8.728711318546443 ], [ -63.923758383218306, -8.728396348255806 ], [ -63.924568325565026, -8.728003181092705 ], [ -63.925334265453664, -8.727535603705963 ], [ -63.926048825786879, -8.726998119384673 ], [ -63.926705124575044, -8.726395904678867 ], [ -63.927296841228333, -8.725734759535824 ], [ -63.927818277430205, -8.725021051432144 ], [ -63.92826441200625, -8.724261654040415 ], [ -63.928630949259912, -8.7234638810215 ], [ -63.928914360310806, -8.72263541558031 ], [ -63.92911191703849, -8.721784236464387 ], [ -63.929221718306458, -8.720918541117227 ], [ -63.929242708215625, -8.720046666727937 ], [ -63.929174686213763, -8.719177009936773 ], [ -63.929018308965816, -8.718317945970398 ], [ -63.928775083969199, -8.717477747985628 ], [ -63.928447354978204, -8.716664507398107 ], [ -63.928038279379997, -8.715886055963502 ], [ -63.927551797741906, -8.715149890360744 ], [ -63.926992595825361, -8.714463100004012 ], [ -63.926366059433349, -8.713832298777895 ], [ -63.925678222527537, -8.713263561352887 ], [ -63.924935709115111, -8.71276236469412 ], [ -63.924145669465076, -8.7123335353263 ], [ -63.923315711268117, -8.71198120286202 ], [ -63.922453826401927, -8.711708760240946 ], [ -63.9215683140064, -8.711518831062074 ], [ -63.920667700607559, -8.71141324432392 ], [ -63.919760658057946, -8.711393016814615 ], [ -63.918855920081334, -8.71145834332275 ], [ -63.917962198223364, -8.711608594761673 ], [ -63.917088098015135, -8.71184232422644 ], [ -63.916242036154848, -8.712157280924391 ], [ -63.915432159502792, -8.712550431845941 ], [ -63.914666266667929, -8.713017990966469 ], [ -63.913951732939367, -8.713555455698863 ], [ -63.913295439284305, -8.714157650245795 ], [ -63.912703706095321, -8.714818775434717 ], [ -63.912182232324412, -8.715532464555858 ], [ -63.911736040589759, -8.716291844666136 ], [ -63.911369428784468, -8.717089602768851 ], [ -63.911085928653925, -8.717918056232175 ], [ -63.910888271741818, -8.718769226768959 ], [ -63.910778363034723, -8.719634917265427 ], [ -63.910757262560537, -8.720506790718812 ] ] ] } },
{ "type": "Feature", "properties": { "porto": "Terminal Sanave de Manaus", "classe": "Terminal privado (TUP)", "tipo": "Terminal de uso privado", "estado": null, "cidade": null, "fonte": "envelope estimado (1000 m)", "osm_id": null, "osm_nome": null, "area_km2": 3.1365484905461787 }, "geometry": { "type": "Polygon", "coordinates": [ [ [ -60.046370638922525, -3.117780066094518 ], [ -60.046413797947402, -3.118675319737593 ], [ -60.046542325560466, -3.11956192021414 ], [ -60.046754985385881, -3.120431329045308 ], [ -60.047049730697509, -3.121275173297557 ], [ -60.047423724079827, -3.122085326220343 ], [ -60.04787336470995, -3.122853985513943 ], [ -60.048394322999393, -3.12357374847302 ], [ -60.048981582263607, -3.124237683282468 ], [ -60.049629487018976, -3.124839395778603 ], [ -60.050331797442581, -3.12537309103255 ], [ -60.051081749470768, -3.125833629162817 ], [ -60.051872119957295, -3.126216574839173 ], [ -60.052695296262996, -3.126518240001081 ], [ -60.053543349605803, -3.126735719378872 ], [ -60.054408111463154, -3.12686691847582 ], [ -60.055281252289582, -3.126910573741244 ], [ -60.056154361789176, -3.126866264740476 ], [ -60.057019029967925, -3.126734418204163 ], [ -60.057866928183159, -3.126516303918345 ], [ -60.058689889407304, -3.126214022494436 ], [ -60.059479986931024, -3.125830485137039 ], [ -60.060229610745587, -3.125369385605179 ], [ -60.060931540867543, -3.124835164635634 ], [ -60.061579016897817, -3.124232967172972 ], [ -60.062165803144509, -3.123568592816462 ], [ -60.062686248681558, -3.122848439962922 ], [ -60.06313534176455, -3.122079444182314 ], [ -60.06350875808014, -3.121269011420415 ], [ -60.063802902364507, -3.120424946671886 ], [ -60.064014942991776, -3.119555378810674 ], [ -60.064142839200038, -3.118668682301642 ], [ -60.064185360694815, -3.117773396548353 ], [ -60.064142099443146, -3.116878143652384 ], [ -60.064013473546481, -3.115991545377475 ], [ -60.063800723157698, -3.115122140117907 ], [ -60.063505898483207, -3.114278300669914 ], [ -60.063131839988387, -3.113468153599465 ], [ -60.062682150998384, -3.112699500981298 ], [ -60.06216116296013, -3.111979745264283 ], [ -60.061573893701379, -3.111315817985171 ], [ -60.060925999089839, -3.11071411301832 ], [ -60.060223718558632, -3.11018042500323 ], [ -60.059473815022628, -3.10971989354322 ], [ -60.058683509764563, -3.109336953712124 ], [ -60.057860412916902, -3.109035293345964 ], [ -60.057012450208198, -3.108817817529995 ], [ -60.056147786677982, -3.108686620624161 ], [ -60.055274748093069, -3.108642966094846 ], [ -60.054401740820282, -3.108687274348475 ], [ -60.053537170925118, -3.108819118683166 ], [ -60.052689363273267, -3.109037229397401 ], [ -60.051866481411977, -3.10933950601702 ], [ -60.05107644900076, -3.109723037522114 ], [ -60.050326873546069, -3.110184130378541 ], [ -60.049624973172932, -3.110718344106023 ], [ -60.048977507137188, -3.111320534038317 ], [ -60.048390710746659, -3.111984900865542 ], [ -60.047870235317234, -3.112705046480242 ], [ -60.047421093742038, -3.113474035590626 ], [ -60.047047612197993, -3.114284462507198 ], [ -60.046753388455571, -3.11512852245998 ], [ -60.0465412571942, -3.115998086759388 ], [ -60.046413262658824, -3.116884781077304 ], [ -60.046370638922525, -3.117780066094518 ] ] ] } },
{ "type": "Feature", "properties": { "porto": "Terminal Aquaviário de Manaus", "classe": "Terminal privado (TUP)", "tipo": "Terminal de uso privado", "estado": null, "cidade": null, "fonte": "OSM (área portuária mapeada)", "osm_id": "way/166764250", "osm_nome": null, "area_km2": 0.016120846538879637 }, "geometry": { "type": "Polygon", "coordinates": [ [ [ -59.938572, -3.133344400000021 ], [ -59.9391693, -3.133033400000018 ], [ -59.9393187, -3.1329482 ], [ -59.9395234, -3.1326799 ], [ -59.9393946, -3.132096 ], [ -59.9393142, -3.131897800000018 ], [ -59.9392391, -3.131801400000016 ], [ -59.9391363, -3.1317377 ], [ -59.9390084, -3.131705 ], [ -59.9388747, -3.1317046 ], [ -59.93828640000001, -3.1320259 ], [ -59.9386157, -3.1331668 ], [ -59.9385436, -3.133202100000022 ], [ -59.938572, -3.133344400000021 ] ] ] } },
{ "type": "Feature", "properties": { "porto": "Super Terminais Comércio e Indústria", "classe": "Terminal privado (TUP)", "tipo": "Terminal de uso privado", "estado": null, "cidade": null, "fonte": "envelope estimado (1000 m)", "osm_id": null, "osm_nome": null, "area_km2": 3.1365484905461791 }, "geometry": { "type": "Polygon", "coordinates": [ [ [ -59.989700390581305, -3.156943647474769 ], [ -59.989743233625056, -3.157838724401036 ], [ -59.989871469948042, -3.158725182794637 ], [ -59.990083865980736, -3.159594485544827 ], [ -59.990378377538626, -3.160438260739173 ], [ -59.990752169458659, -3.161248382291343 ], [ -59.991201642859473, -3.16201704820275 ], [ -59.991722469764412, -3.162736855703261 ], [ -59.992309634755529, -3.163400872547569 ], [ -59.992957483258259, -3.164002703780583 ], [ -59.993659775992484, -3.164536553328585 ], [ -59.994409749065724, -3.164997279822888 ], [ -59.995200179129718, -3.165380446118089 ], [ -59.996023452971883, -3.165682362027757 ], [ -59.996871640870971, -3.16590011986652 ], [ -59.997736573008424, -3.166031622455317 ], [ -59.998609918198497, -3.166075603320091 ], [ -59.99948326417649, -3.166031638890347 ], [ -60.000348198670153, -3.165900152578317 ], [ -60.001196390470987, -3.165682410701257 ], [ -60.002019669722884, -3.165380510284508 ], [ -60.002810106652433, -3.164997358864332 ], [ -60.003560087980901, -3.16453664648378 ], [ -60.004262390280459, -3.164002810152351 ], [ -60.004910249566471, -3.163400991111522 ], [ -60.005497426454916, -3.162736985317514 ], [ -60.006018266256596, -3.162017187619054 ], [ -60.006467753429291, -3.161248530166951 ], [ -60.006841559863702, -3.160438415649978 ], [ -60.007136086538608, -3.159594645998999 ], [ -60.007348498145348, -3.158725347246851 ], [ -60.007476750349412, -3.15783889126748 ], [ -60.007519609428314, -3.156943815148488 ], [ -60.007476664098576, -3.156048738972683 ], [ -60.007348329420026, -3.155162282801992 ], [ -60.00713584274196, -3.154292983661735 ], [ -60.006841251732311, -3.153449213325599 ], [ -60.006467394607419, -3.152639097693237 ], [ -60.006017872754455, -3.151870438535703 ], [ -60.005497016012043, -3.151150638363588 ], [ -60.004909840944769, -3.150486629140605 ], [ -60.004262002514437, -3.149884805528941 ], [ -60.003559739614069, -3.149350963309466 ], [ -60.002809814989654, -3.14889024356912 ], [ -60.002019450127605, -3.148507083193938 ], [ -60.001196255734797, -3.148205172142681 ], [ -60.000348158479326, -3.147987417914066 ], [ -59.999483324696335, -3.147855917548515 ], [ -59.998610081791881, -3.14781193743445 ], [ -59.997736838099847, -3.147855901113765 ], [ -59.996872001961748, -3.14798738520285 ], [ -59.9960239008063, -3.148205123469995 ], [ -59.995200701006155, -3.1485070190285 ], [ -59.994410329281479, -3.148890164528903 ], [ -59.993660396405168, -3.14935087015558 ], [ -59.992958123943076, -3.149884699158562 ], [ -59.992310274733207, -3.15048651057812 ], [ -59.991723087772371, -3.151150508750726 ], [ -59.991202218136834, -3.151870299120743 ], [ -59.9907526825153, -3.152638949818787 ], [ -59.990378810878958, -3.153449058415809 ], [ -59.99008420475468, -3.15429282320836 ], [ -59.989871702504338, -3.155162118350328 ], [ -59.989743351945812, -3.156048572106502 ], [ -59.989700390581305, -3.156943647474769 ] ] ] } },
{ "type": "Feature", "properties": { "porto": "Cargill Agrícola", "classe": "Terminal privado (TUP)", "tipo": "Terminal de uso privado", "estado": null, "cidade": null, "fonte": "envelope estimado (1000 m)", "osm_id": null, "osm_nome": null, "area_km2": 3.136548490546164 }, "geometry": { "type": "Polygon", "coordinates": [ [ [ -63.909644937325979, -8.741340705091936 ], [ -63.90971285296208, -8.74221028815759 ], [ -63.909869141906718, -8.743069283801246 ], [ -63.910112300511621, -8.743909419326647 ], [ -63.910439988391936, -8.744722603619154 ], [ -63.910849050912852, -8.745501005073425 ], [ -63.911335549525191, -8.746237127023527 ], [ -63.911894799659386, -8.746923879949119 ], [ -63.912521415814396, -8.747554649761277 ], [ -63.913209363408242, -8.74812336151086 ], [ -63.913952016891514, -8.748624537904611 ], [ -63.914742223564183, -8.749053352065781 ], [ -63.915572372480703, -8.749405674029958 ], [ -63.916434467779354, -8.749678110528576 ], [ -63.91732020572794, -8.749868037676183 ], [ -63.91822105474261, -8.749973626246527 ], [ -63.919128337607155, -8.749993859293953 ], [ -63.92003331509882, -8.749928541949581 ], [ -63.920927270213063, -8.749778303298729 ], [ -63.921801592173601, -8.749544590320658 ], [ -63.922647859416585, -8.749229653949639 ], [ -63.923457920747374, -8.748836527391481 ], [ -63.9242239738862, -8.748368996904416 ], [ -63.924938640644861, -8.747831565326464 ], [ -63.925595038008652, -8.747229408700353 ], [ -63.926186844438377, -8.746568326414687 ], [ -63.92670836075294, -8.745854685341342 ], [ -63.927154565006532, -8.745095358507999 ], [ -63.927521160831759, -8.744297658896528 ], [ -63.927804618784492, -8.743469269005432 ], [ -63.928002210292938, -8.742618166855028 ], [ -63.928112033886016, -8.741752549147863 ], [ -63.928133033450088, -8.740880752325538 ], [ -63.928065008340404, -8.740011172281235 ], [ -63.927908615252292, -8.739152183502531 ], [ -63.927665361836141, -8.738312058421846 ], [ -63.927337592120367, -8.737498887752396 ], [ -63.926928463884657, -8.736720502576057 ], [ -63.926441918203594, -8.73598439893315 ], [ -63.925882641455559, -8.735297665640566 ], [ -63.925256020164362, -8.734666916032632 ], [ -63.924568089109336, -8.734098224282187 ], [ -63.923825473204317, -8.73359706691377 ], [ -63.92303532370525, -8.733168270073092 ], [ -63.922205249360495, -8.732815963058933 ], [ -63.921343243166049, -8.732543538565368 ], [ -63.920457605429874, -8.732353620016498 ], [ -63.919556863884722, -8.732248036308023 ], [ -63.9186496916168, -8.732227804198887 ], [ -63.917744823598682, -8.732293118521895 ], [ -63.916850972627941, -8.732443350307831 ], [ -63.915976745478659, -8.732677052841186 ], [ -63.915130560071127, -8.732991975589128 ], [ -63.914320564455124, -8.733385085869358 ], [ -63.913554558385023, -8.733852598049205 ], [ -63.912839918240209, -8.734390009994231 ], [ -63.912183526012598, -8.734992146416083 ], [ -63.911591703044067, -8.735653208702669 ], [ -63.911070149151236, -8.736366830750638 ], [ -63.910623887724057, -8.737126140263458 ], [ -63.910257217327036, -8.737923824924909 ], [ -63.909973670270105, -8.738752202810941 ], [ -63.909775978549256, -8.739603296362654 ], [ -63.90966604748666, -8.740468909207896 ], [ -63.909644937325979, -8.741340705091936 ] ] ] } },
{ "type": "Feature", "properties": { "porto": "Portonave - Terminais Portuários de Navegantes", "classe": "Terminal privado (TUP)", "tipo": "Terminal de uso privado", "estado": null, "cidade": null, "fonte": "OSM (área portuária mapeada)", "osm_id": "way/135632204", "osm_nome": "Porto de Navegantes", "area_km2": 0.51558570158497641 }, "geometry": { "type": "Polygon", "coordinates": [ [ [ -48.6573791, -26.89927530000001 ], [ -48.6572939, -26.899305099999982 ], [ -48.6571598, -26.8993099 ], [ -48.6571083, -26.899186900000014 ], [ -48.6568475, -26.899097599999983 ], [ -48.656708, -26.8987948 ], [ -48.6573208, -26.898020199999987 ], [ -48.6574805, -26.89801760000001 ], [ -48.6575992, -26.897922400000024 ], [ -48.657681, -26.8977994 ], [ -48.6575446, -26.897803799999984 ], [ -48.6576727, -26.8975942 ], [ -48.6577487, -26.897594200000022 ], [ -48.6584564, -26.896608100000019 ], [ -48.6588184, -26.89629340000003 ], [ -48.6592191, -26.8959529 ], [ -48.6595983, -26.89539 ], [ -48.6597361, -26.894827400000025 ], [ -48.6597123, -26.894020800000018 ], [ -48.6598647, -26.8934077 ], [ -48.667595, -26.892342200000016 ], [ -48.6688395, -26.8933444 ], [ -48.6692775, -26.8943795 ], [ -48.6691984, -26.89521960000004 ], [ -48.6687832, -26.8961485 ], [ -48.6683977, -26.8962766 ], [ -48.6681091, -26.89660210000002 ], [ -48.667774, -26.8967992 ], [ -48.6676164, -26.8969951 ], [ -48.6580562, -26.8983857 ], [ -48.6576182, -26.8988679 ], [ -48.6573791, -26.89927530000001 ] ] ] } },
{ "type": "Feature", "properties": { "porto": "TUP J F de Oliveira de Belém", "classe": "Terminal privado (TUP)", "tipo": "Terminal de uso privado", "estado": null, "cidade": null, "fonte": "envelope estimado (1000 m)", "osm_id": null, "osm_nome": null, "area_km2": 3.1365484905461636 }, "geometry": { "type": "Polygon", "coordinates": [ [ [ -48.472606603516489, -1.355409496988111 ], [ -48.472583225887078, -1.356314577646894 ], [ -48.472644653001296, -1.357217695485847 ], [ -48.472790294714258, -1.358110152979809 ], [ -48.473018749780984, -1.358983355259324 ], [ -48.473327819298682, -1.359828892884728 ], [ -48.473714527835583, -1.360638622834218 ], [ -48.474175152044609, -1.361404746927183 ], [ -48.474705256487844, -1.362119886926132 ], [ -48.475299736328225, -1.362777155595132 ], [ -48.475952866478124, -1.36337022302912 ], [ -48.476658356732052, -1.36389337761657 ], [ -48.477409412352678, -1.364341581047031 ], [ -48.478198799526268, -1.364710516834694 ], [ -48.479018915056699, -1.364996631890052 ], [ -48.479861859625416, -1.365197170739561 ], [ -48.480719513910771, -1.365310202063492 ], [ -48.481583616831664, -1.365334637296384 ], [ -48.482445845160051, -1.365270241110872 ], [ -48.483297893733848, -1.365117633684422 ], [ -48.484131555495082, -1.364878284726099 ], [ -48.484938800580885, -1.364554499322002 ], [ -48.485711853703243, -1.364149395735056 ], [ -48.486443269070655, -1.363666875373049 ], [ -48.487126002128541, -1.36311158521471 ], [ -48.487753477426104, -1.362488873054828 ], [ -48.488319651955308, -1.361804736000262 ], [ -48.488819073351365, -1.361065762712809 ], [ -48.489246932394025, -1.36027906995478 ], [ -48.48959910930455, -1.35945223404908 ], [ -48.489872213393063, -1.358593217913378 ], [ -48.490063615675616, -1.35771029437143 ], [ -48.490171474148198, -1.356811966480266 ], [ -48.490194751476167, -1.355906885640477 ], [ -48.490133224930418, -1.35500376827757 ], [ -48.489987488476928, -1.354111311898413 ], [ -48.489758947001533, -1.35323811132957 ], [ -48.489449802727634, -1.352392575945031 ], [ -48.489063033959845, -1.351582848680483 ], [ -48.488602366359892, -1.350816727613374 ], [ -48.488072237033187, -1.350101590864847 ], [ -48.487477751773035, -1.349444325545921 ], [ -48.48682463587533, -1.348851261432986 ], [ -48.486119178997889, -1.348328110009907 ], [ -48.485368174595386, -1.347879909465547 ], [ -48.484578854513259, -1.347510976174771 ], [ -48.483758819369385, -1.347224863131148 ], [ -48.482915965393062, -1.34702432573093 ], [ -48.482058408424535, -1.346911295238083 ], [ -48.481194405805113, -1.346886860186248 ], [ -48.48033227690825, -1.346951255895698 ], [ -48.479480323074981, -1.347103862207325 ], [ -48.478646747722415, -1.347343209455011 ], [ -48.477839577392814, -1.347666992618209 ], [ -48.477066584501337, -1.348072093520229 ], [ -48.476335212524837, -1.34855461085638 ], [ -48.475652504350435, -1.349109897764297 ], [ -48.475025034472658, -1.349732606574104 ], [ -48.474458845691238, -1.350416740307584 ], [ -48.473959390918708, -1.351155710430667 ], [ -48.473531480657925, -1.351942400302611 ], [ -48.47317923665593, -1.352769233711442 ], [ -48.472906052180868, -1.353628247835409 ], [ -48.472714559305913, -1.354511169928116 ], [ -48.472606603516489, -1.355409496988111 ] ] ] } },
{ "type": "Feature", "properties": { "porto": "Terminal Marítimo de Ponta da Madeira", "classe": "Terminal privado (TUP)", "tipo": "Terminal de uso privado", "estado": null, "cidade": null, "fonte": "OSM (área portuária mapeada)", "osm_id": "way/574993397", "osm_nome": "Terminal da Ponta da Madeira", "area_km2": 0.003233258224153612 }, "geometry": { "type": "Polygon", "coordinates": [ [ [ -44.3794934, -2.5554736 ], [ -44.3806028, -2.556621400000011 ], [ -44.3804258, -2.5567821 ], [ -44.3801791, -2.5565303 ], [ -44.3802488, -2.5564392 ], [ -44.3800074, -2.5561605 ], [ -44.3799377, -2.5562248 ], [ -44.3795675, -2.5558497 ], [ -44.379648, -2.5557639 ], [ -44.3795436, -2.5556598 ], [ -44.3794934, -2.5554736 ] ] ] } },
{ "type": "Feature", "properties": { "porto": "TUP Ocrim", "classe": "Terminal privado (TUP)", "tipo": "Terminal de uso privado", "estado": null, "cidade": null, "fonte": "envelope estimado (1000 m)", "osm_id": null, "osm_nome": null, "area_km2": 3.1365484905461791 }, "geometry": { "type": "Polygon", "coordinates": [ [ [ -59.996645709541582, -3.151388066369149 ], [ -59.996688591110875, -3.152283168668362 ], [ -59.996816862517171, -3.153169648155157 ], [ -59.997029289852961, -3.154038967515611 ], [ -59.997323828632098, -3.154882754677403 ], [ -59.997697643429213, -3.155692883439185 ], [ -59.998147135142453, -3.156461551732976 ], [ -59.998667975618623, -3.157181356765823 ], [ -59.999255149308929, -3.157845366316454 ], [ -59.999903001554877, -3.158447185500183 ], [ -60.000605293040174, -3.158981018359472 ], [ -60.001355259884278, -3.159441723686589 ], [ -60.002145678798804, -3.159824864540128 ], [ -60.002968936678585, -3.160126750978878 ], [ -60.003817103956024, -3.160344475601342 ], [ -60.004682011011234, -3.160475941548466 ], [ -60.005555326900073, -3.160519882699152 ], [ -60.00642863964012, -3.160475875865413 ], [ -60.007293537279324, -3.160344344867856 ], [ -60.008141688964308, -3.16012655645396 ], [ -60.008964925225413, -3.159824608097263 ], [ -60.009755316703405, -3.15944140779549 ], [ -60.0105052505575, -3.158980646062403 ], [ -60.011207503817225, -3.158446760382617 ], [ -60.011855312970376, -3.157844892472668 ], [ -60.012442439115873, -3.157180838759235 ], [ -60.012963228053344, -3.156460994552317 ], [ -60.013412664730524, -3.155692292450529 ], [ -60.013786421524465, -3.154882135572377 ], [ -60.014080899892043, -3.154038326256565 ], [ -60.01429326498986, -3.15316899091779 ], [ -60.014421472931254, -3.15228250178229 ], [ -60.014464290419944, -3.151387396256871 ], [ -60.01442130657292, -3.150492294707575 ], [ -60.014292936820851, -3.149605817440611 ], [ -60.014080418850611, -3.148736501684544 ], [ -60.013785800631389, -3.147892719373216 ], [ -60.013411920641367, -3.147082596521606 ], [ -60.012962380487764, -3.146313934970537 ], [ -60.012441510185276, -3.145594137253795 ], [ -60.011854326428924, -3.144930135311612 ], [ -60.011206484264036, -3.144328323736189 ], [ -60.010504222619495, -3.143794498192712 ], [ -60.009754304229062, -3.143333799607755 ], [ -60.008963950519075, -3.142950664663676 ], [ -60.008140772088957, -3.14264878307454 ], [ -60.007292695453074, -3.142431062055474 ], [ -60.006427886748035, -3.142299598327123 ], [ -60.005554673138406, -3.14225565792517 ], [ -60.004681462676082, -3.142299664009043 ], [ -60.003816663382651, -3.142431192786787 ], [ -60.002968602332125, -3.142648977596278 ], [ -60.002145445511111, -3.142950921102529 ], [ -60.001355119226012, -3.143334115494112 ], [ -60.000605233812287, -3.143794870484493 ], [ -59.99990301037888, -3.144328748848125 ], [ -59.999255211291782, -3.144930609149658 ], [ -59.998668075065218, -3.145594655254786 ], [ -59.998147256287005, -3.146314492145858 ], [ -59.997697771156155, -3.147083187505503 ], [ -59.997323949157661, -3.147893338474228 ], [ -59.997029391340412, -3.148737142940411 ], [ -59.996816935601039, -3.14960647467577 ], [ -59.996688629309489, -3.150492961592513 ], [ -59.996645709541582, -3.151388066369149 ] ] ] } },
{ "type": "Feature", "properties": { "porto": "Porto CRA", "classe": "Terminal privado (TUP)", "tipo": "Terminal de uso privado", "estado": null, "cidade": null, "fonte": "envelope estimado (1000 m)", "osm_id": null, "osm_nome": null, "area_km2": 3.1365484905461636 }, "geometry": { "type": "Polygon", "coordinates": [ [ [ -48.476496801250576, -1.333465642436207 ], [ -48.476473449053174, -1.334370841025845 ], [ -48.476534889819931, -1.335274074253943 ], [ -48.476680533274077, -1.336166643484148 ], [ -48.476908978153453, -1.337039952771381 ], [ -48.477218025653009, -1.337885591645583 ], [ -48.477604700552668, -1.338695416110462 ], [ -48.478065279828989, -1.339461627075798 ], [ -48.478595328476544, -1.340176845468204 ], [ -48.479189742195452, -1.340834183297414 ], [ -48.479842796534776, -1.341427309993195 ], [ -48.480548202019108, -1.341950513374009 ], [ -48.481299164727531, -1.34239875466025 ], [ -48.482088451741284, -1.342767717002147 ], [ -48.482908460829023, -1.343053847055044 ], [ -48.48375129369758, -1.343254389201523 ], [ -48.484608832101387, -1.343367412090287 ], [ -48.485472816075664, -1.343391827237411 ], [ -48.486334923538351, -1.343327399508977 ], [ -48.487186850491717, -1.343174749386153 ], [ -48.488020391049496, -1.342935346988889 ], [ -48.488827516516452, -1.342611497917552 ], [ -48.489600452756903, -1.342206321047706 ], [ -48.490331755105309, -1.341723718492359 ], [ -48.491014380095727, -1.341168338020958 ], [ -48.491641753318291, -1.340545528297426 ], [ -48.492207832748115, -1.339861287367419 ], [ -48.492707166936285, -1.339122204892324 ], [ -48.493134947502327, -1.338335398685347 ], [ -48.493487055423159, -1.337508446161149 ], [ -48.493760100673086, -1.336649311360055 ], [ -48.493951454834537, -1.33576626824812 ], [ -48.494059276366613, -1.334867821033658 ], [ -48.494082528290036, -1.333962622266017 ], [ -48.494020988119985, -1.333059389506531 ], [ -48.493875249953248, -1.332166821373478 ], [ -48.493646718691728, -1.331293513769875 ], [ -48.493337596460115, -1.33044787710096 ], [ -48.492950861350359, -1.329638055278346 ], [ -48.492490238699773, -1.328871847290729 ], [ -48.491960165180615, -1.328156632096964 ], [ -48.491365746048579, -1.327499297564494 ], [ -48.490712705962629, -1.326906174136812 ], [ -48.490007333850414, -1.326382973869928 ], [ -48.489256422350373, -1.325934735423701 ], [ -48.488467202413375, -1.325565775538795 ], [ -48.487647273693035, -1.325279647465444 ], [ -48.486804531394036, -1.325079106745046 ], [ -48.485947090281435, -1.324966084673944 ], [ -48.485083206581123, -1.324941669704823 ], [ -48.484221198521745, -1.325006096964593 ], [ -48.483369366280968, -1.325158745990231 ], [ -48.48253591210532, -1.3253981467039 ], [ -48.481728861370442, -1.325721993569967 ], [ -48.480955985340074, -1.326127167797547 ], [ -48.480224726365954, -1.326609767375192 ], [ -48.479542126247125, -1.327165144647918 ], [ -48.478914758437682, -1.327787951074709 ], [ -48.478348664754485, -1.328472188736585 ], [ -48.477849297194211, -1.329211268097817 ], [ -48.477421465419773, -1.329998071464797 ], [ -48.477069290422193, -1.330825021531954 ], [ -48.476796164804867, -1.331684154353501 ], [ -48.476604720073844, -1.332567196039423 ], [ -48.476496801250576, -1.333465642436207 ] ] ] } },
{ "type": "Feature", "properties": { "porto": "Terminal Graneleiro Hermasa", "classe": "Terminal privado (TUP)", "tipo": "Terminal de uso privado", "estado": null, "cidade": null, "fonte": "envelope estimado (1000 m)", "osm_id": null, "osm_nome": null, "area_km2": 3.1365484905461796 }, "geometry": { "type": "Polygon", "coordinates": [ [ [ -58.474703038512096, -3.136019262424937 ], [ -58.474737136421211, -3.136914837161227 ], [ -58.474856695810679, -3.137802668656035 ], [ -58.475060566682494, -3.138674206577238 ], [ -58.475346786967478, -3.139521057488684 ], [ -58.475712601370304, -3.140335065685432 ], [ -58.476154487859887, -3.141108391740313 ], [ -58.476668191551468, -3.141833588005218 ], [ -58.477248765655688, -3.142503670339285 ], [ -58.477890619101217, -3.143112185374482 ], [ -58.478587570373143, -3.143653272668953 ], [ -58.479332907048757, -3.144121721150613 ], [ -58.480119450457238, -3.14451301930662 ], [ -58.480939624840026, -3.144823398635514 ], [ -58.481785530344617, -3.145049869943395 ], [ -58.482649019147786, -3.145190252133954 ], [ -58.483521773973116, -3.145243193216047 ], [ -58.484395388245069, -3.145208183325081 ], [ -58.485261447105316, -3.145085559634038 ], [ -58.486111608509212, -3.144876503105892 ], [ -58.486937683618919, -3.144583027119137 ], [ -58.487731715717111, -3.144207958075921 ], [ -58.488486056879211, -3.143754908179655 ], [ -58.489193441664, -3.143228240644302 ], [ -58.489847057111575, -3.142633027670582 ], [ -58.490440608373547, -3.141975001593687 ], [ -58.490968379342455, -3.141260499673876 ], [ -58.491425287696643, -3.140496403060804 ], [ -58.491806933830311, -3.139690070520133 ], [ -58.49210964319834, -3.138849267561106 ], [ -58.492330501668931, -3.13798209164692 ], [ -58.492467383545097, -3.137096894209076 ], [ -58.492518971986641, -3.136202200216546 ], [ -58.492484771637969, -3.135306626074272 ], [ -58.492365113342196, -3.134418796642022 ], [ -58.492161150898205, -3.133547262172672 ], [ -58.491874849894266, -3.132700415969771 ], [ -58.491508968727679, -3.131886413557267 ], [ -58.491067031995243, -3.13111309413994 ], [ -58.490553296512488, -3.130387905111041 ], [ -58.489972710290523, -3.129717830333187 ], [ -58.489330864866339, -3.129109322884048 ], [ -58.488633941446594, -3.128568242913984 ], [ -58.487888651383663, -3.128099801213689 ], [ -58.487102171557048, -3.127708509035254 ], [ -58.486282075281913, -3.127398134650504 ], [ -58.485436259409127, -3.127171667063324 ], [ -58.484572868317393, -3.127031287227022 ], [ -58.483700215528167, -3.1269783470423 ], [ -58.482826703695771, -3.127013356339284 ], [ -58.481960743741823, -3.127135977967736 ], [ -58.481110673910109, -3.127345031044062 ], [ -58.480284679519357, -3.127638502322288 ], [ -58.479490714184919, -3.128013565581294 ], [ -58.478736423265673, -3.128466608839904 ], [ -58.478029070272058, -3.12899326913932 ], [ -58.477375466942235, -3.129588474556828 ], [ -58.476781907658918, -3.130246493047647 ], [ -58.476254108837828, -3.130960987643017 ], [ -58.475797153870957, -3.131725077474791 ], [ -58.475415444155416, -3.132531404037824 ], [ -58.475112656679748, -3.133372202052706 ], [ -58.474891708577346, -3.134239374246225 ], [ -58.47475472898973, -3.13512456932978 ], [ -58.474703038512096, -3.136019262424937 ] ] ] } },
{ "type": "Feature", "properties": { "porto": "Brasco Logística Offshore", "classe": "Terminal privado (TUP)", "tipo": "Terminal de uso privado", "estado": null, "cidade": null, "fonte": "envelope estimado (1000 m)", "osm_id": null, "osm_nome": null, "area_km2": 3.1365484905458985 }, "geometry": { "type": "Polygon", "coordinates": [ [ [ -43.114796981988441, -22.871545406971592 ], [ -43.11473411572193, -22.87238487518686 ], [ -43.114770115265458, -22.87322544476449 ], [ -43.114904635883946, -22.874059020506852 ], [ -43.11513638396552, -22.874877574426623 ], [ -43.115463129406869, -22.875673223068173 ], [ -43.115881727022774, -22.87643830344253 ], [ -43.11638814677633, -22.877165446843652 ], [ -43.116977512540927, -22.877847649834742 ], [ -43.117644149022638, -22.878478341720115 ], [ -43.11838163639252, -22.879051447851769 ], [ -43.11918287210365, -22.879561448160107 ], [ -43.120040139297949, -22.880003430343717 ], [ -43.120945181143703, -22.880373137205236 ], [ -43.12188928038718, -22.880667007676227 ], [ -43.122863343350915, -22.880882211134722 ], [ -43.123857987567902, -22.881016674684666 ], [ -43.124863632205511, -22.881069103132894 ], [ -43.125870590405832, -22.881038991471996 ], [ -43.126869162650422, -22.880926629747108 ], [ -43.127849730247277, -22.880733100260723 ], [ -43.128802848036976, -22.880460267141732 ], [ -43.129719335422273, -22.880110758380319 ], [ -43.130590364841915, -22.879687940501011 ], [ -43.131407546834346, -22.879195886119724 ], [ -43.132163010870137, -22.878639334697304 ], [ -43.132849481173338, -22.878023646868606 ], [ -43.133460346800561, -22.877354752788222 ], [ -43.133989725302527, -22.876639094991287 ], [ -43.134432519355272, -22.875883566320685 ], [ -43.134784465816274, -22.87509544351947 ], [ -43.135042176734515, -22.874282317129321 ], [ -43.135203171921177, -22.873452018370724 ], [ -43.13526590276954, -22.872612543709785 ], [ -43.13522976709725, -22.871771977838979 ], [ -43.135095114870737, -22.870938415813459 ], [ -43.134863244759494, -22.870119885093469 ], [ -43.134536391556352, -22.869324268242995 ], [ -43.134117704587794, -22.868559227029369 ], [ -43.133611217324443, -22.867832128653653 ], [ -43.133021808487321, -22.867149974822389 ], [ -43.132355155025579, -22.866519334342037 ], [ -43.131617677420714, -22.865946279885176 ], [ -43.13081647784437, -22.865436329535576 ], [ -43.129959271765983, -22.864994393674721 ], [ -43.12905431366864, -22.864624727719836 ], [ -43.128110317587641, -22.864330891167295 ], [ -43.127136373235977, -22.864115713335647 ], [ -43.12614185852248, -22.863981266136168 ], [ -43.125136349303027, -22.863928844133586 ], [ -43.124129527231474, -22.863958952087664 ], [ -43.123131086594903, -22.864071300095695 ], [ -43.12215064102773, -22.864264806382359 ], [ -43.121197630999816, -22.86453760771025 ], [ -43.12028123296718, -22.864887077310961 ], [ -43.119410271057312, -22.865309850164842 ], [ -43.118593132137413, -22.86580185538627 ], [ -43.117837685081653, -22.866358355403687 ], [ -43.117151205013435, -22.866973991557597 ], [ -43.116540303251419, -22.86764283567922 ], [ -43.116010863633541, -22.868358447153422 ], [ -43.115567985832392, -22.869113934917408 ], [ -43.115215936208919, -22.869902023800165 ], [ -43.114958106678593, -22.870715124563439 ], [ -43.114796981988441, -22.871545406971592 ] ] ] } },
{ "type": "Feature", "properties": { "porto": "Terminal Aquaviário de Niterói", "classe": "Terminal privado (TUP)", "tipo": "Terminal de uso privado", "estado": null, "cidade": null, "fonte": "envelope estimado (1000 m)", "osm_id": null, "osm_nome": null, "area_km2": 3.1365484905459162 }, "geometry": { "type": "Polygon", "coordinates": [ [ [ -51.168169046954993, -29.96741536158342 ], [ -51.168159177903725, -29.968258562884575 ], [ -51.168253982446643, -29.969098469123548 ], [ -51.168452549735392, -29.969926991362495 ], [ -51.168752969511822, -29.970736150103992 ], [ -51.169152350425932, -29.971518152151994 ], [ -51.169646847809773, -29.972265465686327 ], [ -51.170231700642638, -29.972970892825419 ], [ -51.17090127735387, -29.973627638978215 ], [ -51.171649130024065, -29.974229378316075 ], [ -51.17246805646397, -29.974770314732627 ], [ -51.173350169573922, -29.97524523770273 ], [ -51.174286973315894, -29.975649572501815 ], [ -51.175269444566027, -29.975979424299691 ], [ -51.176288120057983, -29.97623161570306 ], [ -51.177333187578277, -29.976403717384031 ], [ -51.178394580532867, -29.97649407149861 ], [ -51.179462074971681, -29.976501807668203 ], [ -51.180525388133717, -29.976426851370395 ], [ -51.181574277560479, -29.97626992465737 ], [ -51.182598639819865, -29.976032539195117 ], [ -51.183588607886733, -29.975716981690773 ], [ -51.184534646239051, -29.975326291849107 ], [ -51.185427642751272, -29.974864233070999 ], [ -51.186258996497472, -29.974335256177429 ], [ -51.18702070061682, -29.973744456509351 ], [ -51.187705419442075, -29.973097524818247 ], [ -51.188306559147598, -29.972400692421452 ], [ -51.188818331236469, -29.971660671152339 ], [ -51.189235808255816, -29.970884588685013 ], [ -51.189554971205091, -29.970079919857614 ], [ -51.189772748182335, -29.969254414657058 ], [ -51.189887043898636, -29.968416023559993 ], [ -51.189896759779202, -29.967572820949602 ], [ -51.189801804460387, -29.966732927346456 ], [ -51.189603094584783, -29.965904431202798 ], [ -51.189302545890072, -29.965095311013325 ], [ -51.188903054680516, -29.964313358492454 ], [ -51.188408469862665, -29.963566103557046 ], [ -51.187823555817246, -29.962860741836852 ], [ -51.187153946467291, -29.962204065408834 ], [ -51.186406090986488, -29.961602397422158 ], [ -51.185587191672106, -29.961061531241253 ], [ -51.184705134581378, -29.960586674692092 ], [ -51.183768413599559, -29.960182399946731 ], [ -51.182786048670081, -29.959852599527547 ], [ -51.181767498973421, -29.95960044885339 ], [ -51.180722571888836, -29.959428375686944 ], [ -51.179661328613506, -29.959338036776376 ], [ -51.178593987345394, -29.959330301916072 ], [ -51.177530824959263, -29.959405245578044 ], [ -51.176482078119349, -29.959562146195747 ], [ -51.175457844778244, -29.95979949310599 ], [ -51.174467987006821, -29.960115001083224 ], [ -51.173522036088528, -29.960505632325916 ], [ -51.172629100788853, -29.960967625685136 ], [ -51.171797779681377, -29.961496532853936 ], [ -51.17103607837263, -29.962087261170812 ], [ -51.170351332421852, -29.962734122626301 ], [ -51.169750136697097, -29.963430888602183 ], [ -51.169238281848088, -29.964170849817521 ], [ -51.168820698508078, -29.964946880906155 ], [ -51.168501409763508, -29.96575150900436 ], [ -51.168283492350554, -29.966576985690388 ], [ -51.168169046954993, -29.96741536158342 ] ] ] } },
{ "type": "Feature", "properties": { "porto": "Trocadeiro", "classe": "Terminal privado (TUP)", "tipo": "Terminal de uso privado", "estado": null, "cidade": null, "fonte": "OSM (área portuária mapeada)", "osm_id": "way/286829857", "osm_nome": null, "area_km2": 0.01968254423815401 }, "geometry": { "type": "Polygon", "coordinates": [ [ [ -48.6841914, -26.889417100000014 ], [ -48.6852694, -26.8882559 ], [ -48.6851643, -26.888048 ], [ -48.6847516, -26.8880768 ], [ -48.6840158, -26.8880996 ], [ -48.6830315, -26.8879449 ], [ -48.6830233, -26.888044699999988 ], [ -48.6830477, -26.888182100000023 ], [ -48.6831719, -26.888382699999983 ], [ -48.6834506, -26.888715 ], [ -48.6837762, -26.889087800000016 ], [ -48.6841605, -26.8894425 ], [ -48.6841914, -26.889417100000014 ] ] ] } },
{ "type": "Feature", "properties": { "porto": "Estaleiro Brasfels", "classe": "Terminal privado (TUP)", "tipo": "Terminal de uso privado", "estado": null, "cidade": null, "fonte": "envelope estimado (1000 m)", "osm_id": null, "osm_nome": null, "area_km2": 3.1365484905458985 }, "geometry": { "type": "Polygon", "coordinates": [ [ [ -44.237000481776207, -22.999109645215913 ], [ -44.236945014456971, -22.999949404530646 ], [ -44.236988520007365, -23.000789653414856 ], [ -44.237130581407023, -23.001622299747925 ], [ -44.237369832418132, -23.002439324481351 ], [ -44.237703970670353, -23.003232858874451 ], [ -44.238129779766709, -23.003995260288153 ], [ -44.238643160200212, -23.004719185805588 ], [ -44.239239168785573, -23.005397662970513 ], [ -44.239912066228349, -23.00602415696126 ], [ -44.240655372374626, -23.006592633552071 ], [ -44.241461928610107, -23.007097617254619 ], [ -44.242323966807987, -23.007534244078862 ], [ -44.24323318416139, -23.007898308403483 ], [ -44.244180823178823, -23.008186303504036 ], [ -44.245157756070888, -23.008395455347124 ], [ -44.246154572713891, -23.008523749324429 ], [ -44.247161671340777, -23.008569949668388 ], [ -44.248169351083561, -23.008533611362072 ], [ -44.249167905473314, -23.00841508442808 ], [ -44.250147715994061, -23.008215510555118 ], [ -44.251099344787178, -23.007936812094837 ], [ -44.252013625610225, -23.007581673535292 ], [ -44.252881752171959, -23.007153515629746 ], [ -44.253695362990449, -23.006656462430932 ], [ -44.254446621955147, -23.006095301548651 ], [ -44.255128293815744, -23.005475438015289 ], [ -44.255733813869867, -23.004802842203343 ], [ -44.256257351178164, -23.004083992299005 ], [ -44.256693864698356, -23.003325811885887 ], [ -44.257039151798224, -23.002535603241466 ], [ -44.257289888681989, -23.001720976989745 ], [ -44.257443662342297, -23.000889778788249 ], [ -44.25749899373244, -23.000050013756017 ], [ -44.257455351938255, -22.999209769371422 ], [ -44.257313159215855, -22.998377137582231 ], [ -44.257073786849716, -22.99756013687799 ], [ -44.256739541873799, -22.996766635075918 ], [ -44.256313644786388, -22.99600427356275 ], [ -44.255800198475953, -22.995280393721934 ], [ -44.255204148659359, -22.994601966254343 ], [ -44.254531236215556, -22.993975524071857 ], [ -44.253787941874947, -22.993407099409275 ], [ -44.252981423798147, -22.99290216575929 ], [ -44.252119448645537, -22.992465585188498 ], [ -44.251210316801178, -22.992101561540757 ], [ -44.25026278247055, -22.99181359997727 ], [ -44.249285969419937, -22.991604473242646 ], [ -44.24828928316763, -22.991476194980272 ], [ -44.247282320469836, -22.991430000353834 ], [ -44.246274776970843, -22.991466334160499 ], [ -44.24527635390384, -22.991584846550623 ], [ -44.244296664738116, -22.991784396394419 ], [ -44.243345142668694, -22.992063062263632 ], [ -44.242430949836702, -22.992418160922664 ], [ -44.241562889151915, -22.992846273151606 ], [ -44.24074931956465, -22.993343276653089 ], [ -44.239998075600973, -22.993904385727102 ], [ -44.239316391934707, -22.994524197332261 ], [ -44.238710833721903, -22.995196743091618 ], [ -44.238187233368343, -22.99591554674247 ], [ -44.237750634339093, -22.996673686478744 ], [ -44.237405242552434, -22.997463861586095 ], [ -44.237154385827203, -22.998278462729356 ], [ -44.237000481776207, -22.999109645215913 ] ] ] } },
{ "type": "Feature", "properties": { "porto": "UTC Engenharia", "classe": "Terminal privado (TUP)", "tipo": "Terminal de uso privado", "estado": null, "cidade": null, "fonte": "envelope estimado (1000 m)", "osm_id": null, "osm_nome": null, "area_km2": 3.1365484905458985 }, "geometry": { "type": "Polygon", "coordinates": [ [ [ -43.101186465823289, -22.86682363803062 ], [ -43.101123511512682, -22.867663104368226 ], [ -43.101159419198645, -22.868503679490544 ], [ -43.101293845030632, -22.869337268146687 ], [ -43.101525496309556, -22.870155842225113 ], [ -43.101852143864399, -22.870951518076247 ], [ -43.102270643452734, -22.871716632449356 ], [ -43.102776965981896, -22.872443816311122 ], [ -43.103366236261827, -22.873126065835276 ], [ -43.104032779918469, -22.873756809878266 ], [ -43.104770178017148, -22.874329973289971 ], [ -43.105571328871058, -22.874840035449207 ], [ -43.106428516439706, -22.875282083459108 ], [ -43.107333484658604, -22.875651859488475 ], [ -43.108277516983449, -22.875945801802779 ], [ -43.109251520381591, -22.876161079088185 ], [ -43.110246112959963, -22.876295617737537 ], [ -43.111251714383506, -22.876348121834415 ], [ -43.112258638210676, -22.876318085642755 ], [ -43.113257185254177, -22.876205798480719 ], [ -43.114237737064748, -22.876012341932555 ], [ -43.115190848634981, -22.875739579424547 ], [ -43.116107339427423, -22.875390138266596 ], [ -43.116978381847844, -22.874967384331981 ], [ -43.117795586309228, -22.874475389620592 ], [ -43.118551082065494, -22.873918893018388 ], [ -43.119237593034867, -22.873303254632162 ], [ -43.11984850788194, -22.872634404140101 ], [ -43.120377943683074, -22.871918783657531 ], [ -43.120820802562058, -22.871163285667752 ], [ -43.121172820751724, -22.870375186618421 ], [ -43.121430609609924, -22.869562076822454 ], [ -43.121591688196908, -22.868731787340511 ], [ -43.121654507102541, -22.867892314549447 ], [ -43.121618463296223, -22.867051743123824 ], [ -43.121483905859542, -22.866218168172463 ], [ -43.121252132549081, -22.865399617280254 ], [ -43.120925377225447, -22.864603973205668 ], [ -43.120506788272586, -22.8638388979784 ], [ -43.120000398217357, -22.863111759127339 ], [ -43.119411084844828, -22.862429558748961 ], [ -43.118744524185082, -22.861798866098319 ], [ -43.118007135826211, -22.861225754350468 ], [ -43.117206021080726, -22.860715742141164 ], [ -43.116348894601501, -22.860273740447749 ], [ -43.115444010105378, -22.859904005321514 ], [ -43.114500080919235, -22.859610096925092 ], [ -43.113526196112169, -22.859394845268916 ], [ -43.112531733019864, -22.859260322975153 ], [ -43.111526267001302, -22.859207825331691 ], [ -43.110519479294481, -22.859237857826649 ], [ -43.109521063855681, -22.859350131283904 ], [ -43.108540634076647, -22.859543564645872 ], [ -43.107587630275198, -22.859816295377321 ], [ -43.10667122884729, -22.860165697389448 ], [ -43.105800253952943, -22.860588406313394 ], [ -43.104983092584142, -22.861080351878947 ], [ -43.104227613830979, -22.861636797088799 ], [ -43.103541093121805, -22.862252383811239 ], [ -43.102930142166294, -22.862921184353301 ], [ -43.102400645275758, -22.863636758519416 ], [ -43.101957702674, -22.864392215606035 ], [ -43.101605581345623, -22.865180280737462 ], [ -43.101347673896342, -22.865993364904252 ], [ -43.101186465823289, -22.86682363803062 ] ] ] } },
{ "type": "Feature", "properties": { "porto": "MAC LAREN OIL ESTALEIROS", "classe": "Terminal privado (TUP)", "tipo": "Terminal de uso privado", "estado": null, "cidade": null, "fonte": "envelope estimado (1000 m)", "osm_id": null, "osm_nome": null, "area_km2": 3.1365484905458985 }, "geometry": { "type": "Polygon", "coordinates": [ [ [ -43.109657359291099, -22.879739123438156 ], [ -43.109594454811216, -22.880578584949426 ], [ -43.109630422505589, -22.881419150620076 ], [ -43.109764917946116, -22.882252725290012 ], [ -43.109996647763715, -22.883071280982282 ], [ -43.110323382031211, -22.883866934224105 ], [ -43.11074197567131, -22.884632021982021 ], [ -43.11124839868566, -22.885359175478715 ], [ -43.111837774916474, -22.886041391179994 ], [ -43.112504428969253, -22.886672098267393 ], [ -43.113241940845981, -22.887245221946358 ], [ -43.114043207763856, -22.887755241977885 ], [ -43.114900512564304, -22.888197245870373 ], [ -43.115805598053463, -22.888566976217092 ], [ -43.116749746557232, -22.888860871723221 ], [ -43.117723863923651, -22.889076101525443 ], [ -43.118718567161608, -22.889210592473724 ], [ -43.119724274869874, -22.88926304911103 ], [ -43.120731299582928, -22.889232966158328 ], [ -43.121729941141467, -22.889120633384188 ], [ -43.122710580185696, -22.888927132812402 ], [ -43.123663770867836, -22.888654328293459 ], [ -43.124580331888346, -22.888304847542244 ], [ -43.125451434976569, -22.887882056813702 ], [ -43.126268689961229, -22.887390028462548 ], [ -43.127024225609745, -22.886833501699151 ], [ -43.127710765456328, -22.886217836921208 ], [ -43.128321697887742, -22.885548964061588 ], [ -43.128851139811282, -22.884833325451357 ], [ -43.12929399329218, -22.88407781374891 ], [ -43.12964599461565, -22.883289705534139 ], [ -43.129903755302436, -22.882476591208508 ], [ -43.130064794684571, -22.881646301876469 ], [ -43.130127563729893, -22.880806833913518 ], [ -43.130091459888448, -22.879966271947659 ], [ -43.129956832820362, -22.879132710996505 ], [ -43.129724980953121, -22.878314178509939 ], [ -43.129398138904172, -22.877518557068832 ], [ -43.128979455892825, -22.876753508484587 ], [ -43.128472965351897, -22.876026400029151 ], [ -43.12788354603417, -22.875344233505789 ], [ -43.127216874989976, -22.874713577843043 ], [ -43.126479372870278, -22.874140505859319 ], [ -43.125678142082947, -22.873630535806928 ], [ -43.124820898398049, -22.873188578256858 ], [ -43.123915896660833, -22.872818888834885 ], [ -43.122971851326852, -22.872525027263151 ], [ -43.121997852583313, -22.872309823100849 ], [ -43.121003278862716, -22.872175348512705 ], [ -43.11999770658899, -22.872122898327092 ], [ -43.118990818023029, -22.872152977575059 ], [ -43.117992308092042, -22.872265296630353 ], [ -43.117011791097454, -22.87245877399652 ], [ -43.116058708196768, -22.872731546714721 ], [ -43.115142236547513, -22.873080988292234 ], [ -43.114271200985876, -22.873503733979515 ], [ -43.113453989088114, -22.87399571315277 ], [ -43.11269847043102, -22.874552188491482 ], [ -43.112011920827392, -22.875167801574221 ], [ -43.111400952265448, -22.875836624454671 ], [ -43.110871449226352, -22.876552216722484 ], [ -43.110428511993511, -22.877307687500171 ], [ -43.110076407500244, -22.878095761780568 ], [ -43.10981852819058, -22.878908850466278 ], [ -43.109657359291099, -22.879739123438156 ] ] ] } },
{ "type": "Feature", "properties": { "porto": "ETC Bertolini - Santana", "classe": "Estação de transbordo", "tipo": "Estação de transbordo de cargas", "estado": null, "cidade": null, "fonte": "envelope estimado (800 m)", "osm_id": null, "osm_nome": null, "area_km2": 2.0073910339493906 }, "geometry": { "type": "Polygon", "coordinates": [ [ [ -51.195802860005088, -0.002345682326647 ], [ -51.195796645933257, -0.003075937861497 ], [ -51.195857666488806, -0.00380332243873 ], [ -51.195985334906162, -0.004520830947372 ], [ -51.196178422515743, -0.005221553388228 ], [ -51.19643507054419, -0.005898741421302 ], [ -51.196752807985852, -0.006545873355553 ], [ -51.197128575374812, -0.007156716956672 ], [ -51.197558754229199, -0.007725389466791 ], [ -51.198039201885237, -0.008246414258762 ], [ -51.19856529138584, -0.008714773578711 ], [ -51.199131956040155, -0.009125956870254 ], [ -51.199733738224722, -0.009476004213353 ], [ -51.200364841956208, -0.009761544460534 ], [ -51.201019188728779, -0.00997982770308 ], [ -51.201690476077715, -0.010128751753808 ], [ -51.202372238304335, -0.010206882392627 ], [ -51.203057908776287, -0.010213467178771 ], [ -51.203740883201981, -0.010148442697086 ], [ -51.204414583268523, -0.010012435168939 ], [ -51.205072520028857, -0.00980675442126 ], [ -51.205708356426506, -0.009533381272274 ], [ -51.206315968354232, -0.009194948454857 ], [ -51.206889503657798, -0.008794715262338 ], [ -51.20742343851532, -0.008336536159221 ], [ -51.20791263064865, -0.007824823660977 ], [ -51.208352368853788, -0.007264505838823 ], [ -51.208738418372967, -0.006660978859855 ], [ -51.209067061671469, -0.006020055018756 ], [ -51.20933513422672, -0.005347906762642 ], [ -51.209540054985439, -0.004651007246589 ], [ -51.209679851196306, -0.003936067993895 ], [ -51.209753177379916, -0.003209974260362 ], [ -51.209759328254385, -0.002479718725414 ], [ -51.209698245493442, -0.001752334148973 ], [ -51.209570518253166, -0.001034825642001 ], [ -51.209377377463646, -0.000334103203545 ], [ -51.209120683941961, 0.00034308482641 ], [ -51.208802910442017, 0.000990216757006 ], [ -51.20842711781544, 0.001601060354044 ], [ -51.207996925513939, 0.002169732859795 ], [ -51.207516476718105, 0.002690757647246 ], [ -51.206990398428786, 0.003159116962796 ], [ -51.20642375690602, 0.003570300250196 ], [ -51.205822008884304, 0.003920347589534 ], [ -51.205190949034133, 0.004205887833549 ], [ -51.204536654174994, 0.004424171073511 ], [ -51.203865424776616, 0.004573095122454 ], [ -51.203183724310662, 0.004651225760338 ], [ -51.202498117036065, 0.004657810546403 ], [ -51.201815204815773, 0.004592786065493 ], [ -51.201141563572172, 0.004456778538965 ], [ -51.200483679991748, 0.00425109779377 ], [ -51.199847889087344, 0.003977724647819 ], [ -51.199240313217899, 0.003639291834074 ], [ -51.198666803151959, 0.003239058645653 ], [ -51.198132881741536, 0.002780879546904 ], [ -51.197643690748016, 0.002269167053163 ], [ -51.197203941331594, 0.001708849235391 ], [ -51.196817868680874, 0.001105322260566 ], [ -51.196489191219506, 0.000464398423228 ], [ -51.196221074782947, -0.000207749829686 ], [ -51.196016102110789, -0.000904649343172 ], [ -51.195876247949364, -0.001619588594064 ], [ -51.195802860005088, -0.002345682326647 ] ] ] } },
{ "type": "Feature", "properties": { "porto": "TUP Bertolini - Belém", "classe": "Terminal privado (TUP)", "tipo": "Terminal de uso privado", "estado": null, "cidade": null, "fonte": "envelope estimado (1000 m)", "osm_id": null, "osm_nome": null, "area_km2": 3.1365484905461636 }, "geometry": { "type": "Polygon", "coordinates": [ [ [ -48.472049882906738, -1.350408442438993 ], [ -48.472026502837409, -1.35131354973138 ], [ -48.472087924844452, -1.352216694471492 ], [ -48.472233558832087, -1.353109178875275 ], [ -48.47246200362963, -1.353982407814115 ], [ -48.472771060433132, -1.354827971591724 ], [ -48.473157753933208, -1.355637726934502 ], [ -48.473618360927524, -1.356403875417427 ], [ -48.474148446143943, -1.357119038568354 ], [ -48.474742904930537, -1.357776328928473 ], [ -48.475396012402463, -1.358369416384083 ], [ -48.476101478572652, -1.35889258913091 ], [ -48.476852508935742, -1.359340808683857 ], [ -48.477641869921321, -1.359709758401906 ], [ -48.478461958585498, -1.359995885061684 ], [ -48.479304875868571, -1.360196433077859 ], [ -48.480162502711757, -1.360309471042615 ], [ -48.481026578298298, -1.360333910326394 ], [ -48.481888779663514, -1.360269515563047 ], [ -48.482740801905067, -1.360116906916149 ], [ -48.483574438218668, -1.359877554106565 ], [ -48.484381658986585, -1.359553762257307 ], [ -48.485154689155081, -1.359148649693284 ], [ -48.485886083153751, -1.35866611790867 ], [ -48.486568796633811, -1.358110813991956 ], [ -48.48719625433305, -1.357488085870258 ], [ -48.487762413412909, -1.356803930804066 ], [ -48.488261821657346, -1.356064937628376 ], [ -48.488689669972729, -1.355278223296912 ], [ -48.48904183868359, -1.354451364340166 ], [ -48.489314937178953, -1.353592323897697 ], [ -48.489506336528628, -1.352709375027223 ], [ -48.489614194756776, -1.351811021029706 ], [ -48.489637474531015, -1.35090591355698 ], [ -48.489575953098608, -1.350002769291094 ], [ -48.489430224376186, -1.349110285998045 ], [ -48.48920169317504, -1.348237058763662 ], [ -48.488892561619565, -1.347391497218833 ], [ -48.488505807891819, -1.346581744551218 ], [ -48.488045157508644, -1.345815599083119 ], [ -48.487515047409595, -1.345100439170808 ], [ -48.486920583202824, -1.344443152148634 ], [ -48.486267489981479, -1.34385006800204 ], [ -48.485562057184971, -1.343326898408053 ], [ -48.484811078036131, -1.342878681730742 ], [ -48.484021784137255, -1.342509734500498 ], [ -48.483201775854099, -1.342223609845172 ], [ -48.482358949157394, -1.342023063273049 ], [ -48.481501419624735, -1.341910026136434 ], [ -48.480637444333283, -1.341885587033028 ], [ -48.479775342393431, -1.341949981322116 ], [ -48.478923414886673, -1.342102588858279 ], [ -48.478089864976674, -1.342341939963423 ], [ -48.477282718960723, -1.342665729579918 ], [ -48.476509749019918, -1.343070839468778 ], [ -48.475778398410093, -1.343553368238583 ], [ -48.475095709812656, -1.344108668916665 ], [ -48.474468257533594, -1.344731393700418 ], [ -48.473902084203161, -1.345415545457628 ], [ -48.473402642585043, -1.346154535480427 ], [ -48.472974743055403, -1.346941246936237 ], [ -48.472622507257846, -1.347768103405128 ], [ -48.472349328381455, -1.348627141843145 ], [ -48.472157838445412, -1.349510089269618 ], [ -48.472049882906738, -1.350408442438993 ] ] ] } },
{ "type": "Feature", "properties": { "porto": "Terminal Itapuã", "classe": "Terminal privado (TUP)", "tipo": "Terminal de uso privado", "estado": null, "cidade": null, "fonte": "envelope estimado (1000 m)", "osm_id": null, "osm_nome": null, "area_km2": 3.1365484905461627 }, "geometry": { "type": "Polygon", "coordinates": [ [ [ -38.489329479066164, -12.823344354307515 ], [ -38.489242764107239, -12.82419928876172 ], [ -38.489247608272024, -12.82505791875629 ], [ -38.489343966596898, -12.825911975210801 ], [ -38.489530912751079, -12.826753233009009 ], [ -38.489806647894085, -12.827573590214453 ], [ -38.490168517939949, -12.828365146102849 ], [ -38.490613039063895, -12.829120277259467 ], [ -38.491135931208014, -12.829831711008236 ], [ -38.491732159265119, -12.830492595464959 ], [ -38.492395981545336, -12.831096565539861 ], [ -38.493121005059685, -12.831637804252379 ], [ -38.493900247088746, -12.832111098768229 ], [ -38.494726202443374, -12.832511890617479 ], [ -38.495590915769235, -12.832836319609967 ], [ -38.496486058197789, -12.833081261024116 ], [ -38.497403007604291, -12.833244355711411 ], [ -38.498332931697838, -12.83332403282459 ], [ -38.499266873141437, -12.833319524952223 ], [ -38.500195835879801, -12.833230875511916 ], [ -38.50111087184122, -12.833058938332291 ], [ -38.502003167175914, -12.832805369426586 ], [ -38.502864127197888, -12.832472611038275 ], [ -38.503685459210061, -12.832063868111637 ], [ -38.504459252412907, -12.831583077414965 ], [ -38.50517805412521, -12.831034869613905 ], [ -38.505834941581689, -12.830424524660595 ], [ -38.506423588614979, -12.829757920929119 ], [ -38.506938326579366, -12.829041478587317 ], [ -38.507374198929654, -12.828282097751416 ], [ -38.50772700892982, -12.827487092019418 ], [ -38.50799336003336, -12.826664118023709 ], [ -38.508170688547402, -12.825821101682381 ], [ -38.508257288268197, -12.824966161859503 ], [ -38.508252326852535, -12.824107532169972 ], [ -38.508155853769885, -12.823253481682546 ], [ -38.507968799761166, -12.822412235284109 ], [ -38.507692967811586, -12.82159189447307 ], [ -38.50733101572736, -12.820800359343608 ], [ -38.506886430485984, -12.820045252512811 ], [ -38.506363494609325, -12.819333845721866 ], [ -38.505767244885178, -12.818672989818989 ], [ -38.505103423836118, -12.818069048796657 ], [ -38.504378424403768, -12.817527838518977 ], [ -38.503599228382107, -12.817054570727421 ], [ -38.502773339192238, -12.816653802865028 ], [ -38.501908709645839, -12.816329394200139 ], [ -38.501013665391817, -12.816084468673072 ], [ -38.500096824782155, -12.815921384821882 ], [ -38.499167015926737, -12.815841713077395 ], [ -38.498233191734037, -12.815846220644687 ], [ -38.497304343753434, -12.815934864117928 ], [ -38.496389415646561, -12.816106789897772 ], [ -38.495497217118441, -12.816360342409093 ], [ -38.494636339134821, -12.816693080038428 ], [ -38.493815071240086, -12.817101798639278 ], [ -38.49304132176978, -12.817582562378139 ], [ -38.492322541724512, -12.81813074162535 ], [ -38.491665653036883, -12.818741057526067 ], [ -38.491076981921594, -12.819407632822722 ], [ -38.490562197949799, -12.820124048440228 ], [ -38.490126259434753, -12.820883405289239 ], [ -38.489773365655132, -12.821678390693693 ], [ -38.489506916377053, -12.822501348802289 ], [ -38.489329479066164, -12.823344354307515 ] ] ] } },
{ "type": "Feature", "properties": { "porto": "Terminal Portuário Cotegipe", "classe": "Terminal privado (TUP)", "tipo": "Terminal de uso privado", "estado": null, "cidade": null, "fonte": "OSM (área portuária mapeada)", "osm_id": "way/754987727", "osm_nome": "Terminal Portuário Cotegipe", "area_km2": 0.27686401307009328 }, "geometry": { "type": "Polygon", "coordinates": [ [ [ -38.4723106, -12.791601500000029 ], [ -38.4718385, -12.7919913 ], [ -38.4710231, -12.7916486 ], [ -38.4722757, -12.7896424 ], [ -38.4723669, -12.789203 ], [ -38.4727344, -12.7885909 ], [ -38.472839, -12.788577800000017 ], [ -38.4731635, -12.7885857 ], [ -38.4734532, -12.788876 ], [ -38.4735873, -12.788896900000019 ], [ -38.4740943, -12.7889022 ], [ -38.4745422, -12.7884784 ], [ -38.47462130000001, -12.7882182 ], [ -38.4749945, -12.7874779 ], [ -38.4750404, -12.7874766 ], [ -38.475078, -12.7874812 ], [ -38.4751189, -12.787496199999984 ], [ -38.4751712, -12.7875263 ], [ -38.4751981, -12.7875474 ], [ -38.475202, -12.7877931 ], [ -38.4752919, -12.7879356 ], [ -38.4759731, -12.7882038 ], [ -38.4762883, -12.78778 ], [ -38.476665, -12.787155 ], [ -38.4770919, -12.7870018 ], [ -38.4777259, -12.787255599999988 ], [ -38.478021, -12.7876179 ], [ -38.4772968, -12.7891559 ], [ -38.4771118, -12.789302400000031 ], [ -38.4774765, -12.790118499999982 ], [ -38.4782624, -12.790330300000011 ], [ -38.4792548, -12.7907802 ], [ -38.47872910000001, -12.7911307 ], [ -38.4786755, -12.791237899999983 ], [ -38.4781682, -12.791823199999987 ], [ -38.47784630000001, -12.792084799999982 ], [ -38.4777594, -12.7923136 ], [ -38.4770535, -12.792896099999984 ], [ -38.4768945, -12.792925 ], [ -38.4767899, -12.792564100000011 ], [ -38.47653780000001, -12.792226699999976 ], [ -38.475717, -12.7917218 ], [ -38.4754917, -12.791646 ], [ -38.47447780000001, -12.7914812 ], [ -38.4732655, -12.791622500000013 ], [ -38.4723106, -12.791601500000029 ] ] ] } },
{ "type": "Feature", "properties": { "porto": "Teporti", "classe": "Terminal privado (TUP)", "tipo": "Terminal de uso privado", "estado": null, "cidade": null, "fonte": "OSM (área portuária mapeada)", "osm_id": "way/763275145", "osm_nome": "Teporti - Terminal Portuário de Itajaí", "area_km2": 0.058230144637881981 }, "geometry": { "type": "Polygon", "coordinates": [ [ [ -48.7130655, -26.877757700000039 ], [ -48.712049, -26.8789294 ], [ -48.7103181, -26.877561 ], [ -48.7099727, -26.877301 ], [ -48.7085291, -26.8761886 ], [ -48.7085885, -26.87612540000001 ], [ -48.7086644, -26.876176100000016 ], [ -48.70869780000001, -26.876136400000028 ], [ -48.7091576, -26.876458399999986 ], [ -48.7092947, -26.876303 ], [ -48.7095312, -26.8764827 ], [ -48.7102201, -26.8757688 ], [ -48.7102624, -26.8757284 ], [ -48.710326, -26.8758019 ], [ -48.7103349, -26.875829599999975 ], [ -48.7103388, -26.875879600000012 ], [ -48.7103343, -26.8759459 ], [ -48.710325, -26.8759898 ], [ -48.71073, -26.876187800000022 ], [ -48.7119787, -26.8769518 ], [ -48.7119634, -26.8769766 ], [ -48.7119701, -26.87699869999998 ], [ -48.7119842, -26.8770298 ], [ -48.712021, -26.87706510000001 ], [ -48.7120338, -26.8771016 ], [ -48.7120546, -26.8771249 ], [ -48.7120807, -26.8771351 ], [ -48.7121075, -26.8771159 ], [ -48.7121424, -26.877117100000021 ], [ -48.712188, -26.877130299999976 ], [ -48.7122189, -26.8771506 ], [ -48.7122618, -26.877205700000026 ], [ -48.712294, -26.877258300000019 ], [ -48.7129166, -26.877578 ], [ -48.7132011, -26.8775982 ], [ -48.7132931, -26.877832500000022 ], [ -48.7132494, -26.877880300000029 ], [ -48.7130655, -26.877757700000039 ] ] ] } },
{ "type": "Feature", "properties": { "porto": "Terminal Marítimo Miguel de Oliveira", "classe": "Terminal privado (TUP)", "tipo": "Terminal de uso privado", "estado": null, "cidade": null, "fonte": "OSM (área portuária mapeada)", "osm_id": "way/288133146", "osm_nome": null, "area_km2": 0.3229697943509991 }, "geometry": { "type": "Polygon", "coordinates": [ [ [ -38.4875281, -12.7848047 ], [ -38.4897392, -12.7847805 ], [ -38.4901579, -12.783697899999961 ], [ -38.4904346, -12.783695199999983 ], [ -38.4909029, -12.784554 ], [ -38.4927676, -12.784529300000012 ], [ -38.4929262, -12.784490099999989 ], [ -38.4930835, -12.7847652 ], [ -38.4924332, -12.785344200000013 ], [ -38.4926216, -12.785677 ], [ -38.4925117, -12.785807800000018 ], [ -38.4924003, -12.785953 ], [ -38.4921791, -12.786226299999969 ], [ -38.4921315, -12.7862924 ], [ -38.4920906, -12.786357099999956 ], [ -38.492045, -12.786440800000014 ], [ -38.4920181, -12.7864957 ], [ -38.4920007, -12.786525800000021 ], [ -38.4919511, -12.7865886 ], [ -38.4918713, -12.7867011 ], [ -38.4918257, -12.7867632 ], [ -38.49179010000001, -12.786805 ], [ -38.4917526, -12.7868423 ], [ -38.4916212, -12.786965300000016 ], [ -38.4915192, -12.787062 ], [ -38.4914696, -12.7871183 ], [ -38.4914066, -12.787182400000034 ], [ -38.4913382, -12.7872713 ], [ -38.4912872, -12.787373299999988 ], [ -38.4911866, -12.787591700000016 ], [ -38.4911209, -12.787725099999982 ], [ -38.4910867, -12.787798400000039 ], [ -38.4910432, -12.7879095 ], [ -38.4910214, -12.787949700000038 ], [ -38.4910046, -12.7879805 ], [ -38.4909882, -12.788005600000012 ], [ -38.4909761, -12.788022 ], [ -38.4909466, -12.7880547 ], [ -38.4907924, -12.7882208 ], [ -38.490622, -12.788410399999988 ], [ -38.4904423, -12.7886001 ], [ -38.4902626, -12.788755700000014 ], [ -38.4900843, -12.7889009 ], [ -38.4899797, -12.788971499999967 ], [ -38.4898911, -12.789026400000047 ], [ -38.489517, -12.7892501 ], [ -38.4891629, -12.7894541 ], [ -38.4889651, -12.789545600000013 ], [ -38.4889021, -12.789571799999981 ], [ -38.4888511, -12.7895829 ], [ -38.4887908, -12.7895888 ], [ -38.4887076, -12.7895888 ], [ -38.4884025, -12.789541700000019 ], [ -38.4882456, -12.7895051 ], [ -38.4880967, -12.789465799999977 ], [ -38.4876958, -12.789331799999982 ], [ -38.4876696, -12.789324600000022 ], [ -38.4876559, -12.789324300000018 ], [ -38.4876478, -12.7893269 ], [ -38.487633700000011, -12.7893354 ], [ -38.4875883, -12.789407 ], [ -38.4875828, -12.7894147 ], [ -38.4875777, -12.789417499999965 ], [ -38.4875714, -12.7894176 ], [ -38.487565, -12.789414500000021 ], [ -38.487196200000014, -12.789195099999985 ], [ -38.4871881, -12.78918759999998 ], [ -38.4871841, -12.789182 ], [ -38.4871836, -12.789174199999982 ], [ -38.487186800000011, -12.7891657 ], [ -38.4872213, -12.789111799999967 ], [ -38.487225, -12.789100600000017 ], [ -38.487223, -12.7890912 ], [ -38.4872177, -12.7890843 ], [ -38.4870453, -12.788961 ], [ -38.4870218, -12.7889408 ], [ -38.4869823, -12.788904800000024 ], [ -38.4868609, -12.7887936 ], [ -38.4868039, -12.788748500000025 ], [ -38.4867315, -12.7886988 ], [ -38.4866571, -12.788658299999987 ], [ -38.4865417, -12.7886027 ], [ -38.486354, -12.788520900000014 ], [ -38.4861682, -12.788444400000015 ], [ -38.4860274, -12.78837640000001 ], [ -38.4857914, -12.788236499999973 ], [ -38.4857431, -12.7882064 ], [ -38.4857042, -12.788168500000012 ], [ -38.4856519, -12.7881018 ], [ -38.4856358, -12.7880364 ], [ -38.4856331, -12.787927800000013 ], [ -38.4856365, -12.7877558 ], [ -38.4856378, -12.787727399999982 ], [ -38.4856485, -12.7876159 ], [ -38.4856519, -12.787562300000012 ], [ -38.4856559, -12.7874714 ], [ -38.4856533, -12.787360200000013 ], [ -38.4856385, -12.787280400000013 ], [ -38.4856184, -12.787200699999975 ], [ -38.4856063, -12.7871712 ], [ -38.4855999, -12.787165 ], [ -38.4855885, -12.787160099999987 ], [ -38.4855118, -12.7871629 ], [ -38.4855096, -12.787162299999988 ], [ -38.4855072, -12.787160400000033 ], [ -38.4855065, -12.7871562 ], [ -38.4855124, -12.786879599999972 ], [ -38.4855064, -12.786764500000029 ], [ -38.485504400000011, -12.786724 ], [ -38.4855057, -12.786715100000023 ], [ -38.4855131, -12.786710199999989 ], [ -38.4855627, -12.7867057 ], [ -38.4855862, -12.7866991 ], [ -38.4855989, -12.786680099999987 ], [ -38.485617, -12.7866376 ], [ -38.4856358, -12.7865899 ], [ -38.4856439, -12.7865624 ], [ -38.4856486, -12.786535 ], [ -38.4856553, -12.786448 ], [ -38.485668, -12.786160300000022 ], [ -38.485672, -12.7858967 ], [ -38.485672, -12.7856914 ], [ -38.4856747, -12.7855319 ], [ -38.4856895, -12.785208799999985 ], [ -38.4857015, -12.785096300000028 ], [ -38.4857176, -12.785025699999984 ], [ -38.4857471, -12.784969499999985 ], [ -38.4857874, -12.784936800000022 ], [ -38.485837, -12.784916500000023 ], [ -38.4859235, -12.784898899999973 ], [ -38.4860377, -12.784896 ], [ -38.486358, -12.784898899999989 ], [ -38.4864807, -12.784891 ], [ -38.4866229, -12.784867499999974 ], [ -38.4867141, -12.7848544 ], [ -38.486797200000012, -12.784847199999986 ], [ -38.486879, -12.784845900000036 ], [ -38.4869535, -12.7848439 ], [ -38.487042, -12.7848452 ], [ -38.4874503, -12.78484 ], [ -38.4875046, -12.7848269 ], [ -38.4875281, -12.7848047 ] ] ] } },
{ "type": "Feature", "properties": { "porto": "TUP Bertolini - Santarém", "classe": "Terminal privado (TUP)", "tipo": "Terminal de uso privado", "estado": null, "cidade": null, "fonte": "OSM (área portuária mapeada)", "osm_id": "way/1444733791", "osm_nome": "Antigo porto da cidade", "area_km2": 0.0019465404939471764 }, "geometry": { "type": "Polygon", "coordinates": [ [ [ -54.7110146, -2.4156301 ], [ -54.7110207, -2.416075 ], [ -54.7106575, -2.416091300000021 ], [ -54.7106895, -2.41561630000002 ], [ -54.7110146, -2.4156301 ] ] ] } },
{ "type": "Feature", "properties": { "porto": "Terminal de Barcaças Oceânicas", "classe": "Terminal privado (TUP)", "tipo": "Terminal de uso privado", "estado": null, "cidade": null, "fonte": "OSM (área portuária mapeada)", "osm_id": "way/242830778", "osm_nome": "Terminal Marítimo de Barcaças", "area_km2": 0.071586067315579607 }, "geometry": { "type": "Polygon", "coordinates": [ [ [ -40.2215263, -20.258694500000011 ], [ -40.2203169, -20.257076499999958 ], [ -40.2202777, -20.2570499 ], [ -40.2202311, -20.25703750000001 ], [ -40.2200909, -20.2567986 ], [ -40.2202968, -20.256671400000013 ], [ -40.2223832, -20.255273299999985 ], [ -40.2225537, -20.2555028 ], [ -40.222633, -20.255609500000016 ], [ -40.2225405, -20.2556699 ], [ -40.2237108, -20.257185700000015 ], [ -40.2215642, -20.258614 ], [ -40.2215446, -20.258628599999966 ], [ -40.2215309, -20.2586483 ], [ -40.2215246, -20.2586711 ], [ -40.2215263, -20.258694500000011 ] ] ] } },
{ "type": "Feature", "properties": { "porto": "DP World Santos", "classe": "Terminal privado (TUP)", "tipo": "Terminal de uso privado", "estado": null, "cidade": null, "fonte": "OSM (área portuária mapeada)", "osm_id": "way/477616719", "osm_nome": "DP World Santos", "area_km2": 0.23277347011445632 }, "geometry": { "type": "Polygon", "coordinates": [ [ [ -46.3227768, -23.924748899999962 ], [ -46.322766, -23.92425830000002 ], [ -46.3225337, -23.9242438 ], [ -46.3225311, -23.9241232 ], [ -46.3224651, -23.924128 ], [ -46.3224651, -23.9239929 ], [ -46.3223886, -23.9239905 ], [ -46.3223807, -23.923935 ], [ -46.3221247, -23.9239398 ], [ -46.3213276, -23.92154020000001 ], [ -46.3211244, -23.92133849999998 ], [ -46.3208975, -23.921175800000036 ], [ -46.3201149, -23.921002100000024 ], [ -46.3163547, -23.9210208 ], [ -46.3163365, -23.9243003 ], [ -46.3163568, -23.9248086 ], [ -46.3227768, -23.924748899999962 ] ] ] } },
{ "type": "Feature", "properties": { "porto": "Terminal Porto do Rio Iguaçu", "classe": "Terminal privado (TUP)", "tipo": "Terminal de uso privado", "estado": null, "cidade": null, "fonte": "envelope estimado (1000 m)", "osm_id": null, "osm_nome": null, "area_km2": 3.1365484905458976 }, "geometry": { "type": "Polygon", "coordinates": [ [ [ -54.568680150633917, -25.590525166986808 ], [ -54.568693757086741, -25.591365467060253 ], [ -54.568808218265026, -25.59220063242385 ], [ -54.569022433846982, -25.5930226197917 ], [ -54.569334342694511, -25.593823512631936 ], [ -54.569740942630986, -25.59459559742011 ], [ -54.570238319289459, -25.595331437943678 ], [ -54.570821683755817, -25.596023946940289 ], [ -54.571485418646553, -25.596666454379516 ], [ -54.572223132178998, -25.597252771729185 ], [ -54.573027719714283, -25.59777725158656 ], [ -54.573891432181, -25.598234842098282 ], [ -54.574805950720403, -25.598621135644361 ], [ -54.575762466833659, -25.598932411315506 ], [ -54.576751767258116, -25.599165670774351 ], [ -54.577764322753254, -25.599318667153231 ], [ -54.578790379939242, -25.599389926710266 ], [ -54.579820055301035, -25.599378763033915 ], [ -54.58084343044974, -25.599285283658929 ], [ -54.581850647721076, -25.599110389030034 ], [ -54.58283200518698, -25.598855763822769 ], [ -54.583778050162579, -25.598523860705985 ], [ -54.584679670305121, -25.598117876702521 ], [ -54.585528181425111, -25.597641722376402 ], [ -54.586315411161856, -25.597099984144602 ], [ -54.587033777716002, -25.596497880076758 ], [ -54.587676362879762, -25.595841209610384 ], [ -54.588236978660831, -25.595136297666489 ], [ -54.588710226858765, -25.594389933705468 ], [ -54.589091551020381, -25.593609306311066 ], [ -54.589377280275343, -25.592801933934108 ], [ -54.589564664631396, -25.591975592462937 ], [ -54.589651901391505, -25.591138240320465 ], [ -54.589638152441182, -25.59029794180821 ], [ -54.589523552242198, -25.589462789437402 ], [ -54.589309206458815, -25.588640825994652 ], [ -54.588997181232706, -25.587839967092386 ], [ -54.588590483212855, -25.587067924950798 ], [ -54.588093030535518, -25.586332134143571 ], [ -54.587509615036147, -25.585639680022485 ], [ -54.586845856059426, -25.584997230509185 ], [ -54.586108146313641, -25.584410971909691 ], [ -54.585303590292142, -25.583886549369044 ], [ -54.584439935855279, -25.583429012537952 ], [ -54.583525499631747, -25.583042766973531 ], [ -54.582569086957008, -25.582731531741107 ], [ -54.581579907118645, -25.582498303624014 ], [ -54.580567484723126, -25.582345328285513 ], [ -54.579541568035324, -25.582274078658852 ], [ -54.57851203517103, -25.582285240774024 ], [ -54.577488799043039, -25.582378707156195 ], [ -54.576481711973123, -25.582553577860025 ], [ -54.575500470885807, -25.582808169129333 ], [ -54.574554523993569, -25.583140029599523 ], [ -54.573652979869898, -25.58354596388665 ], [ -54.57280451978292, -25.584022063337208 ], [ -54.572017314132161, -25.584563743643123 ], [ -54.571298943791341, -25.58516578896079 ], [ -54.570656327113795, -25.585822402110391 ], [ -54.570095653302872, -25.586527260373654 ], [ -54.56962232278908, -25.587273576353056 ], [ -54.569240895188948, -25.588054163308716 ], [ -54.568955045347884, -25.588861504343935 ], [ -54.56876752789222, -25.589687824774707 ], [ -54.568680150633917, -25.590525166986808 ] ] ] } },
{ "type": "Feature", "properties": { "porto": "Barra do Rio Terminal Portuário", "classe": "Terminal privado (TUP)", "tipo": "Terminal de uso privado", "estado": null, "cidade": null, "fonte": "OSM (área portuária mapeada)", "osm_id": "way/1531733232", "osm_nome": null, "area_km2": 0.0034694821765265558 }, "geometry": { "type": "Polygon", "coordinates": [ [ [ -48.6741229, -26.8831385 ], [ -48.67209050000001, -26.882391799999969 ], [ -48.6720735, -26.882456500000014 ], [ -48.6720555, -26.8825251 ], [ -48.674008, -26.8832656 ], [ -48.6741229, -26.8831385 ] ] ] } },
{ "type": "Feature", "properties": { "porto": "Terminal Portuário Privativo da Alumar", "classe": "Terminal privado (TUP)", "tipo": "Terminal de uso privado", "estado": null, "cidade": null, "fonte": "OSM (área portuária mapeada)", "osm_id": "way/188884705", "osm_nome": "Terminal da Alumar", "area_km2": 0.37089619202700685 }, "geometry": { "type": "Polygon", "coordinates": [ [ [ -44.3580332, -2.678195499999986 ], [ -44.357403, -2.678587 ], [ -44.3566938, -2.6790276 ], [ -44.3554944, -2.681179100000054 ], [ -44.3550554, -2.683014499999968 ], [ -44.3562553, -2.683273100000018 ], [ -44.3570421, -2.6829635 ], [ -44.35742960000001, -2.683892299999979 ], [ -44.35832150000001, -2.683097299999977 ], [ -44.3586991, -2.683785099999985 ], [ -44.3591462, -2.6837911 ], [ -44.3609641, -2.682374 ], [ -44.3608866, -2.681772700000026 ], [ -44.3605588, -2.681088 ], [ -44.3637049, -2.679858100000023 ], [ -44.3638337, -2.679563400000023 ], [ -44.3639571, -2.679349 ], [ -44.3640482, -2.679121299999983 ], [ -44.3640161, -2.6789203 ], [ -44.3639061, -2.678789100000039 ], [ -44.3638149, -2.678706 ], [ -44.3637317, -2.678655099999986 ], [ -44.3633831, -2.678566699999979 ], [ -44.3626857, -2.6785694 ], [ -44.362675, -2.678084399999972 ], [ -44.3627715, -2.678087099999982 ], [ -44.3627697, -2.6779406 ], [ -44.3583853, -2.678113899999989 ], [ -44.35837, -2.67834339999998 ], [ -44.3621827, -2.6781853 ], [ -44.36217760000001, -2.678251599999949 ], [ -44.3625349, -2.678236299999979 ], [ -44.3625349, -2.67843 ], [ -44.3622235, -2.67843 ], [ -44.3621368, -2.6783841 ], [ -44.3618435, -2.678470200000011 ], [ -44.3615753, -2.6786095 ], [ -44.3599874, -2.678706 ], [ -44.3592739, -2.6787221 ], [ -44.3585283, -2.678706 ], [ -44.3580332, -2.678195499999986 ] ] ] } },
{ "type": "Feature", "properties": { "porto": "Terminal Aquaviário do Norte Capixaba", "classe": "Terminal privado (TUP)", "tipo": "Terminal de uso privado", "estado": null, "cidade": null, "fonte": "envelope estimado (1000 m)", "osm_id": null, "osm_nome": null, "area_km2": 3.1365484905459056 }, "geometry": { "type": "Polygon", "coordinates": [ [ [ -39.726239604255547, -18.97718241159648 ], [ -39.726156796094926, -18.97802460353445 ], [ -39.726169851685853, -18.978869757307191 ], [ -39.726278647144937, -18.979709733605652 ], [ -39.726482136516374, -18.980536442863368 ], [ -39.726778361775786, -18.981341923168557 ], [ -39.727164471622089, -18.982118416951401 ], [ -39.727636748879107, -18.982858445707116 ], [ -39.728190646244961, -18.983554882035396 ], [ -39.728820830047304, -18.984201018300766 ], [ -39.729521231583931, -18.984790631253095 ], [ -39.73028510555573, -18.985318041983984 ], [ -39.731105095029505, -18.985778170641431 ], [ -39.731973302304944, -18.986166585374502 ], [ -39.73288136500274, -18.986479545036062 ], [ -39.73382053664001, -18.986714035231348 ], [ -39.734781770915241, -18.986867797364468 ], [ -39.735755808889323, -18.98693935040243 ], [ -39.736733268220569, -18.986928005146876 ], [ -39.737704733591883, -18.986833870875284 ], [ -39.738660847456558, -18.986657854287955 ], [ -39.739592400225838, -18.986401650770919 ], [ -39.740490419027253, -18.986067728058558 ], [ -39.741346254176356, -18.985659302454579 ], [ -39.742151662526801, -18.985180307840064 ], [ -39.742898886894231, -18.984635357767964 ], [ -39.743580730787635, -18.984029701010247 ], [ -39.74419062772747, -18.98336917098581 ], [ -39.744722704482534, -18.98266012955818 ], [ -39.745171837616603, -18.981909405744133 ], [ -39.745533702800948, -18.98112422992498 ], [ -39.745804816418918, -18.980312164194938 ], [ -39.745982569063443, -18.979481029517743 ], [ -39.74606525060684, -18.978638830393862 ], [ -39.746052066603973, -18.977793677764478 ], [ -39.745943145873021, -18.976953710894762 ], [ -39.745739539183916, -18.976127018988816 ], [ -39.745443209069492, -18.97532156329158 ], [ -39.745057010860343, -18.974545100427228 ], [ -39.744584665128421, -18.973805107712327 ], [ -39.744030721806993, -18.973108711162197 ], [ -39.743400516334496, -18.972462616883654 ], [ -39.742700118245907, -18.971873046513284 ], [ -39.741936272707797, -18.971345677323111 ], [ -39.741116335560704, -18.970885587568706 ], [ -39.740248202494058, -18.970497207606034 ], [ -39.739340233035342, -18.970184277245956 ], [ -39.738401170084316, -18.969949809757274 ], [ -39.737440055765752, -18.969796062863196 ], [ -39.736466144408894, -18.969724517011141 ], [ -39.735488813489603, -18.969735861123315 ], [ -39.734517473390149, -18.969829985966204 ], [ -39.73356147684315, -18.970005985201738 ], [ -39.732630028928881, -18.970262164110842 ], [ -39.731732098490305, -18.970596055904704 ], [ -39.730876331816113, -18.971004445467845 ], [ -39.730070969421234, -18.971483400304216 ], [ -39.729323766723965, -18.972028308389469 ], [ -39.728641919382525, -18.972633922565254 ], [ -39.72803199400898, -18.973294411048986 ], [ -39.727499864927232, -18.974003413573552 ], [ -39.727050657584392, -18.974754102617265 ], [ -39.72668869916096, -18.975539249134879 ], [ -39.726417476856739, -18.976351292158331 ], [ -39.726239604255547, -18.97718241159648 ] ] ] } },
{ "type": "Feature", "properties": { "porto": "Terminal Portuário Wellstream - TPW", "classe": "Terminal privado (TUP)", "tipo": "Terminal de uso privado", "estado": null, "cidade": null, "fonte": "envelope estimado (1000 m)", "osm_id": null, "osm_nome": null, "area_km2": 3.1365484905458985 }, "geometry": { "type": "Polygon", "coordinates": [ [ [ -43.107853538813096, -22.865296012055463 ], [ -43.107790629541249, -22.866135481627772 ], [ -43.107826581130183, -22.866976056351291 ], [ -43.107961049306468, -22.867809640978795 ], [ -43.108192740963155, -22.868628207437588 ], [ -43.108519426540212, -22.869423872151451 ], [ -43.108937961428929, -22.87018897197683 ], [ -43.109444316196488, -22.870916138020515 ], [ -43.110033615342211, -22.871598366627936 ], [ -43.110700184213847, -22.872229086856898 ], [ -43.111437603633718, -22.872802223786696 ], [ -43.112238771709499, -22.873312257051303 ], [ -43.11309597223471, -22.873754274032155 ], [ -43.114000949019932, -22.874124017196934 ], [ -43.114944985438278, -22.874417925127691 ], [ -43.115918988417576, -22.874633166841868 ], [ -43.116913576068768, -22.874767669074934 ], [ -43.117919168104208, -22.874820136261238 ], [ -43.118926078172812, -22.874790063020274 ], [ -43.119924607219843, -22.874677739027085 ], [ -43.120905136969448, -22.874484246220625 ], [ -43.121858222626798, -22.874211448376432 ], [ -43.12277468390414, -22.873861973144745 ], [ -43.123645693491639, -22.873439186726976 ], [ -43.124462862118669, -22.872947161435853 ], [ -43.12521831938443, -22.872390636451744 ], [ -43.125904789577994, -22.8717749721548 ], [ -43.126515661756841, -22.871106098472655 ], [ -43.127045053408381, -22.870390457743877 ], [ -43.127487867081747, -22.869634942646755 ], [ -43.127839839445215, -22.868846829793512 ], [ -43.128097582298032, -22.868033709629898 ], [ -43.128258615143586, -22.867203413316446 ], [ -43.128321389012235, -22.866363937295684 ], [ -43.128285301307102, -22.865523366273187 ], [ -43.128150701532483, -22.864689795353836 ], [ -43.127918887852587, -22.863871252083641 ], [ -43.127592094516721, -22.863075619147622 ], [ -43.127173470274712, -22.862310558468209 ], [ -43.126667047993159, -22.86158343743417 ], [ -43.126077705767287, -22.860901257970461 ], [ -43.125411119904896, -22.860270589130636 ], [ -43.124673710236578, -22.859697503860581 ], [ -43.123872578279936, -22.859187520541088 ], [ -43.123015438853407, -22.858745549871337 ], [ -43.122110545798421, -22.858375847603909 ], [ -43.121166612524163, -22.858081973585094 ], [ -43.120192728139024, -22.857866757494321 ], [ -43.119198269974575, -22.857732271611326 ], [ -43.118192813342333, -22.857679810873474 ], [ -43.117186039389928, -22.857709880413434 ], [ -43.116187641941224, -22.85782219069845 ], [ -43.115207234214829, -22.858015660316326 ], [ -43.114254256316286, -22.858288426382636 ], [ -43.113337884392251, -22.85863786246837 ], [ -43.112466942318726, -22.859060603876504 ], [ -43.111649816771845, -22.859552580023923 ], [ -43.110894376496859, -22.86010905361886 ], [ -43.110207896551735, -22.860724666256075 ], [ -43.109596988253728, -22.861393489993112 ], [ -43.109067535503513, -22.8621090844108 ], [ -43.108624638099911, -22.862864558610585 ], [ -43.108272562592369, -22.863652637551866 ], [ -43.108014701145379, -22.864465732092096 ], [ -43.107853538813096, -22.865296012055463 ] ] ] } },
{ "type": "Feature", "properties": { "porto": "TUP Carinhoso", "classe": "Terminal privado (TUP)", "tipo": "Terminal de uso privado", "estado": null, "cidade": null, "fonte": "envelope estimado (1000 m)", "osm_id": null, "osm_nome": null, "area_km2": 3.1365484905461782 }, "geometry": { "type": "Polygon", "coordinates": [ [ [ -59.891601004110619, -3.111437729028842 ], [ -59.891643268913541, -3.112333058768104 ], [ -59.891770907384291, -3.11321982452782 ], [ -59.891982691710709, -3.114089486237695 ], [ -59.892276583599504, -3.114933668529058 ], [ -59.892649753855927, -3.115744241396208 ], [ -59.893098609586495, -3.11651339849547 ], [ -59.893618828764332, -3.11723373232759 ], [ -59.894205401825808, -3.11789830557997 ], [ -59.894852679898818, -3.1185007179406 ], [ -59.895554429198747, -3.119035167740624 ], [ -59.896303891068818, -3.119496507832112 ], [ -59.897093847085976, -3.119880295161642 ], [ -59.897916688605058, -3.120182833562954 ], [ -59.898764490070171, -3.120401209356658 ], [ -59.899629085386032, -3.120533319413005 ], [ -59.900502146612034, -3.120577891408026 ], [ -59.901375264219283, -3.12053449607829 ], [ -59.902240028135495, -3.120403551355092 ], [ -59.903088108795259, -3.120186318339194 ], [ -59.903911337412652, -3.119884889154549 ], [ -59.904701784701324, -3.119502166798033 ], [ -59.905451837281902, -3.119041837179405 ], [ -59.906154271039043, -3.118508333620508 ], [ -59.906802320720544, -3.117906794156493 ], [ -59.90738974510694, -3.117243012049598 ], [ -59.907910887123471, -3.116523379992675 ], [ -59.908360728315387, -3.115754828540088 ], [ -59.908734937161846, -3.11494475935834 ], [ -59.909029910764161, -3.114100973940621 ], [ -59.909242809507646, -3.113231598470775 ], [ -59.909371584364706, -3.112345005561013 ], [ -59.909414996578029, -3.111449733617174 ], [ -59.909372629536129, -3.110554404608201 ], [ -59.909244892728914, -3.109667641031021 ], [ -59.909033017747568, -3.10879798287209 ], [ -59.908739046369185, -3.107953805363619 ], [ -59.908365810843279, -3.107143238327452 ], [ -59.907916906571607, -3.106374087883269 ], [ -59.907396657446427, -3.105653761274473 ], [ -59.906810074182232, -3.104989195536123 ], [ -59.906162806043234, -3.104386790691502 ], [ -59.905461086432268, -3.103852348120546 ], [ -59.904711672865204, -3.103391014693444 ], [ -59.903921781908807, -3.103007233207558 ], [ -59.903099019708009, -3.102704699604447 ], [ -59.902251308770545, -3.102486327379175 ], [ -59.901386811712783, -3.102354219524444 ], [ -59.900513852699312, -3.102309648279412 ], [ -59.899640837331063, -3.102353042878844 ], [ -59.898776171751301, -3.102483985419523 ], [ -59.897928181746479, -3.102701214884509 ], [ -59.897105032618668, -3.103002639286247 ], [ -59.896314650599464, -3.103385355811711 ], [ -59.895564646560004, -3.103845678775309 ], [ -59.8948622427502, -3.104379175110867 ], [ -59.89421420327141, -3.10498070706087 ], [ -59.893626768951016, -3.105644481651789 ], [ -59.893105597245516, -3.106364106479575 ], [ -59.892655707750606, -3.107132651267759 ], [ -59.892281433843372, -3.107942714605915 ], [ -59.891986380922759, -3.108786495225383 ], [ -59.891773391651633, -3.109655867126849 ], [ -59.891644518536481, -3.110542457835079 ], [ -59.891601004110619, -3.111437729028842 ] ] ] } },
{ "type": "Feature", "properties": { "porto": "Terminal Portuário Graneleiro de Barcarena", "classe": "Terminal privado (TUP)", "tipo": "Terminal de uso privado", "estado": null, "cidade": null, "fonte": "envelope estimado (1000 m)", "osm_id": null, "osm_nome": null, "area_km2": 3.1365484905461636 }, "geometry": { "type": "Polygon", "coordinates": [ [ [ -48.718429763626837, -1.495424000358082 ], [ -48.718407769497212, -1.4963283737072 ], [ -48.718470651944877, -1.497230641775481 ], [ -48.718617806811153, -1.498122115220657 ], [ -48.7188478182794, -1.498994208648492 ], [ -48.719158472457643, -1.499838523295325 ], [ -48.719546778651711, -1.500646927914097 ], [ -48.720008998125969, -1.501411637083688 ], [ -48.720540680076091, -1.50212528618873 ], [ -48.721136704468826, -1.502781002346506 ], [ -48.721791331337123, -1.50337247059866 ], [ -48.722498256056241, -1.50389399472977 ], [ -48.723250670068886, -1.504340552127038 ], [ -48.724041326473916, -1.504707842152732 ], [ -48.724862609846589, -1.504992327563339 ], [ -48.725706609616552, -1.505191268577027 ], [ -48.72656519629566, -1.505302749259984 ], [ -48.727430099819678, -1.505325695979268 ], [ -48.728292989247564, -1.505259887742734 ], [ -48.729145553048589, -1.505105958327412 ], [ -48.729979579202045, -1.504865390175648 ], [ -48.730787034335954, -1.504540500117718 ], [ -48.731560141140683, -1.504134417058316 ], [ -48.732291453309969, -1.503651051842243 ], [ -48.732973927286238, -1.503095059589047 ], [ -48.733600990117701, -1.502471794859773 ], [ -48.734166602773172, -1.501787260087899 ], [ -48.734665318304032, -1.501048047770163 ], [ -48.735092334293185, -1.500261276975485 ], [ -48.735443539086305, -1.4994345247824 ], [ -48.735715551360755, -1.498575753305944 ], [ -48.735905752652201, -1.49769323301644 ], [ -48.736012312527173, -1.496795463089448 ], [ -48.736034206160852, -1.49589108955289 ], [ -48.735971224152692, -1.494988822020815 ], [ -48.735823974487417, -1.494097349814886 ], [ -48.735593876624741, -1.493225258281651 ], [ -48.735283147776748, -1.492380946111958 ], [ -48.734894781507094, -1.491572544457774 ], [ -48.73443251886011, -1.490807838626175 ], [ -48.733900812299211, -1.490094193104318 ], [ -48.73330478280343, -1.489438480637219 ], [ -48.732650170535926, -1.488847016041339 ], [ -48.73194327956034, -1.488325495391673 ], [ -48.731190917137233, -1.487878941167195 ], [ -48.730400328185176, -1.487511653883725 ], [ -48.729579125536723, -1.487227170679346 ], [ -48.728735216660056, -1.487028231251188 ], [ -48.727876727550338, -1.486916751472032 ], [ -48.727011924522259, -1.486893804940154 ], [ -48.726149134654875, -1.486959612640498 ], [ -48.725296665652841, -1.48711354081659 ], [ -48.724462725893808, -1.487354107073772 ], [ -48.723655345429663, -1.487678994654544 ], [ -48.722882298700512, -1.488085074749324 ], [ -48.722151029703952, -1.488568436627404 ], [ -48.721468580338467, -1.489124425297467 ], [ -48.720841522610044, -1.489747686336063 ], [ -48.720275895353772, -1.490432217451664 ], [ -48.719777146079387, -1.491171426287906 ], [ -48.719350078500696, -1.491958193909811 ], [ -48.718998806254604, -1.492784943360654 ], [ -48.71872671325594, -1.493643712630899 ], [ -48.7185364210712, -1.494526231334891 ], [ -48.718429763626837, -1.495424000358082 ] ] ] } },
{ "type": "Feature", "properties": { "porto": "Portocel - Terminal Especializado de Barra do Riacho", "classe": "Terminal privado (TUP)", "tipo": "Terminal de uso privado", "estado": null, "cidade": null, "fonte": "OSM (área portuária mapeada)", "osm_id": "way/188217832", "osm_nome": "Portocel", "area_km2": 0.74795102571573557 }, "geometry": { "type": "Polygon", "coordinates": [ [ [ -40.062547400000014, -19.83740310000001 ], [ -40.0633496, -19.837367199999974 ], [ -40.0641899, -19.8372953 ], [ -40.0654601, -19.8370887 ], [ -40.0660712, -19.8373403 ], [ -40.0646388, -19.8338458 ], [ -40.064209, -19.8330373 ], [ -40.0622896, -19.8330823 ], [ -40.0615638, -19.832300700000015 ], [ -40.0612295, -19.8325163 ], [ -40.0606268, -19.8331075 ], [ -40.0603319, -19.833396700000012 ], [ -40.0586034, -19.8361096 ], [ -40.0575625, -19.8377984 ], [ -40.056662, -19.8379499 ], [ -40.0563857, -19.8379398 ], [ -40.0561336, -19.83795490000001 ], [ -40.0559351, -19.8379625 ], [ -40.0557527, -19.837982700000016 ], [ -40.05559980000001, -19.838018 ], [ -40.0553986, -19.838086099999988 ], [ -40.0552404, -19.838169400000019 ], [ -40.055058, -19.838290499999985 ], [ -40.0549239, -19.83840150000001 ], [ -40.0547764, -19.8385529 ], [ -40.0546744, -19.8386765 ], [ -40.0545672, -19.838843 ], [ -40.0544867, -19.8390146 ], [ -40.0544384, -19.839153400000011 ], [ -40.0543982, -19.839322400000015 ], [ -40.0543821, -19.8394486 ], [ -40.0543848, -19.8426956 ], [ -40.0543982, -19.842995899999988 ], [ -40.0544062, -19.843293600000031 ], [ -40.0543757, -19.8436868 ], [ -40.0543821, -19.8437704 ], [ -40.0543955, -19.8438322 ], [ -40.0544263, -19.843885199999971 ], [ -40.0544934, -19.843921799999976 ], [ -40.054568, -19.843926800000034 ], [ -40.0546221, -19.8439079 ], [ -40.0546771, -19.8438537 ], [ -40.0546871, -19.8437927 ], [ -40.054653, -19.84332389999998 ], [ -40.0547288, -19.8432377 ], [ -40.0555661, -19.843231500000012 ], [ -40.0557368, -19.8433377 ], [ -40.0591162, -19.8380048 ], [ -40.0592101, -19.8380748 ], [ -40.0594273, -19.838102500000019 ], [ -40.0596674, -19.8382287 ], [ -40.0597358, -19.838241300000018 ], [ -40.0597988, -19.8382211 ], [ -40.0598525, -19.838175699999987 ], [ -40.0605863, -19.837007400000036 ], [ -40.0606558, -19.836967200000011 ], [ -40.0607242, -19.836952 ], [ -40.0608065, -19.8369552 ], [ -40.061669400000014, -19.83743740000002 ], [ -40.0617048, -19.8374897 ], [ -40.0617246, -19.837546199999981 ], [ -40.06172620000001, -19.8375745 ], [ -40.0617287, -19.837620600000026 ], [ -40.0617041, -19.837681199999988 ], [ -40.0604448, -19.8396104 ], [ -40.0600168, -19.8403395 ], [ -40.060181, -19.840378299999983 ], [ -40.0602883, -19.840425 ], [ -40.0603446, -19.84048169999998 ], [ -40.0603795, -19.840515799999988 ], [ -40.0604452, -19.8406003 ], [ -40.0605713, -19.8406596 ], [ -40.0607416, -19.8407529 ], [ -40.060861, -19.840805899999978 ], [ -40.061034, -19.840853900000027 ], [ -40.0611278, -19.840893 ], [ -40.0611815, -19.8409132 ], [ -40.0613692, -19.8410822 ], [ -40.061557, -19.841308 ], [ -40.0616375, -19.841408900000019 ], [ -40.0617367, -19.841583 ], [ -40.0619325, -19.841966500000023 ], [ -40.0619499, -19.842046 ], [ -40.0619741, -19.842128 ], [ -40.0620103, -19.8422037 ], [ -40.0621001, -19.8423084 ], [ -40.0621887, -19.842423199999967 ], [ -40.0622624, -19.8425493 ], [ -40.0625015, -19.842469299999962 ], [ -40.0644852, -19.841801599999982 ], [ -40.067241, -19.840797400000032 ], [ -40.0663965, -19.838646900000025 ], [ -40.0662254, -19.838700500000023 ], [ -40.0661489, -19.838496099999983 ], [ -40.0659256, -19.838571800000022 ], [ -40.0656447, -19.838662400000011 ], [ -40.0654931, -19.838270300000019 ], [ -40.0655263, -19.838215800000015 ], [ -40.0633496, -19.838369 ], [ -40.0618051, -19.838418900000011 ], [ -40.0623278, -19.837654699999987 ], [ -40.062547400000014, -19.83740310000001 ] ] ] } },
{ "type": "Feature", "properties": { "porto": "Terminal Hidroviário Cimbagé", "classe": "Terminal privado (TUP)", "tipo": "Terminal de uso privado", "estado": null, "cidade": null, "fonte": "OSM (área portuária mapeada)", "osm_id": "way/689737556", "osm_nome": null, "area_km2": 0.024635818106268678 }, "geometry": { "type": "Polygon", "coordinates": [ [ [ -52.3211527, -31.782176100000015 ], [ -52.3194139, -31.782079099999983 ], [ -52.3167264, -31.780231099999984 ], [ -52.3172255, -31.7799577 ], [ -52.3186747, -31.780888899999969 ], [ -52.3211527, -31.782176100000015 ] ] ] } },
{ "type": "Feature", "properties": { "porto": "Terminal Fluvial de Juruti", "classe": "Terminal privado (TUP)", "tipo": "Terminal de uso privado", "estado": null, "cidade": null, "fonte": "OSM (área portuária mapeada)", "osm_id": "way/357957127", "osm_nome": null, "area_km2": 0.53027291119998576 }, "geometry": { "type": "Polygon", "coordinates": [ [ [ -56.1071881, -2.176886100000017 ], [ -56.1050397, -2.178107799999977 ], [ -56.0997631, -2.171011400000025 ], [ -56.0993406, -2.170706 ], [ -56.0988192, -2.170580300000022 ], [ -56.0980821, -2.1708048 ], [ -56.0978304, -2.1709485 ], [ -56.0967247, -2.169601100000017 ], [ -56.0970663, -2.169143 ], [ -56.0978574, -2.1687747 ], [ -56.1014441, -2.1665021 ], [ -56.1023879, -2.168370500000013 ], [ -56.1060645, -2.1741015 ], [ -56.1071881, -2.176886100000017 ] ] ] } },
{ "type": "Feature", "properties": { "porto": "Terminal TKCSA", "classe": "Terminal privado (TUP)", "tipo": "Terminal de uso privado", "estado": null, "cidade": null, "fonte": "OSM (área portuária mapeada)", "osm_id": "way/441968285", "osm_nome": "Estaleiro SuperBraço", "area_km2": 0.019156932524280794 }, "geometry": { "type": "Polygon", "coordinates": [ [ [ -43.7617918, -22.9148459 ], [ -43.7596809, -22.914015800000048 ], [ -43.7594395, -22.9148261 ], [ -43.7610595, -22.91546109999998 ], [ -43.7617918, -22.9148459 ] ] ] } },
{ "type": "Feature", "properties": { "porto": "Terminal Marítimo Braskem", "classe": "Terminal privado (TUP)", "tipo": "Terminal de uso privado", "estado": null, "cidade": null, "fonte": "envelope estimado (1000 m)", "osm_id": null, "osm_nome": null, "area_km2": 3.1365484905458985 }, "geometry": { "type": "Polygon", "coordinates": [ [ [ -43.143555524915932, -22.762935948937418 ], [ -43.143492903462175, -22.763775493866625 ], [ -43.143529063191956, -22.764616124545416 ], [ -43.143663657824121, -22.765449745187695 ], [ -43.143895393030554, -22.766268327374476 ], [ -43.144222038828573, -22.76706398737943 ], [ -43.144640450989478, -22.767829062106237 ], [ -43.145146601259597, -22.768556182905957 ], [ -43.145735616105313, -22.769238346562759 ], [ -43.146401823610439, -22.769868982763221 ], [ -43.14713880807615, -22.770442017399535 ], [ -43.147939471798281, -22.770951931094363 ], [ -43.148796103427479, -22.771393812384311 ], [ -43.149700452253725, -22.771763405047263 ], [ -43.150643807698906, -22.772057149117767 ], [ -43.151617083250834, -22.772272215193883 ], [ -43.152610904028244, -22.772406531704792 ], [ -43.153615697131663, -22.772458804874905 ], [ -43.154621783907167, -22.772428531192954 ], [ -43.155619473232029, -22.772316002264407 ], [ -43.156599154920698, -22.772122302001318 ], [ -43.157551392348886, -22.771849296175777 ], [ -43.158467013400823, -22.77149961443903 ], [ -43.159337198861309, -22.771076624978786 ], [ -43.160153567398865, -22.770584402060162 ], [ -43.160908256319864, -22.770027686763481 ], [ -43.161593997314299, -22.769411841298041 ], [ -43.162204186462915, -22.76874279733272 ], [ -43.162732947831138, -22.768026998842313 ], [ -43.163175190037457, -22.767271340021018 ], [ -43.163526655252483, -22.766483098862231 ], [ -43.163783960157787, -22.765669867044643 ], [ -43.163944628472095, -22.764839476801949 ], [ -43.164007114733707, -22.763999925479823 ], [ -43.163970819112521, -22.763159298508199 ], [ -43.163836093111911, -22.762325691530744 ], [ -43.163604236108426, -22.761507132441345 ], [ -43.163277482765331, -22.760711504078653 ], [ -43.162858981444245, -22.759946468323015 ], [ -43.162352763825183, -22.759219392325711 ], [ -43.161763706029973, -22.758537277580857 ], [ -43.161097481625298, -22.757906692522223 ], [ -43.160360506959449, -22.757333709292276 ], [ -43.159559879359975, -22.756823845292814 ], [ -43.158703308788056, -22.756382010077452 ], [ -43.157799043607334, -22.75601245809775 ], [ -43.156855791181428, -22.75571874775564 ], [ -43.155882634063587, -22.755503707156937 ], [ -43.154888942583717, -22.755369406893397 ], [ -43.153884284672472, -22.755317140116222 ], [ -43.152878333788379, -22.755347410091005 ], [ -43.151880775831948, -22.755459925354682 ], [ -43.150901215940337, -22.755653602520415 ], [ -43.149949086057219, -22.755926576703686 ], [ -43.14903355416547, -22.756276219469264 ], [ -43.148163436053927, -22.756699164127088 ], [ -43.147347110465866, -22.757191338133754 ], [ -43.146592438444408, -22.757748002288604 ], [ -43.145906687650104, -22.758363796347695 ], [ -43.145296462378823, -22.75903279061767 ], [ -43.144767639953322, -22.759748543033478 ], [ -43.144325314101494, -22.760504161171514 ], [ -43.143973745867186, -22.761292368601918 ], [ -43.143716322527787, -22.762105574942073 ], [ -43.143555524915932, -22.762935948937418 ] ] ] } },
{ "type": "Feature", "properties": { "porto": "Poly Terminais Portuários", "classe": "Terminal privado (TUP)", "tipo": "Terminal de uso privado", "estado": null, "cidade": null, "fonte": "OSM (área portuária mapeada)", "osm_id": "way/764025770", "osm_nome": "Poly Terminais Portuários", "area_km2": 0.10676359047868687 }, "geometry": { "type": "Polygon", "coordinates": [ [ [ -48.7014789, -26.8671647 ], [ -48.7014534, -26.866047099999985 ], [ -48.7030052, -26.8667584 ], [ -48.7043968, -26.8676945 ], [ -48.7047807, -26.8680515 ], [ -48.7051, -26.8683484 ], [ -48.7052461, -26.868545099999967 ], [ -48.7064601, -26.8701801 ], [ -48.7067598, -26.8707343 ], [ -48.7062826, -26.870995 ], [ -48.7062208, -26.871023499999968 ], [ -48.7060219, -26.8711171 ], [ -48.7058716, -26.8711862 ], [ -48.705161, -26.8716088 ], [ -48.7050406, -26.871545400000016 ], [ -48.7049873, -26.871548200000014 ], [ -48.7048979, -26.8715529 ], [ -48.7049042, -26.8718216 ], [ -48.7041443, -26.872305700000013 ], [ -48.7039996, -26.8701306 ], [ -48.7039823, -26.869883 ], [ -48.7039453, -26.869272699999989 ], [ -48.7038777, -26.8681022 ], [ -48.7037448, -26.868016199999985 ], [ -48.7020817, -26.8673114 ], [ -48.7014789, -26.8671647 ] ] ] } },
{ "type": "Feature", "properties": { "porto": "TUP Moss", "classe": "Terminal privado (TUP)", "tipo": "Terminal de uso privado", "estado": null, "cidade": null, "fonte": "envelope estimado (1000 m)", "osm_id": null, "osm_nome": null, "area_km2": 3.1365484905461782 }, "geometry": { "type": "Polygon", "coordinates": [ [ [ -59.991157580497315, -3.153635735353565 ], [ -59.991200431032745, -3.154530828163916 ], [ -59.991328672946345, -3.155417301441567 ], [ -59.991541072614666, -3.156286617932464 ], [ -59.991835585818137, -3.157130405591782 ], [ -59.992209377377804, -3.157940538213417 ], [ -59.992658848415665, -3.158709213692199 ], [ -59.993179670977803, -3.159429029165844 ], [ -59.993766829688035, -3.16009305231245 ], [ -59.994414670032249, -3.160694888116351 ], [ -59.995116952808864, -3.161228740459887 ], [ -59.995866914221331, -3.161689467947613 ], [ -59.996657331033639, -3.162072633424566 ], [ -59.997480590160897, -3.162374546712388 ], [ -59.998328762023533, -3.162592300150964 ], [ -59.999193676957539, -3.162723796603646 ], [ -60.000067003942874, -3.162767769655575 ], [ -60.000940330890224, -3.162723795811428 ], [ -60.001805245710656, -3.162592298574189 ], [ -60.00265341738524, -3.162374544366225 ], [ -60.003476676251736, -3.162072630331623 ], [ -60.00426709273313, -3.161689464137633 ], [ -60.005017053747686, -3.161228735969581 ], [ -60.005719336063251, -3.16069488298897 ], [ -60.006367175887711, -3.160093046597413 ], [ -60.006954334024485, -3.159429022918147 ], [ -60.007475155964983, -3.158709206971975 ], [ -60.00792462633904, -3.157940531085508 ], [ -60.0082984171991, -3.157130398124757 ], [ -60.008592929673931, -3.156286610198182 ], [ -60.008805328591578, -3.155417293514598 ], [ -60.008933569739703, -3.154530820120574 ], [ -60.00897641950224, -3.153635727271318 ], [ -60.008933466685384, -3.152740635210865 ], [ -60.008805126420981, -3.151854164154012 ], [ -60.00859263611207, -3.150984851269501 ], [ -60.008298043461487, -3.150141068463565 ], [ -60.007924186701288, -3.149330941755828 ], [ -60.007474667215078, -3.148562273024196 ], [ -60.00695381481863, -3.147842464871543 ], [ -60.00636664603465, -3.147178449338565 ], [ -60.005718815764361, -3.146576621148274 ], [ -60.005016562822213, -3.146042776125761 ], [ -60.004266649858266, -3.145582055385109 ], [ -60.003476298246639, -3.145198895822063 ], [ -60.002653118566627, -3.144896987387612 ], [ -60.001805037344646, -3.144679237555428 ], [ -60.000940220761485, -3.144547743323565 ], [ -60.000066996057605, -3.144503771021504 ], [ -59.999193771391681, -3.144547744115718 ], [ -59.998328954922037, -3.144679239132159 ], [ -59.997480873888037, -3.144896989733738 ], [ -59.996657694468666, -3.145198898914992 ], [ -59.995867343187818, -3.145582059195048 ], [ -59.995117430621612, -3.146042780615969 ], [ -59.994415178140343, -3.146576626275554 ], [ -59.993767348389632, -3.147178455053567 ], [ -59.993180180178932, -3.147842471119188 ], [ -59.992659328403938, -3.148562279744305 ], [ -59.992209809581382, -3.149330948883749 ], [ -59.991835953520635, -3.150141075930592 ], [ -59.991541361598578, -3.150984859003779 ], [ -59.991328872040249, -3.151854172080971 ], [ -59.991200532541285, -3.152740643254194 ], [ -59.991157580497315, -3.153635735353565 ] ] ] } },
{ "type": "Feature", "properties": { "porto": "Terminal Flexível de GNL da Baía da Guanabara", "classe": "Terminal privado (TUP)", "tipo": "Terminal de uso privado", "estado": null, "cidade": null, "fonte": "OSM (área portuária mapeada)", "osm_id": "way/186450227", "osm_nome": "Terminal GNL", "area_km2": 0.0037928575072306184 }, "geometry": { "type": "Polygon", "coordinates": [ [ [ -43.1322773, -22.7831158 ], [ -43.1320673, -22.7831503 ], [ -43.1320513, -22.7831535 ], [ -43.1320368, -22.783154400000015 ], [ -43.131747, -22.7831847 ], [ -43.1316695, -22.782669700000039 ], [ -43.1317292, -22.78266210000001 ], [ -43.131725, -22.7826344 ], [ -43.1319353, -22.7826026 ], [ -43.1319537, -22.7825995 ], [ -43.1319795, -22.7825968 ], [ -43.1322695, -22.7825632 ], [ -43.1323479, -22.783061700000037 ], [ -43.13227040000001, -22.783072 ], [ -43.1322773, -22.7831158 ] ] ] } },
{ "type": "Feature", "properties": { "porto": "AIVEL", "classe": "Terminal privado (TUP)", "tipo": "Terminal de uso privado", "estado": null, "cidade": null, "fonte": "envelope estimado (1000 m)", "osm_id": null, "osm_nome": null, "area_km2": 3.136548490546164 }, "geometry": { "type": "Polygon", "coordinates": [ [ [ -63.910479923613593, -8.710090784635964 ], [ -63.910547829655734, -8.7109604832028 ], [ -63.910704089968981, -8.711819592462948 ], [ -63.910947201180186, -8.712659838626216 ], [ -63.911274823360287, -8.713473129513037 ], [ -63.911683802506722, -8.714251632492147 ], [ -63.912170200872815, -8.714987849920696 ], [ -63.912729334854134, -8.715674691359656 ], [ -63.913355820068041, -8.716305541868641 ], [ -63.914043623193571, -8.716874325722374 ], [ -63.914786120072705, -8.717375564934162 ], [ -63.91557615951379, -8.71780443202319 ], [ -63.916406132182189, -8.718156796516141 ], [ -63.917268043913964, -8.718429264735638 ], [ -63.918153592745298, -8.718619212491289 ], [ -63.9190542489143, -8.718724810358831 ], [ -63.919961337062581, -8.718745041303331 ], [ -63.920866119843346, -8.718679710476117 ], [ -63.921759882127859, -8.718529447092276 ], [ -63.922634014997563, -8.718295698368951 ], [ -63.923480098710257, -8.717980715584121 ], [ -63.924289983839309, -8.717587532389926 ], [ -63.925055869802286, -8.71711993558929 ], [ -63.925770380021284, -8.716582428657885 ], [ -63.926426632989354, -8.715980188363291 ], [ -63.927018308557962, -8.715319014898856 ], [ -63.927539708806187, -8.714605276013579 ], [ -63.92798581290576, -8.713845845676184 ], [ -63.928352325453531, -8.713048037864565 ], [ -63.928635717806898, -8.71221953611847 ], [ -63.928833262025286, -8.711368319534849 ], [ -63.928943057092454, -8.710502585917931 ], [ -63.928964047168812, -8.709630672825266 ], [ -63.928896031700297, -8.708760977269888 ], [ -63.928739667288696, -8.707901874851764 ], [ -63.928496461307603, -8.707061639098193 ], [ -63.928168757327981, -8.706248361788688 ], [ -63.927759712495963, -8.705469875032779 ], [ -63.927273267082462, -8.704733675849866 ], [ -63.926714106499922, -8.704046853977779 ], [ -63.926087616153225, -8.703416023604911 ], [ -63.925399829560611, -8.702847259682866 ], [ -63.924657370244745, -8.702346039432278 ], [ -63.923867387953749, -8.701917189605275 ], [ -63.923037489826008, -8.701564840011821 ], [ -63.922175667160907, -8.701292383756718 ], [ -63.921290218499458, -8.701102444570614 ], [ -63.920389669754123, -8.700996851548357 ], [ -63.919482692155015, -8.700976621538818 ], [ -63.918578018800623, -8.701041949354597 ], [ -63.917684360614466, -8.701192205896399 ], [ -63.916810322514671, -8.701425944210039 ], [ -63.915964320601475, -8.701740913417551 ], [ -63.915154501158021, -8.702134080388525 ], [ -63.914388662242438, -8.702601658943571 ], [ -63.913674178624674, -8.703139146308065 ], [ -63.91301793078938, -8.703741366466524 ], [ -63.912426238687864, -8.704402519999331 ], [ -63.911904800876357, -8.70511623992342 ], [ -63.911458639626701, -8.705875652998753 ], [ -63.911092052538272, -8.706673445910905 ], [ -63.910808571118245, -8.707501935692553 ], [ -63.910610926729952, -8.708353143706644 ], [ -63.910501024239124, -8.70921887247825 ], [ -63.910479923613593, -8.710090784635964 ] ] ] } },
{ "type": "Feature", "properties": { "porto": "Terbian - Terminal Bianchini", "classe": "Terminal privado (TUP)", "tipo": "Terminal de uso privado", "estado": null, "cidade": null, "fonte": "OSM (área portuária mapeada)", "osm_id": "way/337213466", "osm_nome": "Superporto de Rio Grande", "area_km2": 1.1027403905732163 }, "geometry": { "type": "Polygon", "coordinates": [ [ [ -52.1057415, -32.140559799999984 ], [ -52.1036637, -32.140266499999974 ], [ -52.1039209, -32.13886370000003 ], [ -52.103649, -32.138003 ], [ -52.1035924, -32.137709299999983 ], [ -52.1036349, -32.1375414 ], [ -52.1035216, -32.137535400000019 ], [ -52.1035783, -32.137271700000021 ], [ -52.1036915, -32.137283699999955 ], [ -52.1037411, -32.1370919 ], [ -52.1038402, -32.137103900000014 ], [ -52.1039817, -32.136888100000029 ], [ -52.1041049, -32.1338049 ], [ -52.1048411, -32.133469200000015 ], [ -52.1052235, -32.131573200000012 ], [ -52.1049513, -32.130828900000012 ], [ -52.1044236, -32.130356700000014 ], [ -52.1028535, -32.130381299999989 ], [ -52.102307, -32.122226800000014 ], [ -52.1025584, -32.122193400000015 ], [ -52.1025769, -32.122276900000017 ], [ -52.1033657, -32.1221726 ], [ -52.1033955, -32.1216598 ], [ -52.10376, -32.1216061 ], [ -52.1037487, -32.121239300000028 ], [ -52.1036332, -32.121082799999989 ], [ -52.1039342, -32.1209956 ], [ -52.1040689, -32.1206802 ], [ -52.1044492, -32.120572900000013 ], [ -52.1047027, -32.1206735 ], [ -52.1047502, -32.120599699999985 ], [ -52.1044413, -32.1204655 ], [ -52.1041957, -32.1203649 ], [ -52.1040372, -32.1204588 ], [ -52.1038471, -32.1204789 ], [ -52.1040922, -32.1202586 ], [ -52.1043462, -32.120163600000012 ], [ -52.1045284, -32.119808 ], [ -52.1046155, -32.119264499999979 ], [ -52.1045284, -32.1185197 ], [ -52.1045442, -32.116822200000016 ], [ -52.1045759, -32.113554500000021 ], [ -52.1041001, -32.1127898 ], [ -52.1041561, -32.1097969 ], [ -52.1039976, -32.1097969 ], [ -52.1041061, -32.107948099999966 ], [ -52.1042796, -32.107946100000028 ], [ -52.1042829, -32.1072104 ], [ -52.104367, -32.1072107 ], [ -52.1043751, -32.1070744 ], [ -52.1046124, -32.106727900000024 ], [ -52.1047358, -32.106545 ], [ -52.1048437, -32.1063607 ], [ -52.1048195, -32.105485 ], [ -52.1046645, -32.1046159 ], [ -52.1039897, -32.1002813 ], [ -52.1039152, -32.099893699999981 ], [ -52.1039057, -32.099844499999968 ], [ -52.1033501, -32.0969536 ], [ -52.1031341, -32.0963419 ], [ -52.1024291, -32.0963553 ], [ -52.1022548, -32.09606 ], [ -52.1021676, -32.0956506 ], [ -52.1020488, -32.0956707 ], [ -52.1010824, -32.092525800000026 ], [ -52.101621, -32.092388900000017 ], [ -52.1013406, -32.091216599999981 ], [ -52.1007224, -32.0913671 ], [ -52.1007012, -32.091283400000016 ], [ -52.1008452, -32.0912479 ], [ -52.1007149, -32.0907771 ], [ -52.1005674, -32.0908049 ], [ -52.1004327, -32.09042910000003 ], [ -52.1005674, -32.0903821 ], [ -52.1003535, -32.0897244 ], [ -52.1005119, -32.089509599999985 ], [ -52.1003499, -32.088807300000013 ], [ -52.0992898, -32.083065599999983 ], [ -52.0946842, -32.0766959 ], [ -52.0880293, -32.0695758 ], [ -52.0883266, -32.069410300000015 ], [ -52.0892595, -32.070501 ], [ -52.092012, -32.073456899999975 ], [ -52.0923109, -32.0737101 ], [ -52.0950195, -32.076685899999987 ], [ -52.0995214, -32.083032800000019 ], [ -52.1007328, -32.0896319 ], [ -52.1014927, -32.0912254 ], [ -52.1050425, -32.09046559999998 ], [ -52.1053776, -32.0915892 ], [ -52.1018278, -32.092349 ], [ -52.1020018, -32.092818100000024 ], [ -52.101918, -32.09283480000002 ], [ -52.1015963, -32.0928987 ], [ -52.1016403, -32.093031300000021 ], [ -52.1021252, -32.094493100000015 ], [ -52.1025458, -32.09439160000003 ], [ -52.1030972, -32.0959799 ], [ -52.1037234, -32.096907199999961 ], [ -52.1049781, -32.1061769 ], [ -52.1046583, -32.107134400000021 ], [ -52.1043034, -32.1127039 ], [ -52.1045789, -32.1134152 ], [ -52.1046576, -32.1135595 ], [ -52.1046304, -32.115723199999977 ], [ -52.1048727, -32.1209743 ], [ -52.1087352, -32.120680300000025 ], [ -52.1091905, -32.1253455 ], [ -52.1108188, -32.125290300000025 ], [ -52.1110627, -32.1275489 ], [ -52.1105776, -32.1304989 ], [ -52.1055585, -32.1303382 ], [ -52.106084, -32.137661299999976 ], [ -52.1057415, -32.140559799999984 ] ] ] } },
{ "type": "Feature", "properties": { "porto": "Porto do Açu - Terminal de Minério", "classe": "Terminal privado (TUP)", "tipo": "Terminal de uso privado", "estado": null, "cidade": null, "fonte": "OSM (área portuária mapeada)", "osm_id": "way/183049783", "osm_nome": "Porto do Açu", "area_km2": 0.20611097900946107 }, "geometry": { "type": "Polygon", "coordinates": [ [ [ -40.9849209, -21.8115542 ], [ -40.9865346, -21.811965699999988 ], [ -40.9864736, -21.8121845 ], [ -40.9809423, -21.8108429 ], [ -40.9807227, -21.8116177 ], [ -40.9771324, -21.810782 ], [ -40.9805431, -21.7982673 ], [ -40.9807822, -21.7983221 ], [ -40.9802699, -21.8002109 ], [ -40.980581, -21.800278200000022 ], [ -40.9802699, -21.801458599999989 ], [ -40.9799532, -21.801377 ], [ -40.9783557, -21.807306599999983 ], [ -40.9786579, -21.807380599999984 ], [ -40.9783465, -21.808550900000011 ], [ -40.9780299, -21.8084644 ], [ -40.9774397, -21.8106072 ], [ -40.9805367, -21.811340099999988 ], [ -40.9810014, -21.8095917 ], [ -40.9818497, -21.8098011 ], [ -40.9818243, -21.809908200000038 ], [ -40.9818752, -21.8099219 ], [ -40.9829613, -21.805738800000025 ], [ -40.9832468, -21.8058074 ], [ -40.9821467, -21.809735100000015 ], [ -40.9835073, -21.810060100000019 ], [ -40.9834808, -21.8101435 ], [ -41.0052989, -21.8153032 ], [ -41.0104891, -21.816532400000025 ], [ -41.0104263, -21.816766499999986 ], [ -41.0052131, -21.815522300000012 ], [ -40.98512190000001, -21.810764200000023 ], [ -40.9850335, -21.810842 ], [ -40.9848833, -21.8114048 ], [ -40.9849209, -21.8115542 ] ] ] } },
{ "type": "Feature", "properties": { "porto": "Porto Murucupi", "classe": "Terminal privado (TUP)", "tipo": "Terminal de uso privado", "estado": null, "cidade": null, "fonte": "envelope estimado (1000 m)", "osm_id": null, "osm_nome": null, "area_km2": 3.1365484905461636 }, "geometry": { "type": "Polygon", "coordinates": [ [ [ -48.770092588897143, -1.566538422140306 ], [ -48.770070880125012, -1.567442426171878 ], [ -48.770134085392307, -1.568344295542552 ], [ -48.770281597432565, -1.569235344749248 ], [ -48.770511996990265, -1.570106992482591 ], [ -48.770823066436527, -1.570950844269915 ], [ -48.771211811078224, -1.571758773319923 ], [ -48.77167448795722, -1.572522998789602 ], [ -48.772206641863782, -1.573236160719496 ], [ -48.772803148218841, -1.573891390916381 ], [ -48.773458262412852, -1.574482379099376 ], [ -48.774165675126696, -1.575003433673962 ], [ -48.774918573102028, -1.575449536547096 ], [ -48.775709704775402, -1.575816391456267 ], [ -48.776531450143352, -1.576100465346575 ], [ -48.77737589418463, -1.576299022397811 ], [ -48.778234903130915, -1.576410150373036 ], [ -48.779100202849797, -1.576432779035384 ], [ -48.779963458583303, -1.576366690455741 ], [ -48.780816355271853, -1.576212521111358 ], [ -48.781650677687942, -1.575971755756172 ], [ -48.782458389605807, -1.57564671312088 ], [ -48.783231711242557, -1.575240523581294 ], [ -48.783963194222991, -1.57475709900966 ], [ -48.784645793344851, -1.574201095099418 ], [ -48.785272934451783, -1.57357786652635 ], [ -48.785838577759698, -1.572893415378127 ], [ -48.786337276025918, -1.572154333348699 ], [ -48.786764227001015, -1.571367738254535 ], [ -48.787115319658284, -1.570541205484129 ], [ -48.78738717375662, -1.569682695041193 ], [ -48.787577172356656, -1.568800474883646 ], [ -48.787683486978558, -1.567903041297613 ], [ -48.787705095160923, -1.56699903707249 ], [ -48.787641790253623, -1.566097168265664 ], [ -48.787494183352202, -1.565206120358535 ], [ -48.787263697357659, -1.564334474610485 ], [ -48.786952553220608, -1.563490625418018 ], [ -48.78656374850447, -1.562682699472465 ], [ -48.786101028476033, -1.561918477497768 ], [ -48.785568850003223, -1.561205319318941 ], [ -48.78497233860918, -1.56055009298519 ], [ -48.784317239097106, -1.55995910862882 ], [ -48.783609860221887, -1.559438057697279 ], [ -48.782857013941474, -1.558991958143677 ], [ -48.782065949832706, -1.55862510610299 ], [ -48.781244285302577, -1.558341034519766 ], [ -48.780399932265787, -1.558142479125673 ], [ -48.779541020993413, -1.558031352093898 ], [ -48.77867582186429, -1.558008723625035 ], [ -48.777812665770796, -1.558074811640845 ], [ -48.776959863943404, -1.558228979685679 ], [ -48.776125627964163, -1.558469743055555 ], [ -48.775317990737086, -1.558794783096108 ], [ -48.774544729174778, -1.559200969531172 ], [ -48.773813289343785, -1.559684390607822 ], [ -48.773130714788174, -1.560240390766963 ], [ -48.772503578720219, -1.560863615476949 ], [ -48.771937920730373, -1.561548062798531 ], [ -48.771439188625521, -1.56228714118493 ], [ -48.771012185955513, -1.563073732959562 ], [ -48.770661025733638, -1.563900262861502 ], [ -48.770389090797472, -1.564758770997285 ], [ -48.77019900119295, -1.565640989497724 ], [ -48.770092588897143, -1.566538422140306 ] ] ] } },
{ "type": "Feature", "properties": { "porto": "Terminal Marítimo Dow", "classe": "Terminal privado (TUP)", "tipo": "Terminal de uso privado", "estado": null, "cidade": null, "fonte": "OSM (área portuária mapeada)", "osm_id": "way/536706089", "osm_nome": "Bracell", "area_km2": 0.046864610059571904 }, "geometry": { "type": "Polygon", "coordinates": [ [ [ -46.2943653, -23.97478319999998 ], [ -46.2968688, -23.9716137 ], [ -46.2960895, -23.971066899999979 ], [ -46.29344170000001, -23.9741778 ], [ -46.2943653, -23.97478319999998 ] ] ] } },
{ "type": "Feature", "properties": { "porto": "CMPC Guaíba", "classe": "Terminal privado (TUP)", "tipo": "Terminal de uso privado", "estado": null, "cidade": null, "fonte": "envelope estimado (1000 m)", "osm_id": null, "osm_nome": null, "area_km2": 3.1365484905459162 }, "geometry": { "type": "Polygon", "coordinates": [ [ [ -51.299402235402013, -30.13533967077359 ], [ -51.299393278992987, -30.136183095023014 ], [ -51.299489139684823, -30.137023151717411 ], [ -51.299688896463309, -30.137851750466886 ], [ -51.299990627619223, -30.138660911032652 ], [ -51.300391429176415, -30.139442840195596 ], [ -51.300887442787165, -30.14019000683086 ], [ -51.301473892829065, -30.140895214464372 ], [ -51.302145132348436, -30.141551670611356 ], [ -51.302894697409705, -30.142153052228313 ], [ -51.303715369328621, -30.142693566646312 ], [ -51.30459924419074, -30.143168007397158 ], [ -51.305537808985548, -30.143571804393925 ], [ -51.306522023622712, -30.143901067980313 ], [ -51.307542408039062, -30.144152626423661 ], [ -51.308589133555948, -30.144324056488948 ], [ -51.309652117604685, -30.144413706798844 ], [ -51.310721120905228, -30.144420713752886 ], [ -51.311785846159133, -30.14434500985308 ], [ -51.312836037303242, -30.144187324354554 ], [ -51.313861578364865, -30.143949176235228 ], [ -51.314852590963177, -30.143632859552657 ], [ -51.315799529514941, -30.143241421329503 ], [ -51.316693273224807, -30.142778632181134 ], [ -51.317525213971976, -30.142248949970142 ], [ -51.318287339244883, -30.141657476837779 ], [ -51.318972309324081, -30.141009910028998 ], [ -51.319573527969105, -30.140312486984794 ], [ -51.320085205928635, -30.139571925233195 ], [ -51.32050241666289, -30.138795357658871 ], [ -51.320821143742876, -30.137990263775976 ], [ -51.321038319471562, -30.137164397667796 ], [ -51.321151854357616, -30.13632571328807 ], [ -51.321160657160341, -30.135482287844397 ], [ -51.321064645315772, -30.134642244001594 ], [ -51.320864745646873, -30.133813671655762 ], [ -51.320562885354057, -30.133004550030996 ], [ -51.320161973376123, -30.132222670849874 ], [ -51.319665872304199, -30.131475563316521 ], [ -51.31907936112178, -30.130770421633812 ], [ -51.318408089132134, -30.130114035751969 ], [ -51.317658521518673, -30.129512726014323 ], [ -51.316837877063691, -30.12897228232746 ], [ -51.315954058626247, -30.128497908441453 ], [ -51.315015577048449, -30.128094171873631 ], [ -51.31403146922267, -30.127764959958078 ], [ -51.313011211107373, -30.127513442441728 ], [ -51.311964626527534, -30.127342040986836 ], [ -51.31090179263569, -30.127252405871246 ], [ -51.309832942941469, -30.127245400111526 ], [ -51.30876836884029, -30.127321091159672 ], [ -51.307718320586581, -30.127478750254586 ], [ -51.306692908661873, -30.127716859432919 ], [ -51.305702006484303, -30.128033126133634 ], [ -51.304755155393714, -30.128424505254863 ], [ -51.303861472824366, -30.128887228452459 ], [ -51.303029564547465, -30.129416840398289 ], [ -51.30226744182675, -30.130008241651378 ], [ -51.301582444283603, -30.130655737728993 ], [ -51.300981169213919, -30.131353093908384 ], [ -51.30046940803738, -30.132093595231002 ], [ -51.300052090491725, -30.132870111134505 ], [ -51.299733237110694, -30.133675164090405 ], [ -51.299515920444968, -30.134501001588216 ], [ -51.299402235402013, -30.13533967077359 ] ] ] } },
{ "type": "Feature", "properties": { "porto": "TUP Supergasbrás", "classe": "Terminal privado (TUP)", "tipo": "Terminal de uso privado", "estado": null, "cidade": null, "fonte": "envelope estimado (1000 m)", "osm_id": null, "osm_nome": null, "area_km2": 3.1365484905459162 }, "geometry": { "type": "Polygon", "coordinates": [ [ [ -51.192751944133221, -29.967416754368106 ], [ -51.192742248394801, -29.968259956925674 ], [ -51.19283722557536, -29.969099850995608 ], [ -51.193035963163801, -29.969928347756888 ], [ -51.19333654926163, -29.970737467957058 ], [ -51.193736090916701, -29.971519418771074 ], [ -51.194230741912541, -29.972266668871907 ], [ -51.194815739748485, -29.972972020988649 ], [ -51.195485451456769, -29.973628681252627 ], [ -51.196233427817184, -29.974230324662329 ], [ -51.197052465448564, -29.974771156035203 ], [ -51.197934676179706, -29.975245965857763 ], [ -51.198871563031759, -29.975650180495307 ], [ -51.199854102079875, -29.975979906274933 ], [ -51.200872829404275, -29.976231967017291 ], [ -51.201917932291884, -29.976403934653096 ], [ -51.202979343807755, -29.976494152629506 ], [ -51.204046839822915, -29.976501751879429 ], [ -51.205110137561185, -29.976426659199387 ], [ -51.206158994712716, -29.976269597955277 ], [ -51.207183308156502, -29.976032081109043 ], [ -51.208173211337908, -29.975716396633366 ], [ -51.209119169360278, -29.975325585456137 ], [ -51.210012070872288, -29.97486341214686 ], [ -51.210843315863571, -29.974334328629723 ], [ -51.211604898521358, -29.973743431272556 ], [ -51.212289484348865, -29.973096411767628 ], [ -51.21289048080201, -29.972399502277934 ], [ -51.213402100764121, -29.971659415379204 ], [ -51.213819418248008, -29.97088327937734 ], [ -51.214138415790053, -29.970078569625869 ], [ -51.214356023081663, -29.969253036505531 ], [ -51.214470146468372, -29.968414630761576 ], [ -51.214479689035173, -29.967571426917903 ], [ -51.214384561087535, -29.966731545506601 ], [ -51.214185680930441, -29.965903074862226 ], [ -51.213884965941212, -29.965093993233555 ], [ -51.213485314025235, -29.964312091963329 ], [ -51.212990575636226, -29.963564900474694 ], [ -51.212405516633339, -29.962859613786115 ], [ -51.21173577233494, -29.96220302325181 ], [ -51.210987793213654, -29.961601451193719 ], [ -51.210168782756753, -29.961060690052413 ], [ -51.209286628091149, -29.960585946642272 ], [ -51.2083498240411, -29.960181792045947 ], [ -51.207367391349443, -29.959852117628934 ], [ -51.206348789848732, -29.959600097596766 ], [ -51.205303827416706, -29.959428158454234 ], [ -51.20424256559069, -29.95933795565918 ], [ -51.203175222747134, -29.959330357695368 ], [ -51.202112075775943, -29.959405437716779 ], [ -51.201063361193079, -29.959562472843992 ], [ -51.200039176640679, -29.959799951118747 ], [ -51.199049383720187, -29.960115586050581 ], [ -51.198103513090977, -29.960506338615641 ], [ -51.197210672745911, -29.960968446496768 ], [ -51.196379460344751, -29.961497460284196 ], [ -51.195617880447827, -29.962088286289752 ], [ -51.194933267445833, -29.962735235563173 ], [ -51.194332214927165, -29.963432078640398 ], [ -51.193820512163043, -29.964172105497934 ], [ -51.193403088322682, -29.96494819013715 ], [ -51.193083964956955, -29.965752859178455 ], [ -51.192866217209776, -29.966578363805539 ], [ -51.192751944133221, -29.967416754368106 ] ] ] } },
{ "type": "Feature", "properties": { "porto": "Oleoplan", "classe": "Terminal privado (TUP)", "tipo": "Terminal de uso privado", "estado": null, "cidade": null, "fonte": "envelope estimado (1000 m)", "osm_id": null, "osm_nome": null, "area_km2": 3.1365484905459162 }, "geometry": { "type": "Polygon", "coordinates": [ [ [ -51.171501982607225, -29.967970550000466 ], [ -51.17149213700791, -29.968813752175191 ], [ -51.171586965397147, -29.969653657464978 ], [ -51.171785556696904, -29.97048217694099 ], [ -51.172086000417785, -29.971291331132296 ], [ -51.17248540497917, -29.97207332688674 ], [ -51.172979925485301, -29.972820632444666 ], [ -51.173564800692724, -29.973526050001237 ], [ -51.174234398815244, -29.974182785057632 ], [ -51.174982271727146, -29.974784511892139 ], [ -51.175801217044139, -29.975325434518677 ], [ -51.176683347484669, -29.97580034254494 ], [ -51.177620166843717, -29.976204661390291 ], [ -51.178602651846916, -29.976534496378122 ], [ -51.179621339095405, -29.976786670277065 ], [ -51.180666416262397, -29.976958753927867 ], [ -51.181727816660896, -29.977049089660145 ], [ -51.182795316269086, -29.977056807272415 ], [ -51.183858632276177, -29.976981832421025 ], [ -51.184907522196262, -29.976824887336861 ], [ -51.185931882592506, -29.976587483862925 ], [ -51.186921846457743, -29.97627190887982 ], [ -51.187867878310463, -29.975881202260712 ], [ -51.188760866087783, -29.97541912756817 ], [ -51.189592208947978, -29.974890135776388 ], [ -51.190353900135136, -29.974299322369866 ], [ -51.191038604106673, -29.973652378232416 ], [ -51.191639727180082, -29.972955534801262 ], [ -51.192151481018733, -29.972215504016063 ], [ -51.192568938345609, -29.971439413642539 ], [ -51.192888080349881, -29.970634738594992 ], [ -51.193105835331373, -29.969809228920152 ], [ -51.193220108213076, -29.968970835137799 ], [ -51.19322980064014, -29.968127631656891 ], [ -51.193134821474814, -29.967287739006373 ], [ -51.192936087589338, -29.966459245629224 ], [ -51.19263551495262, -29.965650129993499 ], [ -51.192236000099449, -29.964868183769639 ], [ -51.191741392164033, -29.964120936813917 ], [ -51.191156455749656, -29.963415584679069 ], [ -51.190486824994714, -29.962758919349771 ], [ -51.189738949278926, -29.962157263868274 ], [ -51.188920031094341, -29.961616411478495 ], [ -51.188037956679835, -29.961141569873643 ], [ -51.187101220087385, -29.960737311081772 ], [ -51.186118841410682, -29.96040752747173 ], [ -51.185100279962512, -29.96015539430039 ], [ -51.184055343235222, -29.959983339161944 ], [ -51.182994092518811, -29.959893018630961 ], [ -51.181926746082866, -29.959885302324881 ], [ -51.180863580851877, -29.959960264537028 ], [ -51.179814833517504, -29.960117183522318 ], [ -51.17879060203709, -29.960354548440677 ], [ -51.177800748463639, -29.960670073893176 ], [ -51.176854804040218, -29.96106072191008 ], [ -51.175961877469831, -29.961522731180953 ], [ -51.175130567242078, -29.962051653245577 ], [ -51.1743688788588, -29.962642395299103 ], [ -51.173684147754855, -29.963289269199759 ], [ -51.173082968655407, -29.963986046209527 ], [ -51.172571132050159, -29.964726016941235 ], [ -51.172153568396801, -29.965502055936994 ], [ -51.171834300592209, -29.966306690256946 ], [ -51.171616405171008, -29.967132171419419 ], [ -51.171501982607225, -29.967970550000466 ] ] ] } },
{ "type": "Feature", "properties": { "porto": "Terminal de Gás do Sul - Tergasul", "classe": "Terminal privado (TUP)", "tipo": "Terminal de uso privado", "estado": null, "cidade": null, "fonte": "envelope estimado (1000 m)", "osm_id": null, "osm_nome": null, "area_km2": 3.1365484905459162 }, "geometry": { "type": "Polygon", "coordinates": [ [ [ -51.192890019278231, -29.966582762813282 ], [ -51.192880324580862, -29.967425964323201 ], [ -51.192975302068767, -29.968265857274002 ], [ -51.193174039227863, -29.969094352855443 ], [ -51.193474624163755, -29.969903471826438 ], [ -51.193874163935455, -29.97068542137384 ], [ -51.194368812344607, -29.971432670182793 ], [ -51.194953806915436, -29.972138020994944 ], [ -51.195623514711613, -29.972794679954141 ], [ -51.196371486550582, -29.973396322071498 ], [ -51.197190519094725, -29.973937152176891 ], [ -51.198072724221831, -29.974411960769221 ], [ -51.199009605007035, -29.974816174225502 ], [ -51.199992137583912, -29.975145898884371 ], [ -51.201010858095032, -29.975397958577208 ], [ -51.202055953892959, -29.975569925244912 ], [ -51.203117358111058, -29.975660142344001 ], [ -51.204184846690652, -29.975667740815766 ], [ -51.20524813692721, -29.975592647464275 ], [ -51.206296986583155, -29.975435585661909 ], [ -51.207321292609706, -29.975198068375903 ], [ -51.208311188523673, -29.97488238358325 ], [ -51.20925713949844, -29.97449157221476 ], [ -51.210150034250553, -29.974029398841857 ], [ -51.210981272834758, -29.973500315389199 ], [ -51.211742849500027, -29.972909418224042 ], [ -51.212427429807263, -29.972262399036779 ], [ -51.213028421265555, -29.971565489987199 ], [ -51.21354003680635, -29.97082540364687 ], [ -51.213957350485003, -29.970049268316284 ], [ -51.214276344874513, -29.969244559342396 ], [ -51.214493949696639, -29.968419027098474 ], [ -51.214608071320676, -29.967580622321307 ], [ -51.214617612848556, -29.966737419525497 ], [ -51.214522484595726, -29.965897539233005 ], [ -51.214323604870067, -29.965069069767647 ], [ -51.214022891044728, -29.96425998936682 ], [ -51.213623241013849, -29.963478089361512 ], [ -51.213128505212978, -29.962730899162668 ], [ -51.212543449476314, -29.962025613776337 ], [ -51.211873709090753, -29.961369024544339 ], [ -51.211125734491226, -29.960767453776018 ], [ -51.210306729121456, -29.960226693899539 ], [ -51.20942458005937, -29.959751951717219 ], [ -51.20848778207526, -29.959347798299856 ], [ -51.207505355853549, -29.959018125001666 ], [ -51.206486761164527, -29.958766106017386 ], [ -51.205441805820328, -29.958594167841795 ], [ -51.204380551290058, -29.958503965923406 ], [ -51.203313215879938, -29.958496368737563 ], [ -51.202250076408319, -29.958571449430764 ], [ -51.201201369318937, -29.958728485117081 ], [ -51.200177192181833, -29.958965963832895 ], [ -51.199187406527038, -29.959281599083454 ], [ -51.19824154294399, -29.959672351841814 ], [ -51.197348709357719, -29.960134459788925 ], [ -51.196517503362891, -29.960663473514355 ], [ -51.19575592945818, -29.961254299330502 ], [ -51.195071321976563, -29.961901248288854 ], [ -51.194470274453259, -29.962598090928406 ], [ -51.19395857611137, -29.963338117229799 ], [ -51.193541156077544, -29.964114201199759 ], [ -51.193222035865936, -29.964918869465052 ], [ -51.193004290590082, -29.96574437321685 ], [ -51.192890019278231, -29.966582762813282 ] ] ] } },
{ "type": "Feature", "properties": { "porto": "Terminal Portuário Bunge Alimentos", "classe": "Terminal privado (TUP)", "tipo": "Terminal de uso privado", "estado": null, "cidade": null, "fonte": "OSM (área portuária mapeada)", "osm_id": "way/337213466", "osm_nome": "Superporto de Rio Grande", "area_km2": 1.1027403905732163 }, "geometry": { "type": "Polygon", "coordinates": [ [ [ -52.1057415, -32.140559799999984 ], [ -52.1036637, -32.140266499999974 ], [ -52.1039209, -32.13886370000003 ], [ -52.103649, -32.138003 ], [ -52.1035924, -32.137709299999983 ], [ -52.1036349, -32.1375414 ], [ -52.1035216, -32.137535400000019 ], [ -52.1035783, -32.137271700000021 ], [ -52.1036915, -32.137283699999955 ], [ -52.1037411, -32.1370919 ], [ -52.1038402, -32.137103900000014 ], [ -52.1039817, -32.136888100000029 ], [ -52.1041049, -32.1338049 ], [ -52.1048411, -32.133469200000015 ], [ -52.1052235, -32.131573200000012 ], [ -52.1049513, -32.130828900000012 ], [ -52.1044236, -32.130356700000014 ], [ -52.1028535, -32.130381299999989 ], [ -52.102307, -32.122226800000014 ], [ -52.1025584, -32.122193400000015 ], [ -52.1025769, -32.122276900000017 ], [ -52.1033657, -32.1221726 ], [ -52.1033955, -32.1216598 ], [ -52.10376, -32.1216061 ], [ -52.1037487, -32.121239300000028 ], [ -52.1036332, -32.121082799999989 ], [ -52.1039342, -32.1209956 ], [ -52.1040689, -32.1206802 ], [ -52.1044492, -32.120572900000013 ], [ -52.1047027, -32.1206735 ], [ -52.1047502, -32.120599699999985 ], [ -52.1044413, -32.1204655 ], [ -52.1041957, -32.1203649 ], [ -52.1040372, -32.1204588 ], [ -52.1038471, -32.1204789 ], [ -52.1040922, -32.1202586 ], [ -52.1043462, -32.120163600000012 ], [ -52.1045284, -32.119808 ], [ -52.1046155, -32.119264499999979 ], [ -52.1045284, -32.1185197 ], [ -52.1045442, -32.116822200000016 ], [ -52.1045759, -32.113554500000021 ], [ -52.1041001, -32.1127898 ], [ -52.1041561, -32.1097969 ], [ -52.1039976, -32.1097969 ], [ -52.1041061, -32.107948099999966 ], [ -52.1042796, -32.107946100000028 ], [ -52.1042829, -32.1072104 ], [ -52.104367, -32.1072107 ], [ -52.1043751, -32.1070744 ], [ -52.1046124, -32.106727900000024 ], [ -52.1047358, -32.106545 ], [ -52.1048437, -32.1063607 ], [ -52.1048195, -32.105485 ], [ -52.1046645, -32.1046159 ], [ -52.1039897, -32.1002813 ], [ -52.1039152, -32.099893699999981 ], [ -52.1039057, -32.099844499999968 ], [ -52.1033501, -32.0969536 ], [ -52.1031341, -32.0963419 ], [ -52.1024291, -32.0963553 ], [ -52.1022548, -32.09606 ], [ -52.1021676, -32.0956506 ], [ -52.1020488, -32.0956707 ], [ -52.1010824, -32.092525800000026 ], [ -52.101621, -32.092388900000017 ], [ -52.1013406, -32.091216599999981 ], [ -52.1007224, -32.0913671 ], [ -52.1007012, -32.091283400000016 ], [ -52.1008452, -32.0912479 ], [ -52.1007149, -32.0907771 ], [ -52.1005674, -32.0908049 ], [ -52.1004327, -32.09042910000003 ], [ -52.1005674, -32.0903821 ], [ -52.1003535, -32.0897244 ], [ -52.1005119, -32.089509599999985 ], [ -52.1003499, -32.088807300000013 ], [ -52.0992898, -32.083065599999983 ], [ -52.0946842, -32.0766959 ], [ -52.0880293, -32.0695758 ], [ -52.0883266, -32.069410300000015 ], [ -52.0892595, -32.070501 ], [ -52.092012, -32.073456899999975 ], [ -52.0923109, -32.0737101 ], [ -52.0950195, -32.076685899999987 ], [ -52.0995214, -32.083032800000019 ], [ -52.1007328, -32.0896319 ], [ -52.1014927, -32.0912254 ], [ -52.1050425, -32.09046559999998 ], [ -52.1053776, -32.0915892 ], [ -52.1018278, -32.092349 ], [ -52.1020018, -32.092818100000024 ], [ -52.101918, -32.09283480000002 ], [ -52.1015963, -32.0928987 ], [ -52.1016403, -32.093031300000021 ], [ -52.1021252, -32.094493100000015 ], [ -52.1025458, -32.09439160000003 ], [ -52.1030972, -32.0959799 ], [ -52.1037234, -32.096907199999961 ], [ -52.1049781, -32.1061769 ], [ -52.1046583, -32.107134400000021 ], [ -52.1043034, -32.1127039 ], [ -52.1045789, -32.1134152 ], [ -52.1046576, -32.1135595 ], [ -52.1046304, -32.115723199999977 ], [ -52.1048727, -32.1209743 ], [ -52.1087352, -32.120680300000025 ], [ -52.1091905, -32.1253455 ], [ -52.1108188, -32.125290300000025 ], [ -52.1110627, -32.1275489 ], [ -52.1105776, -32.1304989 ], [ -52.1055585, -32.1303382 ], [ -52.106084, -32.137661299999976 ], [ -52.1057415, -32.140559799999984 ] ] ] } },
{ "type": "Feature", "properties": { "porto": "Base Ipiranga Santarém", "classe": "Terminal privado (TUP)", "tipo": "Terminal de uso privado", "estado": null, "cidade": null, "fonte": "OSM (área portuária mapeada)", "osm_id": "way/1444733791", "osm_nome": "Antigo porto da cidade", "area_km2": 0.0019465404939471764 }, "geometry": { "type": "Polygon", "coordinates": [ [ [ -54.7110146, -2.4156301 ], [ -54.7110207, -2.416075 ], [ -54.7106575, -2.416091300000021 ], [ -54.7106895, -2.41561630000002 ], [ -54.7110146, -2.4156301 ] ] ] } },
{ "type": "Feature", "properties": { "porto": "Porto Sudeste do Brasil S/A", "classe": "Terminal privado (TUP)", "tipo": "Terminal de uso privado", "estado": null, "cidade": null, "fonte": "OSM (área portuária mapeada)", "osm_id": "way/136531708", "osm_nome": null, "area_km2": 0.012388502031838515 }, "geometry": { "type": "Polygon", "coordinates": [ [ [ -43.8471552, -22.9038507 ], [ -43.848151, -22.9049405 ], [ -43.8479562, -22.9050988 ], [ -43.8468266, -22.905054399999965 ], [ -43.8467415, -22.904037599999967 ], [ -43.8471552, -22.9038507 ] ] ] } },
{ "type": "Feature", "properties": { "porto": "Porto do Açu - Terminal TMULT e TCAR", "classe": "Terminal privado (TUP)", "tipo": "Terminal de uso privado", "estado": null, "cidade": null, "fonte": "OSM (área portuária mapeada)", "osm_id": "way/572181710", "osm_nome": "T-MULT", "area_km2": 0.15482180577225427 }, "geometry": { "type": "Polygon", "coordinates": [ [ [ -41.0244084, -21.851302099999966 ], [ -41.02320670000001, -21.853721900000025 ], [ -41.0227541, -21.853561 ], [ -41.0186272, -21.852363800000017 ], [ -41.0194087, -21.8497188 ], [ -41.0244084, -21.851302099999966 ] ] ] } },
{ "type": "Feature", "properties": { "porto": "Estaleiro Atlântico Sul - EAS", "classe": "Terminal privado (TUP)", "tipo": "Terminal de uso privado", "estado": null, "cidade": null, "fonte": "OSM (área portuária mapeada)", "osm_id": "way/296359251", "osm_nome": "Estaleiro Atlântico Sul", "area_km2": 1.4857537024903065 }, "geometry": { "type": "Polygon", "coordinates": [ [ [ -34.976216, -8.367296699999985 ], [ -34.9824388, -8.373559299999981 ], [ -34.9823531, -8.3767077 ], [ -34.9806966, -8.3766987 ], [ -34.9813406, -8.378167 ], [ -34.9815227, -8.3786259 ], [ -34.9815464, -8.3789428 ], [ -34.9814564, -8.380804300000023 ], [ -34.980242, -8.3808295 ], [ -34.9798443, -8.3807595 ], [ -34.9793737, -8.380792799999989 ], [ -34.9793672, -8.380943099999989 ], [ -34.97282, -8.381527600000011 ], [ -34.9726698, -8.381491800000026 ], [ -34.972874200000014, -8.3810895 ], [ -34.9716994, -8.3804935 ], [ -34.9714773, -8.380879300000011 ], [ -34.9710637, -8.38063949999998 ], [ -34.970825, -8.380622 ], [ -34.9699249, -8.379986199999964 ], [ -34.968220100000011, -8.3768215 ], [ -34.968204, -8.3766347 ], [ -34.9682737, -8.3764452 ], [ -34.9684041, -8.376239799999986 ], [ -34.9685141, -8.3761382 ], [ -34.9686536, -8.375665899999989 ], [ -34.9690016, -8.3753541 ], [ -34.9724555, -8.373230200000011 ], [ -34.9728632, -8.372460699999987 ], [ -34.9731851, -8.372487200000029 ], [ -34.9735821, -8.3724766 ], [ -34.9737699, -8.372412900000027 ], [ -34.9738708, -8.372201800000015 ], [ -34.9746562, -8.370559199999974 ], [ -34.976216, -8.367296699999985 ] ] ] } },
{ "type": "Feature", "properties": { "porto": "Terminal Aquaviário de Barra do Riacho", "classe": "Terminal privado (TUP)", "tipo": "Terminal de uso privado", "estado": null, "cidade": null, "fonte": "OSM (área portuária mapeada)", "osm_id": "way/188217832", "osm_nome": "Portocel", "area_km2": 0.74795102571573557 }, "geometry": { "type": "Polygon", "coordinates": [ [ [ -40.062547400000014, -19.83740310000001 ], [ -40.0633496, -19.837367199999974 ], [ -40.0641899, -19.8372953 ], [ -40.0654601, -19.8370887 ], [ -40.0660712, -19.8373403 ], [ -40.0646388, -19.8338458 ], [ -40.064209, -19.8330373 ], [ -40.0622896, -19.8330823 ], [ -40.0615638, -19.832300700000015 ], [ -40.0612295, -19.8325163 ], [ -40.0606268, -19.8331075 ], [ -40.0603319, -19.833396700000012 ], [ -40.0586034, -19.8361096 ], [ -40.0575625, -19.8377984 ], [ -40.056662, -19.8379499 ], [ -40.0563857, -19.8379398 ], [ -40.0561336, -19.83795490000001 ], [ -40.0559351, -19.8379625 ], [ -40.0557527, -19.837982700000016 ], [ -40.05559980000001, -19.838018 ], [ -40.0553986, -19.838086099999988 ], [ -40.0552404, -19.838169400000019 ], [ -40.055058, -19.838290499999985 ], [ -40.0549239, -19.83840150000001 ], [ -40.0547764, -19.8385529 ], [ -40.0546744, -19.8386765 ], [ -40.0545672, -19.838843 ], [ -40.0544867, -19.8390146 ], [ -40.0544384, -19.839153400000011 ], [ -40.0543982, -19.839322400000015 ], [ -40.0543821, -19.8394486 ], [ -40.0543848, -19.8426956 ], [ -40.0543982, -19.842995899999988 ], [ -40.0544062, -19.843293600000031 ], [ -40.0543757, -19.8436868 ], [ -40.0543821, -19.8437704 ], [ -40.0543955, -19.8438322 ], [ -40.0544263, -19.843885199999971 ], [ -40.0544934, -19.843921799999976 ], [ -40.054568, -19.843926800000034 ], [ -40.0546221, -19.8439079 ], [ -40.0546771, -19.8438537 ], [ -40.0546871, -19.8437927 ], [ -40.054653, -19.84332389999998 ], [ -40.0547288, -19.8432377 ], [ -40.0555661, -19.843231500000012 ], [ -40.0557368, -19.8433377 ], [ -40.0591162, -19.8380048 ], [ -40.0592101, -19.8380748 ], [ -40.0594273, -19.838102500000019 ], [ -40.0596674, -19.8382287 ], [ -40.0597358, -19.838241300000018 ], [ -40.0597988, -19.8382211 ], [ -40.0598525, -19.838175699999987 ], [ -40.0605863, -19.837007400000036 ], [ -40.0606558, -19.836967200000011 ], [ -40.0607242, -19.836952 ], [ -40.0608065, -19.8369552 ], [ -40.061669400000014, -19.83743740000002 ], [ -40.0617048, -19.8374897 ], [ -40.0617246, -19.837546199999981 ], [ -40.06172620000001, -19.8375745 ], [ -40.0617287, -19.837620600000026 ], [ -40.0617041, -19.837681199999988 ], [ -40.0604448, -19.8396104 ], [ -40.0600168, -19.8403395 ], [ -40.060181, -19.840378299999983 ], [ -40.0602883, -19.840425 ], [ -40.0603446, -19.84048169999998 ], [ -40.0603795, -19.840515799999988 ], [ -40.0604452, -19.8406003 ], [ -40.0605713, -19.8406596 ], [ -40.0607416, -19.8407529 ], [ -40.060861, -19.840805899999978 ], [ -40.061034, -19.840853900000027 ], [ -40.0611278, -19.840893 ], [ -40.0611815, -19.8409132 ], [ -40.0613692, -19.8410822 ], [ -40.061557, -19.841308 ], [ -40.0616375, -19.841408900000019 ], [ -40.0617367, -19.841583 ], [ -40.0619325, -19.841966500000023 ], [ -40.0619499, -19.842046 ], [ -40.0619741, -19.842128 ], [ -40.0620103, -19.8422037 ], [ -40.0621001, -19.8423084 ], [ -40.0621887, -19.842423199999967 ], [ -40.0622624, -19.8425493 ], [ -40.0625015, -19.842469299999962 ], [ -40.0644852, -19.841801599999982 ], [ -40.067241, -19.840797400000032 ], [ -40.0663965, -19.838646900000025 ], [ -40.0662254, -19.838700500000023 ], [ -40.0661489, -19.838496099999983 ], [ -40.0659256, -19.838571800000022 ], [ -40.0656447, -19.838662400000011 ], [ -40.0654931, -19.838270300000019 ], [ -40.0655263, -19.838215800000015 ], [ -40.0633496, -19.838369 ], [ -40.0618051, -19.838418900000011 ], [ -40.0623278, -19.837654699999987 ], [ -40.062547400000014, -19.83740310000001 ] ] ] } },
{ "type": "Feature", "properties": { "porto": "ATR Logística - Chibatão", "classe": "Terminal privado (TUP)", "tipo": "Terminal de uso privado", "estado": null, "cidade": null, "fonte": "envelope estimado (1000 m)", "osm_id": null, "osm_nome": null, "area_km2": 3.1365484905461791 }, "geometry": { "type": "Polygon", "coordinates": [ [ [ -59.986922390593932, -3.156943479921631 ], [ -59.986965217614063, -3.157838557654327 ], [ -59.987093438067369, -3.158725018460159 ], [ -59.987305818537124, -3.159594325205255 ], [ -59.987600314988761, -3.160438105938614 ], [ -59.987974092404755, -3.161248234520623 ], [ -59.988423552043429, -3.162016908885082 ], [ -59.988944366060728, -3.162736726180323 ], [ -59.989531519162895, -3.16340075406671 ], [ -59.990179356889882, -3.164002597482911 ], [ -59.990881640065417, -3.164536460237826 ], [ -59.991631604889129, -3.16499720083561 ], [ -59.992422028092228, -3.165380381994904 ], [ -59.993245296528293, -3.16568231338627 ], [ -59.994093480528122, -3.165900087175278 ], [ -59.994958410310772, -3.166031606029016 ], [ -59.995831754713187, -3.166075603317024 ], [ -59.996705101478263, -3.166031655310497 ], [ -59.997570038326131, -3.165900185263576 ], [ -59.998418234025642, -3.165682459336778 ], [ -59.999241518683114, -3.165380574401998 ], [ -60.000031962472988, -3.164997437846204 ], [ -60.000781952050488, -3.164536739569371 ], [ -60.001484263908267, -3.164002916445228 ], [ -60.002132133969596, -3.163401109588008 ], [ -60.002719322746607, -3.162737114836554 ], [ -60.003240175435565, -3.162017326933299 ], [ -60.003689676370094, -3.161248677934755 ], [ -60.004063497308302, -3.160438570448199 ], [ -60.004358039089261, -3.159594806336827 ], [ -60.004570466258784, -3.158725511580126 ], [ -60.004698734332457, -3.157839058013596 ], [ -60.004741609434937, -3.156943982701558 ], [ -60.004698680128449, -3.156048905719164 ], [ -60.004570361318507, -3.155162447135957 ], [ -60.004357890201582, -3.154293144000528 ], [ -60.004063314295792, -3.153449368125179 ], [ -60.00368947167204, -3.152639245462747 ], [ -60.003239963577876, -3.151870577852065 ], [ -60.002719119719487, -3.151150767885138 ], [ -60.002131956537433, -3.150486747620029 ], [ -60.001484128879078, -3.149884911825223 ], [ -60.000781875533796, -3.149351056398884 ], [ -60.000031959155578, -3.14889032255524 ], [ -59.999241601151496, -3.148507147316093 ], [ -59.998418412162422, -3.148205220783371 ], [ -59.997570318804406, -3.147987450604825 ], [ -59.996705487375117, -3.147855933974537 ], [ -59.995832245257958, -3.147811937437567 ], [ -59.994959000779225, -3.147855884693895 ], [ -59.994094162288008, -3.147987352518106 ], [ -59.993246057235652, -3.148205074835202 ], [ -59.992422852032348, -3.148506954912056 ], [ -59.991632473450245, -3.148890085548223 ], [ -59.990882532328229, -3.14935077707128 ], [ -59.990180250311532, -3.149884592867108 ], [ -59.989532390330105, -3.150486392103067 ], [ -59.988945191484454, -3.151150379233091 ], [ -59.988424308965236, -3.151870159807822 ], [ -59.987974759585207, -3.152638802052242 ], [ -59.987600873447981, -3.153448903618619 ], [ -59.987306252220051, -3.154292662871346 ], [ -59.987093734408703, -3.155161954017585 ], [ -59.986965367981661, -3.156048405360649 ], [ -59.986922390593932, -3.156943479921631 ] ] ] } },
{ "type": "Feature", "properties": { "porto": "Itacal- Itacoatiara Calcários Ltda", "classe": "Estação de transbordo", "tipo": "Estação de transbordo de cargas", "estado": null, "cidade": null, "fonte": "envelope estimado (800 m)", "osm_id": null, "osm_nome": null, "area_km2": 2.0073910339493457 }, "geometry": { "type": "Polygon", "coordinates": [ [ [ -60.069542207785737, -3.093891528628339 ], [ -60.069576836531688, -3.094607820889836 ], [ -60.069679748374, -3.095317179691052 ], [ -60.069849953120794, -3.096012773498925 ], [ -60.070085812441633, -3.096687903332176 ], [ -60.0703850556134, -3.097336067277627 ], [ -60.07074480136054, -3.097951023108584 ], [ -60.071161585580271, -3.098526848403128 ], [ -60.071631394686648, -3.099057997582639 ], [ -60.072149704253036, -3.099539355321264 ], [ -60.072711522581365, -3.099966285811794 ], [ -60.073311438778362, -3.100334677413969 ], [ -60.073943674876148, -3.100640982254139 ], [ -60.07460214149431, -3.100882250395637 ], [ -60.075280496507084, -3.101056158250528 ], [ -60.075972206149679, -3.101161030958406 ], [ -60.076670607974052, -3.101195858517718 ], [ -60.077368975046774, -3.101160305513229 ], [ -60.078060580769275, -3.101054714346766 ], [ -60.078738763694894, -3.100880101939142 ], [ -60.079396991717005, -3.100638149936092 ], [ -60.080028925008882, -3.100331188511673 ], [ -60.080628477107815, -3.099962173925908 ], [ -60.081189873554024, -3.099534660052109 ], [ -60.08170770751908, -3.099052764148969 ], [ -60.082176991887074, -3.098521127206448 ], [ -60.082593207286827, -3.097944869247882 ], [ -60.082952345612263, -3.097329540018557 ], [ -60.083250948612104, -3.096681065536448 ], [ -60.083486141177467, -3.096005691018723 ], [ -60.08365565900769, -3.095309920734952 ], [ -60.083757870388595, -3.094600455365824 ], [ -60.083791791874731, -3.093884127470602 ], [ -60.083757097725581, -3.093167835685067 ], [ -60.083654123006539, -3.092458478283778 ], [ -60.083483860325778, -3.091762886745927 ], [ -60.083247950240114, -3.091087759965644 ], [ -60.082948665423544, -3.090439599738783 ], [ -60.082588888751985, -3.089824648149051 ], [ -60.082172085516646, -3.089248827455444 ], [ -60.081702270034221, -3.088717683059739 ], [ -60.081183966976354, -3.088236330104 ], [ -60.080622167791049, -3.087809404211582 ], [ -60.080022282635873, -3.087441016846076 ], [ -60.079390088285805, -3.087134715718268 ], [ -60.078731672516909, -3.086893450622195 ], [ -60.078053375500858, -3.086719545028759 ], [ -60.077361728773639, -3.086614673711507 ], [ -60.076663392365504, -3.086579846618488 ], [ -60.075965090695988, -3.086615399146963 ], [ -60.075273547850216, -3.086720988913533 ], [ -60.074595422858565, -3.086895599051133 ], [ -60.073937245601257, -3.087137548001199 ], [ -60.07330535395419, -3.087444505707028 ], [ -60.072705832779683, -3.087813516051587 ], [ -60.072144455349083, -3.088241025324447 ], [ -60.071626627760082, -3.088722916443781 ], [ -60.071157336883552, -3.089254548603434 ], [ -60.070741102340776, -3.089830801963905 ], [ -60.070381932973525, -3.090446126956543 ], [ -60.070083288225966, -3.091094597726273 ], [ -60.06984804481133, -3.091769969198522 ], [ -60.069678468984392, -3.092465737220856 ], [ -60.069576194688096, -3.093175201199375 ], [ -60.069542207785737, -3.093891528628339 ] ] ] } },
{ "type": "Feature", "properties": { "porto": "TNA ITAUTINGA", "classe": "Terminal de navegação (TNA)", "tipo": "TNA", "estado": null, "cidade": null, "fonte": "OSM (área portuária mapeada)", "osm_id": "way/166764250", "osm_nome": null, "area_km2": 0.016120846538879637 }, "geometry": { "type": "Polygon", "coordinates": [ [ [ -59.938572, -3.133344400000021 ], [ -59.9391693, -3.133033400000018 ], [ -59.9393187, -3.1329482 ], [ -59.9395234, -3.1326799 ], [ -59.9393946, -3.132096 ], [ -59.9393142, -3.131897800000018 ], [ -59.9392391, -3.131801400000016 ], [ -59.9391363, -3.1317377 ], [ -59.9390084, -3.131705 ], [ -59.9388747, -3.1317046 ], [ -59.93828640000001, -3.1320259 ], [ -59.9386157, -3.1331668 ], [ -59.9385436, -3.133202100000022 ], [ -59.938572, -3.133344400000021 ] ] ] } },
{ "type": "Feature", "properties": { "porto": "Almeirim", "classe": "Porto público", "tipo": "Porto Público", "estado": "PA", "cidade": "Almeirim", "fonte": "envelope estimado (1500 m)", "osm_id": null, "osm_nome": null, "area_km2": 7.0572341037285042 }, "geometry": { "type": "Polygon", "coordinates": [ [ [ -52.563686365175819, -1.531790857045203 ], [ -52.563686328477786, -1.533147564285937 ], [ -52.563813519398416, -1.534497731597873 ], [ -52.56406671621874, -1.535828356108511 ], [ -52.564443483528585, -1.537126623130064 ], [ -52.564940195565121, -1.538380029573849 ], [ -52.565552071026666, -1.539576504364186 ], [ -52.566273219030528, -1.540704524692823 ], [ -52.567096695775774, -1.541753226994066 ], [ -52.56801457136779, -1.542712511570868 ], [ -52.569018006163013, -1.543573139865284 ], [ -52.570097335899504, -1.544326823435388 ], [ -52.571242164793482, -1.544966303782561 ], [ -52.572441465704422, -1.54548542225874 ], [ -52.573683686402056, -1.545879179381881 ], [ -52.574956860909353, -1.546143782987031 ], [ -52.576248724845684, -1.546276684749459 ], [ -52.577546833655376, -1.546276604728494 ], [ -52.578838682578585, -1.546143543694736 ], [ -52.580111827204362, -1.545878783122847 ], [ -52.581354003440161, -1.5454848728492 ], [ -52.582553245737557, -1.544965606513733 ], [ -52.583698002431333, -1.544325985022504 ], [ -52.584777247076907, -1.543572168382764 ], [ -52.58578058471069, -1.542711416374881 ], [ -52.586698352007211, -1.541752018632022 ], [ -52.587521710366623, -1.540703214802069 ], [ -52.588242731035194, -1.539575105559778 ], [ -52.588854471438999, -1.538378555327239 ], [ -52.589351041996679, -1.537125087639162 ], [ -52.589727662769612, -1.535826774161021 ], [ -52.589980709406603, -1.534496118428834 ], [ -52.59010774794416, -1.533145935431118 ], [ -52.59010755813096, -1.531789228191439 ], [ -52.58998014505665, -1.530439062541351 ], [ -52.589726738977461, -1.529108441289493 ], [ -52.589349783345241, -1.527810178998432 ], [ -52.588852911159968, -1.526556778575129 ], [ -52.58824090987774, -1.525360310863851 ], [ -52.587519675216463, -1.52423229840077 ], [ -52.586696154307269, -1.523183604449364 ], [ -52.585778278741977, -1.522224328385782 ], [ -52.584774888163111, -1.521363708440845 ], [ -52.583695645133396, -1.520610032735479 ], [ -52.58255094210454, -1.519970559466248 ], [ -52.581351801380123, -1.519451447009166 ], [ -52.58010976903455, -1.519057694614831 ], [ -52.578836803806574, -1.518793094266655 ], [ -52.577545162034347, -1.518660194164038 ], [ -52.576247279735895, -1.518660274184067 ], [ -52.574955652966359, -1.518793333555976 ], [ -52.573682717599453, -1.519058090869086 ], [ -52.572440729686029, -1.51945199641219 ], [ -52.571241647537356, -1.519971256727156 ], [ -52.57009701666427, -1.52061087113936 ], [ -52.569017858676105, -1.521364679913509 ], [ -52.568014565206269, -1.522225423571556 ], [ -52.567096797883025, -1.523184812801195 ], [ -52.566273395307249, -1.524233608281737 ], [ -52.565552287931901, -1.525361709659172 ], [ -52.564940421662975, -1.526558252813819 ], [ -52.564443690918772, -1.527811714482817 ], [ -52.564066881793792, -1.529110023232153 ], [ -52.563813625877465, -1.530440675707382 ], [ -52.563686365175819, -1.531790857045203 ] ] ] } },
{ "type": "Feature", "properties": { "porto": "Anajás", "classe": "Porto público", "tipo": "Porto Público", "estado": "PA", "cidade": "Anajás", "fonte": "envelope estimado (1500 m)", "osm_id": null, "osm_nome": null, "area_km2": 7.0572341037287689 }, "geometry": { "type": "Polygon", "coordinates": [ [ [ -49.926846937456332, -0.986077512572529 ], [ -49.926824373730447, -0.987438406160705 ], [ -49.926928689902908, -0.988795062753127 ], [ -49.9271588845492, -0.990134416993261 ], [ -49.927512743803391, -0.991443570140408 ], [ -49.927986862562186, -0.992709914292702 ], [ -49.928576677172089, -0.993921253809869 ], [ -49.929276509288769, -0.995065922765762 ], [ -49.930079620489877, -0.996132897300249 ], [ -49.930978277118037, -0.997111901787574 ], [ -49.931963824731653, -0.997993507799488 ], [ -49.933026771447516, -0.998769224909101 ], [ -49.934156879372878, -0.99943158246142 ], [ -49.9353432632455, -0.999974201522876 ], [ -49.936574495330227, -1.000391856316541 ], [ -49.937838715559309, -1.000680524551326 ], [ -49.939123745852335, -1.000837426161074 ], [ -49.940417207511196, -1.000861050078949 ], [ -49.941706640554948, -1.000751168791003 ], [ -49.942979623840692, -1.000508840526988 ], [ -49.944223894808914, -1.000136399068837 ], [ -49.945427467695275, -0.999637431273728 ], [ -49.946578749065971, -0.999016742529133 ], [ -49.947666649559871, -0.998280310472276 ], [ -49.948680690757875, -0.997435227419396 ], [ -49.949611106147401, -0.996489632060259 ], [ -49.950448935207675, -0.995452631075132 ], [ -49.9511861097088, -0.994334211429128 ], [ -49.951815531393095, -0.993145144189411 ], [ -49.952331140291498, -0.991896880791056 ], [ -49.952727973018817, -0.990601442750821 ], [ -49.953002210488854, -0.989271305891147 ], [ -49.953151214593206, -0.987919280189422 ], [ -49.953173553494359, -0.986558386409791 ], [ -49.953069015293877, -0.985201730705279 ], [ -49.952838609948685, -0.983862378398452 ], [ -49.952484559421755, -0.982553228155744 ], [ -49.952010276166888, -0.981286887767339 ], [ -49.951420330159081, -0.980075552728817 ], [ -49.950720404792193, -0.978930888794246 ], [ -49.949917242072146, -0.977863919630859 ], [ -49.949018577636132, -0.976884920657919 ], [ -49.948033066225832, -0.976003320091827 ], [ -49.946970198333162, -0.975227608150178 ], [ -49.94584020882175, -0.974565255289261 ], [ -49.944653978403245, -0.974022640262509 ], [ -49.943422928915645, -0.973604988691748 ], [ -49.9421589134096, -0.973316322744129 ], [ -49.940874102098135, -0.97315942239805 ], [ -49.939580865263999, -0.973135798671648 ], [ -49.938291654248275, -0.973245679071649 ], [ -49.937018881661437, -0.973488005402323 ], [ -49.935774801965955, -0.973860443956069 ], [ -49.934571393575659, -0.97435940798734 ], [ -49.933420243602882, -0.974980092253239 ], [ -49.932332436359175, -0.975716519288773 ], [ -49.931318446680109, -0.97656159697057 ], [ -49.930388039098439, -0.977507186815237 ], [ -49.929550173834848, -0.978544182354593 ], [ -49.928812920510516, -0.979662596832684 ], [ -49.928183380412271, -0.980851659380897 ], [ -49.927667618059758, -0.982099918744582 ], [ -49.927270602735305, -0.983395353561981 ], [ -49.926996160542238, -0.984725488134489 ], [ -49.926846937456332, -0.986077512572529 ] ] ] } },
{ "type": "Feature", "properties": { "porto": "Autazes", "classe": "IP4 (pequeno porte)", "tipo": "IP4", "estado": "AM", "cidade": "Autazes", "fonte": "envelope estimado (800 m)", "osm_id": null, "osm_nome": null, "area_km2": 2.0073910339493466 }, "geometry": { "type": "Polygon", "coordinates": [ [ [ -59.123652968737979, -3.579007984611819 ], [ -59.123683328965136, -3.579722586887492 ], [ -59.12378222751736, -3.580430710662489 ], [ -59.123948712862031, -3.581125536295594 ], [ -59.124181182499377, -3.581800372199447 ], [ -59.124477398362899, -3.582448719285624 ], [ -59.124834508344613, -3.583064333556297 ], [ -59.125249073738836, -3.583641286239697 ], [ -59.125717102341213, -3.584174020890031 ], [ -59.126234086884793, -3.584657406902281 ], [ -59.126795048443419, -3.585086788925269 ], [ -59.127394584384682, -3.585458031698896 ], [ -59.12802692041047, -3.585767559881447 ], [ -59.128685966183468, -3.586012392485109 ], [ -59.129365374003363, -3.586190171586743 ], [ -59.130058599966638, -3.586299185037948 ], [ -59.130758967020078, -3.586338382955551 ], [ -59.131459729299323, -3.586307387833424 ], [ -59.132154137131657, -3.586206498178452 ], [ -59.132835502075451, -3.586036685635466 ], [ -59.133497261368731, -3.585799585628954 ], [ -59.134133041164588, -3.585497481611447 ], [ -59.134736717943426, -3.585133283070904 ], [ -59.13530247750932, -3.584710497508316 ], [ -59.135824871001475, -3.584233196655787 ], [ -59.136298867380866, -3.583705977260773 ], [ -59.136719901885797, -3.583133916813695 ], [ -59.137083919989898, -3.582522524645914 ], [ -59.137387416439232, -3.581877688868877 ], [ -59.137627468992896, -3.581205619665809 ], [ -59.137801766542857, -3.580512789481685 ], [ -59.137908631343244, -3.579805870688163 ], [ -59.137947035135774, -3.579091671323676 ], [ -59.137916609017616, -3.578377069527055 ], [ -59.137817646957679, -3.577668947297221 ], [ -59.137651102929134, -3.576974124216048 ], [ -59.137418581686958, -3.57629929177284 ], [ -59.137122323280806, -3.575650948922914 ], [ -59.136765181453541, -3.575035339501436 ], [ -59.136350596134641, -3.574458392093805 ], [ -59.135882560294156, -3.573925662942952 ], [ -59.135365581477217, -3.573442282442739 ], [ -59.134804638389895, -3.573012905732367 ], [ -59.134205132954754, -3.572641667867825 ], [ -59.133572838297574, -3.572332144002142 ], [ -59.132913843165888, -3.57208731495732 ], [ -59.132234493313916, -3.571909538519664 ], [ -59.131541330417491, -3.571800526735236 ], [ -59.1308410291062, -3.571761329423174 ], [ -59.130140332717957, -3.571792324066215 ], [ -59.129445988393336, -3.571893212176006 ], [ -59.128764682133408, -3.572063022167061 ], [ -59.128102974444957, -3.572300118712944 ], [ -59.12746723719173, -3.57260221849415 ], [ -59.126863592258452, -3.572966412185497 ], [ -59.126297852617235, -3.573389192472351 ], [ -59.125775466363166, -3.573866487825331 ], [ -59.125301464257142, -3.574393701708342 ], [ -59.12488041128092, -3.574965756842822 ], [ -59.12451636267069, -3.575577144101518 ], [ -59.124212824852748, -3.576221975561668 ], [ -59.123972721657772, -3.576894041205898 ], [ -59.123798366139873, -3.577586868726094 ], [ -59.123691438272651, -3.578293785852788 ], [ -59.123652968737979, -3.579007984611819 ] ] ] } },
{ "type": "Feature", "properties": { "porto": "Barcarena", "classe": "Porto público", "tipo": "Porto Público", "estado": "PA", "cidade": "Barcarena", "fonte": "envelope estimado (1500 m)", "osm_id": null, "osm_nome": null, "area_km2": 7.0572341037287689 }, "geometry": { "type": "Polygon", "coordinates": [ [ [ -48.577913382954684, -1.491247378751694 ], [ -48.577879188589037, -1.492603937645812 ], [ -48.577972308990127, -1.493957458515299 ], [ -48.578191850584091, -1.49529490619778 ], [ -48.5785357021389, -1.49660340030184 ], [ -48.579000554978613, -1.497870339253333 ], [ -48.579581934739949, -1.499083521658075 ], [ -48.580274244369704, -1.500231263810769 ], [ -48.581070817952416, -1.501302512219196 ], [ -48.58196398485272, -1.502286950059473 ], [ -48.58294514355687, -1.503175096537403 ], [ -48.584004844503369, -1.503958398198007 ], [ -48.585132881105345, -1.50462931130487 ], [ -48.586318388087349, -1.505181374494554 ], [ -48.587549946187892, -1.505609271007362 ], [ -48.588815692217075, -1.505908879893883 ], [ -48.59010343340595, -1.50607731570484 ], [ -48.591400764942676, -1.5061129562816 ], [ -48.59269518955913, -1.506015458379664 ], [ -48.593974238011583, -1.505785760974288 ], [ -48.595225589290393, -1.505426076217412 ], [ -48.596437189396241, -1.504939868131247 ], [ -48.597597367534412, -1.504331819246176 ], [ -48.598694948604098, -1.503607785501667 ], [ -48.599719360895733, -1.502774739847024 ], [ -48.600660737956247, -1.501840705083662 ], [ -48.601510013639242, -1.500814676596826 ], [ -48.602259009423484, -1.499706535720329 ], [ -48.602900513158545, -1.498526954569297 ], [ -48.603428348479838, -1.497287293257671 ], [ -48.603837434226321, -1.495999490490157 ], [ -48.604123833290991, -1.494675948582412 ], [ -48.604284790436921, -1.493329414017375 ], [ -48.604318758718627, -1.491972854687758 ], [ -48.604225414258522, -1.490619335006966 ], [ -48.60400565924094, -1.489281890091627 ], [ -48.603661613099661, -1.487973400226934 ], [ -48.603196591988485, -1.486706466823998 ], [ -48.602615076737273, -1.485493291063861 ], [ -48.601922669605997, -1.484345556396368 ], [ -48.601126040257071, -1.483274316026239 ], [ -48.600232861468925, -1.482289886468348 ], [ -48.599251735212142, -1.481401748198622 ], [ -48.598192109801289, -1.480618454356571 ], [ -48.597064188920449, -1.47994754837818 ], [ -48.595878833397975, -1.47939549135296 ], [ -48.594647456674835, -1.478967599803678 ], [ -48.593381914970706, -1.478667994489065 ], [ -48.592094393202444, -1.47849956072105 ], [ -48.590797287749666, -1.478463920579789 ], [ -48.589503087192234, -1.478561417293047 ], [ -48.588224252163393, -1.478791111931213 ], [ -48.586973095471045, -1.479150792448841 ], [ -48.585761663636667, -1.479636994986363 ], [ -48.584601620988387, -1.480245037226846 ], [ -48.583504137420206, -1.480969063486103 ], [ -48.582479780894786, -1.481802101102499 ], [ -48.581538415722115, -1.482736127583441 ], [ -48.580689107591745, -1.48376214786209 ], [ -48.579940036271843, -1.484870280920084 ], [ -48.579298416815654, -1.486049854942611 ], [ -48.578770430034837, -1.487289510089739 ], [ -48.578361162910944, -1.488577307893712 ], [ -48.57807455952122, -1.489900846229599 ], [ -48.577913382954684, -1.491247378751694 ] ] ] } },
{ "type": "Feature", "properties": { "porto": "Barreirinha", "classe": "IP4 (pequeno porte)", "tipo": "IP4", "estado": "AM", "cidade": "Barreirinha", "fonte": "envelope estimado (800 m)", "osm_id": null, "osm_nome": null, "area_km2": 2.0073910339493422 }, "geometry": { "type": "Polygon", "coordinates": [ [ [ -57.064089322387119, -2.792587232279904 ], [ -57.064110042646881, -2.793305289107493 ], [ -57.064199034195859, -2.794017794723197 ], [ -57.064355440908926, -2.794717887292588 ], [ -57.064577757352012, -2.795398824514229 ], [ -57.064863843247693, -2.796054048552675 ], [ -57.065210944058336, -2.796677249195376 ], [ -57.065615717489756, -2.797262424625435 ], [ -57.066074265661008, -2.797803939224263 ], [ -57.06658217263125, -2.798296577848108 ], [ -57.067134546922738, -2.798735596055125 ], [ -57.067726068630577, -2.799116765799227 ], [ -57.068351040665441, -2.7994364161509 ], [ -57.069003443635516, -2.799691468652502 ], [ -57.069676993838428, -2.799879466967304 ], [ -57.070365203803789, -2.799998600537077 ], [ -57.071061444802424, -2.800047722019778 ], [ -57.07175901071885, -2.800026358340157 ], [ -57.07245118267074, -2.799934715245852 ], [ -57.073131293751636, -2.799773675325866 ], [ -57.073792793271934, -2.799544789510095 ], [ -57.074429309878219, -2.799250262132018 ], [ -57.075034712941765, -2.798892929698285 ], [ -57.075603171623875, -2.79847623356975 ], [ -57.076129211048361, -2.798004186817242 ], [ -57.076607765039455, -2.797481335571246 ], [ -57.07703422491673, -2.796912715237656 ], [ -57.077404483877139, -2.796303802001852 ], [ -57.077714976536527, -2.795660460087534 ], [ -57.077962713250407, -2.794988885278907 ], [ -57.078145308884004, -2.79429554525012 ], [ -57.078261005755245, -2.793587117276157 ], [ -57.078308690531003, -2.792870423926148 ], [ -57.078287904914774, -2.792152367357293 ], [ -57.078198850024499, -2.791439862842995 ], [ -57.07804238441949, -2.79073977217529 ], [ -57.077820015796995, -2.790058837582535 ], [ -57.077533886439653, -2.789403616799146 ], [ -57.07718675255532, -2.788780419912655 ], [ -57.07678195770918, -2.788195248595504 ], [ -57.076323400605133, -2.787653738308295 ], [ -57.075815497527287, -2.787161104029039 ], [ -57.075263139803816, -2.786722090032698 ], [ -57.074671646702932, -2.786340924203517 ], [ -57.074046714214589, -2.78602127732046 ], [ -57.073394360210862, -2.785766227708005 ], [ -57.07272086651237, -2.785578231591802 ], [ -57.072032718418065, -2.785459099445622 ], [ -57.071336542279461, -2.78540997855672 ], [ -57.070639041719502, -2.785431341977608 ], [ -57.069946933108909, -2.785522983970506 ], [ -57.069266880919962, -2.785684021988858 ], [ -57.068605433579073, -2.785912905175727 ], [ -57.067968960434442, -2.786207429298745 ], [ -57.067363590444586, -2.786564757976287 ], [ -57.066795153177203, -2.786981449991912 ], [ -57.066269122685512, -2.787453492432817 ], [ -57.065790564802022, -2.787976339334175 ], [ -57.065364088356723, -2.788544955457104 ], [ -57.06499380078936, -2.789153864777988 ], [ -57.064683268583451, -2.789797203223656 ], [ -57.064435482903221, -2.790468775143137 ], [ -57.064252830765213, -2.791162112973324 ], [ -57.064137072022909, -2.79187053952371 ], [ -57.064089322387119, -2.792587232279904 ] ] ] } },
{ "type": "Feature", "properties": { "porto": "Beruri", "classe": "IP4 (pequeno porte)", "tipo": "IP4", "estado": "AM", "cidade": "Beruri", "fonte": "envelope estimado (800 m)", "osm_id": null, "osm_nome": null, "area_km2": 2.007391033949335 }, "geometry": { "type": "Polygon", "coordinates": [ [ [ -61.368437362639547, -3.897455935509563 ], [ -61.368478192820909, -3.898168778154864 ], [ -61.368587601306146, -3.898874119662085 ], [ -61.368764535341711, -3.899565167180496 ], [ -61.369007291791277, -3.900235265502638 ], [ -61.369313533505739, -3.900877961159329 ], [ -61.369680311803215, -3.901487064572285 ], [ -61.37010409484374, -3.9020567096656 ], [ -61.370580801625998, -3.902581410362436 ], [ -61.371105841279615, -3.903056113422003 ], [ -61.371674157274768, -3.903476247108303 ], [ -61.372280276123604, -3.903837765221905 ], [ -61.372918360104194, -3.90413718607009 ], [ -61.373582263498982, -3.904371626000509 ], [ -61.374265591805141, -3.904538827174734 ], [ -61.374961763345986, -3.904637179314601 ], [ -61.37566407268887, -3.904665735211557 ], [ -61.376365755257545, -3.904624219849854 ], [ -61.377060052515326, -3.904513033055141 ], [ -61.37774027709002, -3.904333245643676 ], [ -61.378399877211983, -3.904086589108774 ], [ -61.379032499843326, -3.903775438943837 ], [ -61.379632051889089, -3.903402791762979 ], [ -61.380192758899931, -3.902972236439363 ], [ -61.380709220699956, -3.902487919539435 ], [ -61.381176463403321, -3.901954505385979 ], [ -61.381589987318506, -3.901377131134901 ], [ -61.381945810278445, -3.90076135729808 ], [ -61.382240505979702, -3.900113114189781 ], [ -61.382471236961692, -3.899438644811295 ], [ -61.382635781909165, -3.898744444724989 ], [ -61.382732557015856, -3.898037199496513 ], [ -61.382760631204683, -3.897323720307503 ], [ -61.382719735059098, -3.896610878359436 ], [ -61.382610263381189, -3.895905538699745 ], [ -61.38243327135293, -3.895214494108246 ], [ -61.382190464339288, -3.894544399679939 ], [ -61.381884181432532, -3.893901708734247 ], [ -61.381517372897513, -3.893292610668581 ], [ -61.381093571736209, -3.89272297135322 ], [ -61.380616859646317, -3.892198276643011 ], [ -61.380091827702195, -3.891723579548711 ], [ -61.379523532137377, -3.891303451577026 ], [ -61.378917445654594, -3.890941938707829 ], [ -61.378279404731941, -3.8906425224322 ], [ -61.377615553432335, -3.89040808622687 ], [ -61.376932284256583, -3.89024088778709 ], [ -61.376236176609012, -3.89014253728593 ], [ -61.375533933466905, -3.890113981868934 ], [ -61.374832316862438, -3.890155496533473 ], [ -61.374138082797344, -3.890266681480621 ], [ -61.37345791621533, -3.890446465965156 ], [ -61.372798366657442, -3.890693118606273 ], [ -61.372165785218414, -3.891004264060161 ], [ -61.371566263410202, -3.891376905893779 ], [ -61.371005574520133, -3.891807455439389 ], [ -61.370489118027734, -3.892291766352693 ], [ -61.370021867614881, -3.8928251745409 ], [ -61.369608323269354, -3.893402543077345 ], [ -61.369252467943362, -3.894018311669795 ], [ -61.368957729184153, -3.894666550205519 ], [ -61.368726946106996, -3.89534101585892 ], [ -61.368562342029115, -3.896035213210796 ], [ -61.368465503029135, -3.896742456800582 ], [ -61.368437362639547, -3.897455935509563 ] ] ] } },
{ "type": "Feature", "properties": { "porto": "Boa Vista do Ramos", "classe": "IP4 (pequeno porte)", "tipo": "IP4", "estado": "AM", "cidade": "Boa Vista do Ramos", "fonte": "envelope estimado (800 m)", "osm_id": null, "osm_nome": null, "area_km2": 2.0073910339493422 }, "geometry": { "type": "Polygon", "coordinates": [ [ [ -57.582581804677801, -2.969601412137143 ], [ -57.582604939856147, -2.970318684423414 ], [ -57.582696405131237, -2.971030170582798 ], [ -57.582855320555012, -2.97172901859755 ], [ -57.583080156532226, -2.97240849814981 ], [ -57.583368748518765, -2.973062065439531 ], [ -57.583718317838517, -2.973683426206524 ], [ -57.584125498419716, -2.974266596349247 ], [ -57.584586369193822, -2.974805959557351 ], [ -57.585096491845931, -2.975296321402375 ], [ -57.58565095355349, -2.975732959365087 ], [ -57.586244414301838, -2.976111668319014 ], [ -57.586871158320889, -2.976428801030115 ], [ -57.587525149147204, -2.976681303284184 ], [ -57.588200087780599, -2.976866743302524 ], [ -57.588889473374245, -2.976983335163149 ], [ -57.589586665872886, -2.977029956001361 ], [ -57.590284949994597, -2.977006156824275 ], [ -57.590977599938604, -2.976912166835413 ], [ -57.591657944194708, -2.976748891227126 ], [ -57.592319429828606, -2.976517902462294 ], [ -57.592955685622869, -2.976221425129568 ], [ -57.593560583463926, -2.97586231451795 ], [ -57.594128297383179, -2.975444029116673 ], [ -57.594653359682333, -2.9749705973059 ], [ -57.595130713601982, -2.974446578558864 ], [ -57.595555762025661, -2.973877019528963 ], [ -57.595924411750175, -2.973267405445274 ], [ -57.596233112895931, -2.972623607284385 ], [ -57.596478893078164, -2.971951825227168 ], [ -57.596659386010408, -2.971258528945814 ], [ -57.596772854265907, -2.970550395295729 ], [ -57.596818205978416, -2.969834244012226 ], [ -57.596795005323095, -2.969116972032171 ], [ -57.596703476677767, -2.968405487072333 ], [ -57.596544502425779, -2.967706641104476 ], [ -57.596319614423081, -2.96702716436765 ], [ -57.596030979213126, -2.966373600553737 ], [ -57.595681377133062, -2.965752243789472 ], [ -57.595274175513623, -2.965169078022438 ], [ -57.594813296231855, -2.964629719394898 ], [ -57.594303177929561, -2.964139362159335 ], [ -57.593748733262181, -2.96370272865764 ], [ -57.593155301589498, -2.963324023845086 ], [ -57.592528597564254, -2.963006894796414 ], [ -57.59187465611295, -2.962754395585202 ], [ -57.5911997743383, -2.962568957873059 ], [ -57.590510450902094, -2.96245236749345 ], [ -57.589813323470899, -2.962405747254205 ], [ -57.589115104826163, -2.962429546125025 ], [ -57.588422518252401, -2.962523534914289 ], [ -57.587742232824525, -2.96268680847575 ], [ -57.587080799216089, -2.962917794425167 ], [ -57.586444586645264, -2.963214268282014 ], [ -57.585839721564504, -2.963573374890938 ], [ -57.585272028683491, -2.963991655916491 ], [ -57.584746974892013, -2.964465083146683 ], [ -57.584269616622521, -2.964989097284344 ], [ -57.583844551158677, -2.965558651853194 ], [ -57.583475872358498, -2.966168261795476 ], [ -57.583167131218936, -2.966812056293986 ], [ -57.582921301661699, -2.967483835308415 ], [ -57.582740751870695, -2.968177129283486 ], [ -57.582627221457763, -2.968885261452556 ], [ -57.582581804677801, -2.969601412137143 ] ] ] } },
{ "type": "Feature", "properties": { "porto": "Borba", "classe": "IP4 (pequeno porte)", "tipo": "IP4", "estado": "AM", "cidade": "Borba", "fonte": "envelope estimado (800 m)", "osm_id": null, "osm_nome": null, "area_km2": 2.0073910339493457 }, "geometry": { "type": "Polygon", "coordinates": [ [ [ -59.586114268745, -4.385469332997315 ], [ -59.586146940223955, -4.386180775622178 ], [ -59.586248490879782, -4.386885555061651 ], [ -59.586417943646659, -4.387576883876969 ], [ -59.586653667453092, -4.388248104148627 ], [ -59.586953392897314, -4.388892751597447 ], [ -59.587314234074078, -4.389504617841707 ], [ -59.587732716343972, -4.390077810189704 ], [ -59.588204809778404, -4.390606808393197 ], [ -59.5887259679591, -4.391086517814037 ], [ -59.589291171758774, -4.39151231849161 ], [ -59.589894977681475, -4.391880109639802 ], [ -59.590531570296996, -4.392186349142954 ], [ -59.591194818263872, -4.392428087671961 ], [ -59.591878333400871, -4.392602997090726 ], [ -59.592575532237184, -4.392709392879707 ], [ -59.593279699447301, -4.392746250360705 ], [ -59.593984052558667, -4.39271321456591 ], [ -59.594681807307389, -4.392610603657113 ], [ -59.595366243011227, -4.392439405861159 ], [ -59.596030767328905, -4.392201269951665 ], [ -59.596668979780681, -4.391898489368662 ], [ -59.597274733417215, -4.391533980129378 ], [ -59.597842194041597, -4.391111252742413 ], [ -59.598365896413526, -4.390634378396137 ], [ -59.598840796893484, -4.390107949747571 ], [ -59.599262322019527, -4.389537036688958 ], [ -59.599626412548787, -4.388927137518007 ], [ -59.599929562539664, -4.388284125982762 ], [ -59.600168853098715, -4.387614194711033 ], [ -59.600341980467803, -4.386923795568915 ], [ -59.600447278182145, -4.386219577523675 ], [ -59.600483733086691, -4.385508322608539 ], [ -59.60045099505809, -4.384796880606988 ], [ -59.600349380339686, -4.384092103085419 ], [ -59.6001798684592, -4.383400777408908 ], [ -59.599944092759813, -4.382729561376276 ], [ -59.599644324637552, -4.382084919103858 ], [ -59.599283451637696, -4.381473058774504 ], [ -59.59886494962263, -4.380899872852491 ], [ -59.598392849279747, -4.380370881339147 ], [ -59.59787169729281, -4.379891178615593 ], [ -59.597306512551086, -4.379465384384951 ], [ -59.596702737818113, -4.379097599185697 ], [ -59.596066187325512, -4.378791364904798 ], [ -59.595402990795996, -4.378549630670697 ], [ -59.594719534434063, -4.378374724454478 ], [ -59.594022399451866, -4.378268330652527 ], [ -59.593318298721002, -4.378231473866778 ], [ -59.592614012159288, -4.378264509038263 ], [ -59.591916321473143, -4.378367118029157 ], [ -59.591231944882914, -4.378538312686352 ], [ -59.590567472458176, -4.378776444356805 ], [ -59.589929302684453, -4.379079219763355 ], [ -59.589323580871017, -4.379443723087751 ], [ -59.588756139991794, -4.379866444048765 ], [ -59.588232444528309, -4.380343311704908 ], [ -59.587757537854586, -4.380869733656156 ], [ -59.587335993670614, -4.38144064026782 ], [ -59.586971871951626, -4.382050533489867 ], [ -59.586668679837814, -4.382693539802826 ], [ -59.586429337841416, -4.383363466779631 ], [ -59.586256151697242, -4.384053862719221 ], [ -59.586150790128805, -4.38475807877738 ], [ -59.586114268745, -4.385469332997315 ] ] ] } },
{ "type": "Feature", "properties": { "porto": "Breves", "classe": "IP4 (pequeno porte)", "tipo": "IP4", "estado": "PA", "cidade": "Breves", "fonte": "envelope estimado (800 m)", "osm_id": null, "osm_nome": null, "area_km2": 2.0073910339493608 }, "geometry": { "type": "Polygon", "coordinates": [ [ [ -50.491852451671626, -1.672877816885691 ], [ -50.491842950885605, -1.673600730576606 ], [ -50.491901404044981, -1.674321131893543 ], [ -50.492027249130082, -1.675032082971719 ], [ -50.492219275052058, -1.675726736950076 ], [ -50.492475633282986, -1.676398403910951 ], [ -50.492793855627973, -1.677040615308211 ], [ -50.493170877969291, -1.677647186264057 ], [ -50.493603069754776, -1.678212275133857 ], [ -50.494086268947555, -1.678730439765818 ], [ -50.494615822100748, -1.679196689913125 ], [ -50.495186629171712, -1.679606535294468 ], [ -50.495793192644292, -1.679956028839132 ], [ -50.496429670485597, -1.680241804700995 ], [ -50.497089932427073, -1.680461110674532 ], [ -50.497767619026831, -1.680611834701265 ], [ -50.49845620294375, -1.680692525210879 ], [ -50.499149051831914, -1.680702405101229 ], [ -50.499839492248626, -1.68064137922248 ], [ -50.500520873958941, -1.680510035293577 ], [ -50.501186634016364, -1.680309638242112 ], [ -50.501830360000923, -1.680042118021472 ], [ -50.502445851804524, -1.679710051023861 ], [ -50.503027181367365, -1.679316635267208 ], [ -50.503568749788961, -1.678865659595044 ], [ -50.504065341263257, -1.678361467186829 ], [ -50.504512173317579, -1.677808913729143 ], [ -50.504904942871406, -1.677213320651384 ], [ -50.505239867671413, -1.676580423875922 ], [ -50.505513722703846, -1.675916318576988 ], [ -50.505723871234132, -1.675227400479101 ], [ -50.505868290175506, -1.674520304262106 ], [ -50.505945589543309, -1.673801839664483 ], [ -50.505955025808667, -1.67307892590144 ], [ -50.505896509024247, -1.672358525028574 ], [ -50.50577060365481, -1.671647574893619 ], [ -50.505578523105896, -1.67095292232142 ], [ -50.505322118004699, -1.670281257175535 ], [ -50.505003858347322, -1.669639047932349 ], [ -50.504626809685391, -1.669032479386946 ], [ -50.504194603582533, -1.668467393091293 ], [ -50.503711402625854, -1.667949231098277 ], [ -50.50318186033001, -1.667482983553249 ], [ -50.502611076320406, -1.667073140637583 ], [ -50.50200454722696, -1.666723649327155 ], [ -50.50136811376138, -1.666437875382345 ], [ -50.500707904486916, -1.666218570934902 ], [ -50.500030276821455, -1.666067847984679 ], [ -50.499341755841336, -1.665987158060653 ], [ -50.498648971473834, -1.665977278242465 ], [ -50.49795859468216, -1.666038303677159 ], [ -50.497277273256181, -1.666169646662824 ], [ -50.496611567825703, -1.666370042308148 ], [ -50.495967888711412, -1.666637560713798 ], [ -50.495352434220194, -1.666969625557285 ], [ -50.494771130977981, -1.667363038903512 ], [ -50.494229576873749, -1.667814012001563 ], [ -50.493732987163348, -1.668318201770832 ], [ -50.493286144251684, -1.668870752626205 ], [ -50.492893351636496, -1.669466343238337 ], [ -50.492558392457354, -1.670099237779496 ], [ -50.492284493049191, -1.67076334116143 ], [ -50.492074291851907, -1.671452257733204 ], [ -50.49192981397622, -1.672159352873706 ], [ -50.491852451671626, -1.672877816885691 ] ] ] } },
{ "type": "Feature", "properties": { "porto": "Cacau Pereira", "classe": "IP4 (pequeno porte)", "tipo": "IP4", "estado": "AM", "cidade": "Iranduba", "fonte": "envelope estimado (800 m)", "osm_id": null, "osm_nome": null, "area_km2": 2.0073910339493457 }, "geometry": { "type": "Polygon", "coordinates": [ [ [ -60.085146442779411, -3.154135280461244 ], [ -60.085181156967252, -3.154851331143275 ], [ -60.085284180058814, -3.155560443459614 ], [ -60.085454520791508, -3.156255788250629 ], [ -60.085690539525807, -3.15693066893259 ], [ -60.085989964003815, -3.157578585990854 ], [ -60.086349911204216, -3.158193299575515 ], [ -60.086766915084297, -3.158768889596399 ], [ -60.087236959942665, -3.159299812739403 ], [ -60.087755519082194, -3.15978095585423 ], [ -60.088317598400948, -3.160207685199361 ], [ -60.088917784491834, -3.160575891070441 ], [ -60.089550296787202, -3.16088202738133 ], [ -60.090209043246091, -3.161123145817462 ], [ -60.09088767904705, -3.161296924231712 ], [ -60.09157966772036, -3.161401689009757 ], [ -60.092278344130015, -3.161436431189056 ], [ -60.092976978697436, -3.161400816176579 ], [ -60.093668842247233, -3.161295186971429 ], [ -60.094347270849042, -3.161120560861086 ], [ -60.095005730029733, -3.160878619623995 ], [ -60.095637877735932, -3.160571693331303 ], [ -60.096237625439677, -3.160202737905659 ], [ -60.096799196797242, -3.159775306651899 ], [ -60.097317183295687, -3.159293516034248 ], [ -60.09778659635024, -3.158762006029995 ], [ -60.098202915350662, -3.158185895441176 ], [ -60.09856213119356, -3.15757073259537 ], [ -60.098860784881623, -3.156922441909072 ], [ -60.099096000818449, -3.156247266830491 ], [ -60.099265514478979, -3.155551709709238 ], [ -60.09936769418993, -3.154842469173816 ], [ -60.099401556811593, -3.154126375618493 ], [ -60.099366777171134, -3.153410325422411 ], [ -60.099263691157965, -3.152701214533282 ], [ -60.099093292452729, -3.152005872056009 ], [ -60.09885722292281, -3.151330994485287 ], [ -60.098557756778149, -3.150683081216229 ], [ -60.098197778641293, -3.150068371953226 ], [ -60.097780755743827, -3.149492786620239 ], [ -60.097310704517938, -3.148961868351215 ], [ -60.096792151905504, -3.148480730109285 ], [ -60.096230091757597, -3.148054005448551 ], [ -60.095629936744579, -3.147685803893501 ], [ -60.094997466239818, -3.147379671364262 ], [ -60.094338770678263, -3.147138556030157 ], [ -60.093660192925448, -3.146964779919069 ], [ -60.092968267220286, -3.146860016556827 ], [ -60.09226965627898, -3.146825274851615 ], [ -60.091571087164191, -3.146860889378142 ], [ -60.090879286536001, -3.146966517156065 ], [ -60.090200915906713, -3.1471411409527 ], [ -60.089542507521642, -3.14738307907857 ], [ -60.088910401482082, -3.147690001582055 ], [ -60.088310684714813, -3.148058952686025 ], [ -60.087749132374633, -3.148486379251905 ], [ -60.087231152243696, -3.14896816499549 ], [ -60.086761732662062, -3.149499670126897 ], [ -60.086345394490792, -3.150075776031269 ], [ -60.085986147570026, -3.150690934561112 ], [ -60.085687452091356, -3.151339221465726 ], [ -60.085452185257182, -3.152014393442331 ], [ -60.085282613548522, -3.152709948260353 ], [ -60.085180370869423, -3.153419187379957 ], [ -60.085146442779411, -3.154135280461244 ] ] ] } },
{ "type": "Feature", "properties": { "porto": "Porto Velho  Cai N Água", "classe": "IP4 (pequeno porte)", "tipo": "IP4", "estado": "RO", "cidade": "Porto Velho", "fonte": "envelope estimado (800 m)", "osm_id": null, "osm_nome": null, "area_km2": 2.0073910339493422 }, "geometry": { "type": "Polygon", "coordinates": [ [ [ -63.896603671456731, -8.762183092328208 ], [ -63.896657949319028, -8.762878701807784 ], [ -63.896782936420095, -8.763565848478548 ], [ -63.896977430026006, -8.764237914679303 ], [ -63.897239557931179, -8.764888427948639 ], [ -63.897566796455244, -8.765511123362504 ], [ -63.897955994718387, -8.766100003873277 ], [ -63.898403404962806, -8.766649398070721 ], [ -63.898904718628899, -8.767154014806907 ], [ -63.899455107839671, -8.767608994160247 ], [ -63.900049271893948, -8.768009954245976 ], [ -63.90068148832092, -8.768353033423404 ], [ -63.901345668003891, -8.76863492749248 ], [ -63.902035413842135, -8.768852921520955 ], [ -63.902744082384821, -8.769004915996165 ], [ -63.903464847842692, -8.76908944704874 ], [ -63.90419076785961, -8.769105700553451 ], [ -63.904914850409341, -8.769053519971418 ], [ -63.905630121171797, -8.768933407858096 ], [ -63.906329690738332, -8.768746521022189 ], [ -63.907006820997381, -8.768494659382661 ], [ -63.907654990059832, -8.768180248630635 ], [ -63.908267955097315, -8.767806316863965 ], [ -63.908839812487393, -8.767376465419167 ], [ -63.909365054685317, -8.766894834182041 ], [ -63.909838623274105, -8.766366061711448 ], [ -63.910255957681777, -8.765795240560047 ], [ -63.91061303909617, -8.765187868223368 ], [ -63.910906429155084, -8.764549794188978 ], [ -63.911133303039264, -8.763887163596801 ], [ -63.91129147665054, -8.763206358052445 ], [ -63.911379427614392, -8.762513934164877 ], [ -63.911396309905605, -8.761816560399486 ], [ -63.91134196195803, -8.76112095285546 ], [ -63.911216908181252, -8.760433810585718 ], [ -63.911022353871516, -8.759761751082475 ], [ -63.910760173567219, -8.759111246549633 ], [ -63.910432892962405, -8.758488561575611 ], [ -63.910043664553989, -8.757899692806724 ], [ -63.909596237258299, -8.757350311202082 ], [ -63.909094920290165, -8.756845707425605 ], [ -63.908544541653498, -8.756390740900871 ], [ -63.907950401643099, -8.755989793019697 ], [ -63.907318221805802, -8.755646724953628 ], [ -63.906654089852168, -8.755364840475888 ], [ -63.905964401048728, -8.755146854149991 ], [ -63.905255796654473, -8.754994865192639 ], [ -63.904535099993495, -8.754910337261173 ], [ -63.903809250778089, -8.754894084360908 ], [ -63.903085238313651, -8.754946263007412 ], [ -63.902370034226891, -8.755066370719653 ], [ -63.901670525364196, -8.755253250858102 ], [ -63.900993447504263, -8.755505103761104 ], [ -63.900345320522568, -8.755819504073306 ], [ -63.899732385630337, -8.756193424098074 ], [ -63.899160545291537, -8.756623262950077 ], [ -63.898635306395676, -8.757104881227486 ], [ -63.898161727232775, -8.757633640869466 ], [ -63.897744368781225, -8.758204449816352 ], [ -63.89738725077715, -8.758811811041644 ], [ -63.897093812988899, -8.7594498754847 ], [ -63.896866882069929, -8.760112498374328 ], [ -63.896708644310195, -8.760793298400786 ], [ -63.89662062454947, -8.761485719167233 ], [ -63.896603671456731, -8.762183092328208 ] ] ] } },
{ "type": "Feature", "properties": { "porto": "Canutama", "classe": "IP4 (pequeno porte)", "tipo": "IP4", "estado": "AM", "cidade": "Canutama", "fonte": "envelope estimado (800 m)", "osm_id": null, "osm_nome": null, "area_km2": 2.0073910339493422 }, "geometry": { "type": "Polygon", "coordinates": [ [ [ -64.37571426397318, -6.535837647873292 ], [ -64.375769984129306, -6.536540101926211 ], [ -64.375895324930113, -6.537233790476931 ], [ -64.376089080204622, -6.537912032876697 ], [ -64.376349384828501, -6.538568297206646 ], [ -64.37667373265387, -6.539196263186542 ], [ -64.377059000616839, -6.53978988304624 ], [ -64.377501478791899, -6.540343439773369 ], [ -64.37799690610457, -6.540851602176298 ], [ -64.37854051135902, -6.541309476231784 ], [ -64.379127059185564, -6.541712652222313 ], [ -64.379750900466291, -6.542057247209644 ], [ -64.380406026752055, -6.542339942434738 ], [ -64.38108612814716, -6.542558015283872 ], [ -64.381784654102788, -6.542709365512812 ], [ -64.382494876533173, -6.542792535476627 ], [ -64.383209954645324, -6.542806724169859 ], [ -64.383923000856612, -6.542751794941967 ], [ -64.384627147163897, -6.542628276813422 ], [ -64.385315611323861, -6.542437359380276 ], [ -64.385981762205375, -6.542180881355782 ], [ -64.386619183683422, -6.541861312859649 ], [ -64.387221736457874, -6.541481731625719 ], [ -64.387783617200654, -6.541045793357557 ], [ -64.388299414460988, -6.540557696516685 ], [ -64.388764160789506, -6.540022141884203 ], [ -64.389173380579024, -6.539444287283858 ], [ -64.389523133161191, -6.538829697904377 ], [ -64.389810050744117, -6.538184292698197 ], [ -64.390031370826179, -6.53751428737447 ], [ -64.390184962774612, -6.536826134533889 ], [ -64.390269348313907, -6.536126461523923 ], [ -64.390283715727861, -6.53542200661122 ], [ -64.390227927639856, -6.534719554087268 ], [ -64.390102522297823, -6.534025868931767 ], [ -64.389908708353047, -6.533347631662994 ], [ -64.389648353184484, -6.532691374002644 ], [ -64.389323964882465, -6.532063415974656 ], [ -64.388938668066359, -6.531469805043538 ], [ -64.388496173770463, -6.530916257878586 ], [ -64.388000743688792, -6.530408105303949 ], [ -64.387457149123605, -6.529950240965187 ], [ -64.386870625033751, -6.529547074206417 ], [ -64.386246819625029, -6.529202487611062 ], [ -64.385591739967978, -6.528919799615663 ], [ -64.384911694166419, -6.528701732556166 ], [ -64.384213230632739, -6.528550386454272 ], [ -64.383503075053824, -6.528467218796294 ], [ -64.382788065653628, -6.528453030499154 ], [ -64.382075087374247, -6.528507958198103 ], [ -64.381371005608173, -6.528631472931456 ], [ -64.38068260011849, -6.52882238523358 ], [ -64.380016499781647, -6.529078856588477 ], [ -64.379379118780264, -6.529398417132738 ], [ -64.378776594858962, -6.529777989438035 ], [ -64.378214730237005, -6.530213918144019 ], [ -64.377698935745656, -6.53070200515659 ], [ -64.377234178727889, -6.531237550072367 ], [ -64.376824935201668, -6.531815395440944 ], [ -64.376475146747495, -6.532429976428491 ], [ -64.376188182535842, -6.533075374404925 ], [ -64.375966806860248, -6.533745373939049 ], [ -64.375813152489883, -6.534433522652567 ], [ -64.375728700099117, -6.535133193356654 ], [ -64.37571426397318, -6.535837647873292 ] ] ] } },
{ "type": "Feature", "properties": { "porto": "Caracaraí", "classe": "IP4 (pequeno porte)", "tipo": "IP4", "estado": "RR", "cidade": "Caracaraí", "fonte": "OSM (área portuária mapeada)", "osm_id": "way/1465205061", "osm_nome": "Porto de Caracaraí", "area_km2": 0.0088752825992928792 }, "geometry": { "type": "Polygon", "coordinates": [ [ [ -61.1256373, 1.8193127 ], [ -61.1257902, 1.819377699999983 ], [ -61.1261621, 1.819544700000041 ], [ -61.1257719, 1.820341 ], [ -61.1253785, 1.8201395 ], [ -61.1250566, 1.8196199 ], [ -61.1253682, 1.819188199999977 ], [ -61.1256373, 1.8193127 ] ] ] } },
{ "type": "Feature", "properties": { "porto": "Carauari", "classe": "IP4 (pequeno porte)", "tipo": "IP4", "estado": "AM", "cidade": "Carauari", "fonte": "envelope estimado (800 m)", "osm_id": null, "osm_nome": null, "area_km2": 2.0073910339493906 }, "geometry": { "type": "Polygon", "coordinates": [ [ [ -66.887797317413288, -4.881279371749695 ], [ -66.887864121666937, -4.881986577315375 ], [ -66.887999630469167, -4.882683799123441 ], [ -66.888202539693779, -4.883364322506448 ], [ -66.888470896023335, -4.884021593593354 ], [ -66.888802115729632, -4.884649282428972 ], [ -66.889193009529805, -4.885241343937949 ], [ -66.88963981328007, -4.885792076145389 ], [ -66.890138224211867, -4.886296175093945 ], [ -66.89068344236243, -4.886748785927824 ], [ -66.89127021680072, -4.887145549651781 ], [ -66.891892896203856, -4.887482645114769 ], [ -66.892545483296317, -4.887756825813426 ], [ -66.893221692627492, -4.887965451161204 ], [ -66.893915011130247, -4.888106511921723 ], [ -66.894618760875943, -4.888178649560876 ], [ -66.895326163421004, -4.888181169332041 ], [ -66.896030405123426, -4.888114046967698 ], [ -66.896724702799105, -4.887977928913089 ], [ -66.897402369084247, -4.88777412609996 ], [ -66.898056876872744, -4.887504601319857 ], [ -66.898681922206933, -4.887171950319142 ], [ -66.89927148501468, -4.886779376797738 ], [ -66.899819887106844, -4.88633066155219 ], [ -66.900321846875826, -4.885830126060744 ], [ -66.900772530167856, -4.885282590861225 ], [ -66.901167596838818, -4.884693329122331 ], [ -66.901503242545161, -4.884068015856172 ], [ -66.901776235367819, -4.883412673260976 ], [ -66.901983946916914, -4.882733612720563 ], [ -66.90212437761835, -4.882037374019257 ], [ -66.902196175940091, -4.881330662358066 ], [ -66.90219865137378, -4.880620283778217 ], [ -66.902131781048325, -4.879913079614387 ], [ -66.901996209912895, -4.879215860609015 ], [ -66.901793244489113, -4.87853534132177 ], [ -66.901524840254098, -4.877878075466392 ], [ -66.901193582777083, -4.877250392796973 ], [ -66.900802662792373, -4.876658338151958 ], [ -66.900355845450079, -4.876107613242343 ], [ -66.899857434041039, -4.875603521745142 ], [ -66.899312228546407, -4.875150918229765 ], [ -66.898725479410786, -4.874754161410141 ], [ -66.898102836984776, -4.874417072172115 ], [ -66.897450297122873, -4.874142896779727 ], [ -66.89677414346059, -4.873934275615632 ], [ -66.896080886925802, -4.873793217755456 ], [ -66.895377203065692, -4.873721081621842 ], [ -66.894669867791933, -4.87371856190354 ], [ -66.893965692161316, -4.873785682866041 ], [ -66.893271456818837, -4.873921798117973 ], [ -66.892593846732879, -4.874125596835334 ], [ -66.891939386849828, -4.8743951163839 ], [ -66.891314379286385, -4.874727761218396 ], [ -66.890724842663161, -4.8751203278759 ], [ -66.890176454163026, -4.875569035823631 ], [ -66.889674494871286, -4.87606956386373 ], [ -66.889223798923339, -4.876617091744731 ], [ -66.888828706949667, -4.877206346579248 ], [ -66.888493024266197, -4.877831653620462 ], [ -66.888219984212995, -4.878486990909382 ], [ -66.888012216995008, -4.879166047266103 ], [ -66.88787172432562, -4.879862283067073 ], [ -66.887799860118292, -4.8805689932227 ], [ -66.887797317413288, -4.881279371749695 ] ] ] } },
{ "type": "Feature", "properties": { "porto": "Careiro da Várzea", "classe": "IP4 (pequeno porte)", "tipo": "IP4", "estado": "AM", "cidade": "Careiro da Várzea", "fonte": "envelope estimado (800 m)", "osm_id": null, "osm_nome": null, "area_km2": 2.0073910339493457 }, "geometry": { "type": "Polygon", "coordinates": [ [ [ -59.861470816879404, -3.189553488934727 ], [ -59.861504506638809, -3.190269451821031 ], [ -59.86160653081248, -3.190978581120853 ], [ -59.861775907759174, -3.191674047510833 ], [ -59.862011007122845, -3.192349153236043 ], [ -59.862309565501747, -3.192997396614304 ], [ -59.86266870821801, -3.19361253465241 ], [ -59.863084976979209, -3.194188643172069 ], [ -59.863554363166365, -3.194720173865013 ], [ -59.864072346428543, -3.19520200772926 ], [ -59.86463393821257, -3.1956295043701 ], [ -59.86523372980912, -3.195998546692939 ], [ -59.865865944451997, -3.196305580555369 ], [ -59.866524492968708, -3.196547648998204 ], [ -59.867203032445509, -3.196722420724636 ], [ -59.867895027341305, -3.196828212553536 ], [ -59.868593812460553, -3.196864005630993 ], [ -59.869292657177589, -3.196829455242916 ], [ -59.869984830292445, -3.196724894135323 ], [ -59.870663664892263, -3.196551329309441 ], [ -59.871322622592231, -3.196310432323066 ], [ -59.87195535653585, -3.196004523190962 ], [ -59.872555772546917, -3.195636548040506 ], [ -59.87311808784289, -3.195210050736503 ], [ -59.873636886743483, -3.194729138749302 ], [ -59.874107172837228, -3.19419844359533 ], [ -59.874524417103274, -3.193623076230016 ], [ -59.87488460152489, -3.193008577823904 ], [ -59.875184257774535, -3.192360866395463 ], [ -59.875420500598707, -3.191686179815046 ], [ -59.875591055581417, -3.190991015728429 ], [ -59.875694281019953, -3.190282068979491 ], [ -59.875729183703278, -3.189566167133598 ], [ -59.875695428442334, -3.1888502047239 ], [ -59.875593341261919, -3.18814107685288 ], [ -59.875423906224604, -3.18744561278884 ], [ -59.875188755918799, -3.186770510197359 ], [ -59.874890155703937, -3.186122270640237 ], [ -59.874530981865639, -3.185507136963803 ], [ -59.874114693892302, -3.1849310331787 ], [ -59.873645301141231, -3.184399507411265 ], [ -59.873127324215616, -3.183917678474262 ], [ -59.872565751425107, -3.183490186573001 ], [ -59.871965990749132, -3.183121148619901 ], [ -59.871333817765617, -3.182814118589478 ], [ -59.870675320046104, -3.182572053293673 ], [ -59.869996838552247, -3.182397283908371 ], [ -59.869304906596874, -3.182291493524651 ], [ -59.868606186956768, -3.182255700940968 ], [ -59.867907407741278, -3.182290250852388 ], [ -59.867215297633159, -3.182394810531231 ], [ -59.866536521123969, -3.182568373031155 ], [ -59.865877614366134, -3.182809266883802 ], [ -59.865244922258469, -3.183115172194766 ], [ -59.864644537369443, -3.183483142983533 ], [ -59.864082241285608, -3.183909635553031 ], [ -59.863563448948931, -3.184390542614655 ], [ -59.86309315651863, -3.184921232841416 ], [ -59.862675893259045, -3.185496595467118 ], [ -59.862315677916868, -3.186111089503492 ], [ -59.862015980007861, -3.186758797099925 ], [ -59.861779686386491, -3.187433480533313 ], [ -59.86160907342083, -3.188128642278817 ], [ -59.861505785041871, -3.188837587582593 ], [ -59.861470816879404, -3.189553488934727 ] ] ] } },
{ "type": "Feature", "properties": { "porto": "Coari", "classe": "IP4 (pequeno porte)", "tipo": "IP4", "estado": "AM", "cidade": "Coari", "fonte": "envelope estimado (800 m)", "osm_id": null, "osm_nome": null, "area_km2": 2.0073910339493422 }, "geometry": { "type": "Polygon", "coordinates": [ [ [ -63.135430970047359, -4.082738695240321 ], [ -63.1354800452172, -4.083450303030685 ], [ -63.135597690595617, -4.084153605316452 ], [ -63.135782774098352, -4.084841828882377 ], [ -63.136033514096134, -4.085508345713502 ], [ -63.136347496540957, -4.086146736828228 ], [ -63.136721698187252, -4.086750854098941 ], [ -63.137152515685102, -4.087314879464636 ], [ -63.137635800266594, -4.087833380965061 ], [ -63.138166897691384, -4.08830136505701 ], [ -63.138740693067554, -4.088714324708214 ], [ -63.139351660115885, -4.089068282805984 ], [ -63.139993914403114, -4.089359830462394 ], [ -63.140661270030975, -4.089586159846512 ], [ -63.141347299234226, -4.089745091228154 ], [ -63.142045394313122, -4.089835093971926 ], [ -63.142748831302193, -4.089855301279478 ], [ -63.143450834761481, -4.089805518538306 ], [ -63.14414464306455, -4.089686225195951 ], [ -63.144823573553026, -4.089498570142466 ], [ -63.145481086929159, -4.089244360644559 ], [ -63.146110850264492, -4.088926044938966 ], [ -63.146706798016936, -4.088546688652267 ], [ -63.147263190467484, -4.088109945274429 ], [ -63.147774669012747, -4.087620020970586 ], [ -63.148236307780536, -4.087081634069978 ], [ -63.148643661070714, -4.086499969622345 ], [ -63.148992806164649, -4.085880629459707 ], [ -63.149280381090925, -4.085229578244327 ], [ -63.149503616984283, -4.08455308602271 ], [ -63.14966036472677, -4.083857667839101 ], [ -63.149749115615457, -4.083150020989993 ], [ -63.149769015858922, -4.082436960523849 ], [ -63.149719874764031, -4.081725353607855 ], [ -63.149602166535658, -4.081022053392917 ], [ -63.149417025673337, -4.080333833014564 ], [ -63.149166236010615, -4.079667320365358 ], [ -63.148852213504114, -4.079028934266175 ], [ -63.148477982938964, -4.07842482265193 ], [ -63.148047148776378, -4.077860803366172 ], [ -63.147563860424704, -4.077342308135538 ], [ -63.147032772269185, -4.076874330262327 ], [ -63.146458998845517, -4.076461376539716 ], [ -63.145848065589306, -4.076107423852672 ], [ -63.145205855635176, -4.075815880881133 ], [ -63.144538553177725, -4.075589555276045 ], [ -63.143852583938866, -4.075430626622284 ], [ -63.14315455331397, -4.075340625450527 ], [ -63.142451182791554, -4.075320418498598 ], [ -63.141749245257287, -4.075370200365451 ], [ -63.141055499804182, -4.075489491636993 ], [ -63.140376626675298, -4.075677143502856 ], [ -63.139719162964106, -4.075931348818843 ], [ -63.139089439690451, -4.076249659508845 ], [ -63.138493520856869, -4.07662901013911 ], [ -63.137937145071056, -4.077065747437061 ], [ -63.137425670295961, -4.077555665471078 ], [ -63.136964022258908, -4.078094046152985 ], [ -63.136556647016228, -4.078675704671986 ], [ -63.136207468130188, -4.079295039423901 ], [ -63.135919848870806, -4.079946085954393 ], [ -63.13569655980703, -4.08062257439703 ], [ -63.135539752100151, -4.081317989852692 ], [ -63.135450936757472, -4.082025635129852 ], [ -63.135430970047359, -4.082738695240321 ] ] ] } },
{ "type": "Feature", "properties": { "porto": "Codajás", "classe": "IP4 (pequeno porte)", "tipo": "IP4", "estado": "AM", "cidade": "Codajás", "fonte": "envelope estimado (800 m)", "osm_id": null, "osm_nome": null, "area_km2": 2.007391033949335 }, "geometry": { "type": "Polygon", "coordinates": [ [ [ -62.054840211801036, -3.844148948647727 ], [ -62.054884207316881, -3.844861799163124 ], [ -62.054996723256131, -3.845566830521766 ], [ -62.05517667693546, -3.846257252859348 ], [ -62.05542233613285, -3.846926416989128 ], [ -62.055731335738002, -3.847567878438928 ], [ -62.05610070050183, -3.848175459516894 ], [ -62.056526873667238, -3.848743308808764 ], [ -62.057005751206177, -3.849265957533141 ], [ -62.057532721333985, -3.849738372211822 ], [ -62.058102708920813, -3.850156003148466 ], [ -62.058710224372419, -3.850514828247835 ], [ -62.059349416509619, -3.850811391753748 ], [ -62.060014128936544, -3.851042837533047 ], [ -62.060697959354123, -3.851206936583806 ], [ -62.061394321246745, -3.851302108504326 ], [ -62.062096507346894, -3.851327436714391 ], [ -62.062797754265205, -3.851282677283422 ], [ -62.063491307662247, -3.851168261279882 ], [ -62.064170487332966, -3.850985290619519 ], [ -62.06482875157554, -3.850735527452075 ], [ -62.065459760223476, -3.850421377189487 ], [ -62.06605743573261, -3.850045865338005 ], [ -62.066616021733694, -3.849612608358438 ], [ -62.067130138485837, -3.849125778834806 ], [ -62.067594834696017, -3.848590065286758 ], [ -62.068005635205324, -3.848010627013317 ], [ -62.068358584082624, -3.847393044402832 ], [ -62.068650282710692, -3.846743265187557 ], [ -62.06887792249853, -3.84606754716102 ], [ -62.069039311905634, -3.845372397909425 ], [ -62.0691328975186, -3.844664512138188 ], [ -62.0691577789786, -3.843950707196688 ], [ -62.069113717616823, -3.843237857422674 ], [ -62.069001138716395, -3.842532827938308 ], [ -62.068821127380211, -3.841842408535937 ], [ -62.068575418045995, -3.841173248289405 ], [ -62.068266377750795, -3.840531791521762 ], [ -62.067896983307392, -3.83992421574489 ], [ -62.067470792613442, -3.839356372169302 ], [ -62.066991910370589, -3.838833729356821 ], [ -62.066464948544301, -3.838361320558377 ], [ -62.065894981945377, -3.837943695244287 ], [ -62.06528749936151, -3.837584875293846 ], [ -62.064648350708801, -3.83728831626527 ], [ -62.063983690712035, -3.837056874119752 ], [ -62.063299919655428, -3.836892777719427 ], [ -62.062603621773363, -3.836797607364252 ], [ -62.061901501873471, -3.83677227957426 ], [ -62.061200320801092, -3.836817038263898 ], [ -62.06050683036522, -3.836931452393162 ], [ -62.059827708351357, -3.837114420118363 ], [ -62.059169494245594, -3.837364179402439 ], [ -62.058538526287705, -3.837678324982942 ], [ -62.057940880458176, -3.838053831533328 ], [ -62.057382311985634, -3.83848708279658 ], [ -62.056868199937391, -3.838973906408365 ], [ -62.056403495425698, -3.83950961407616 ], [ -62.055992673928493, -3.840089046727015 ], [ -62.055639692183441, -3.84070662418857 ], [ -62.055347950070889, -3.84135639892651 ], [ -62.05512025785287, -3.842032113319332 ], [ -62.054958809084823, -3.842727259920426 ], [ -62.054865159461293, -3.843435144126333 ], [ -62.054840211801036, -3.844148948647727 ] ] ] } },
{ "type": "Feature", "properties": { "porto": "Colares", "classe": "IP4 (pequeno porte)", "tipo": "IP4", "estado": "PA", "cidade": "Colares", "fonte": "envelope estimado (800 m)", "osm_id": null, "osm_nome": null, "area_km2": 2.0073910339493608 }, "geometry": { "type": "Polygon", "coordinates": [ [ [ -48.281793572557554, -0.929258030983427 ], [ -48.281774051713853, -0.929983908894916 ], [ -48.281822194788084, -0.930708303070762 ], [ -48.281937539047924, -0.931424237196134 ], [ -48.282118974534349, -0.932124816427143 ], [ -48.282364754717754, -0.932803293792021 ], [ -48.28267251328753, -0.933453135168868 ], [ -48.283039286914502, -0.934068082212779 ], [ -48.283461543768091, -0.934642212628521 ], [ -48.283935217514447, -0.935169997205602 ], [ -48.284455746468545, -0.935646353068611 ], [ -48.285018117523762, -0.936066692629156 ], [ -48.2856169144357, -0.936426967767133 ], [ -48.286246369995304, -0.936723708817638 ], [ -48.28690042158815, -0.936954057986051 ], [ -48.287572769604374, -0.937115796871096 ], [ -48.288256938135532, -0.93720736782958 ], [ -48.288946337373119, -0.937227888977732 ], [ -48.289634327106221, -0.937177162684495 ], [ -48.290314280705751, -0.937055677474755 ], [ -48.29097964897754, -0.93686460332454 ], [ -48.291624023268092, -0.936605780393353 ], [ -48.292241197213876, -0.936281701301746 ], [ -48.292825226538412, -0.935895487125701 ], [ -48.293370486320214, -0.935450857338108 ], [ -48.293871725179187, -0.934952093987627 ], [ -48.29432411585919, -0.934404000459326 ], [ -48.294723301719074, -0.933811855214663 ], [ -48.295065438684631, -0.933181360956277 ], [ -48.295347232257448, -0.932518589706742 ], [ -48.295565969224697, -0.931829924331449 ], [ -48.295719543765365, -0.931121997067147 ], [ -48.295806477702129, -0.930401625649549 ], [ -48.295825934705157, -0.929675747654487 ], [ -48.295777728312153, -0.928951353684863 ], [ -48.295662323688759, -0.928235420047585 ], [ -48.29548083311375, -0.92753484156775 ], [ -48.295235005233714, -0.926856365188294 ], [ -48.294927208192242, -0.926206524993314 ], [ -48.294560406796961, -0.925591579282128 ], [ -48.294138133945552, -0.925017450298923 ], [ -48.293664456586662, -0.92448966719907 ], [ -48.293143936544141, -0.924013312801145 ], [ -48.292581586582152, -0.923592974637405 ], [ -48.291982822134479, -0.923232700774092 ], [ -48.291353409162603, -0.922935960827291 ], [ -48.290699408644322, -0.922705612549059 ], [ -48.290027118226746, -0.922543874306511 ], [ -48.289343011604807, -0.922452303718235 ], [ -48.2886536762079, -0.922431782653624 ], [ -48.287965749793564, -0.922482508740689 ], [ -48.287285856557588, -0.922603993462369 ], [ -48.286620543374397, -0.922795066861342 ], [ -48.285976216780469, -0.923053888807123 ], [ -48.285359081306375, -0.923377966716881 ], [ -48.284775079750155, -0.9237641795602 ], [ -48.284229835966173, -0.92420880791529 ], [ -48.283728600719726, -0.924707569788509 ], [ -48.283276201128146, -0.925255661851692 ], [ -48.282876994175041, -0.925847805699567 ], [ -48.282534824745213, -0.92647829868329 ], [ -48.282252988584673, -0.927141068829171 ], [ -48.282034200542853, -0.92782973331425 ], [ -48.281880568403544, -0.928537659936002 ], [ -48.281793572557554, -0.929258030983427 ] ] ] } },
{ "type": "Feature", "properties": { "porto": "Cruzeiro do Sul", "classe": "Porto público", "tipo": "Porto Público", "estado": "AC", "cidade": "Cruzeiro do Sul", "fonte": "envelope estimado (1500 m)", "osm_id": null, "osm_nome": null, "area_km2": 7.0572341037287689 }, "geometry": { "type": "Polygon", "coordinates": [ [ [ -72.653281348169784, -7.640297638353774 ], [ -72.65346004990694, -7.641600461317001 ], [ -72.653769155174331, -7.64287996215683 ], [ -72.654205690283035, -7.644123818324169 ], [ -72.65476545395731, -7.645320050451432 ], [ -72.655443057687734, -7.64645713773427 ], [ -72.656231977536208, -7.647524128899701 ], [ -72.657124616897519, -7.648510747692174 ], [ -72.658112379615616, -7.649407491860567 ], [ -72.65918575275191, -7.650205724692025 ], [ -72.660334398209528, -7.65089775821054 ], [ -72.661547252330323, -7.651476927237661 ], [ -72.662812632504526, -7.651937653601833 ], [ -72.664118349763754, -7.652275499876789 ], [ -72.66545182626983, -7.652487212131066 ], [ -72.66680021656417, -7.652570751276044 ], [ -72.668150531405374, -7.652525312710821 ], [ -72.669489762997529, -7.652351334073539 ], [ -72.670805010397856, -7.652050491025311 ], [ -72.672083603890997, -7.65162568110667 ], [ -72.673313227126883, -7.651080995823032 ], [ -72.674482035841436, -7.650421681227371 ], [ -72.6755787720124, -7.649654087381191 ], [ -72.676592872347769, -7.648785607180676 ], [ -72.677514570059202, -7.647824605137955 ], [ -72.678334988938687, -7.646780336804147 ], [ -72.679046228831879, -7.645662859611353 ], [ -72.679641441685177, -7.644482935992499 ], [ -72.680114897435672, -7.643251929713413 ], [ -72.680462039111603, -7.641981696416068 ], [ -72.680679526616046, -7.640684469427717 ], [ -72.680765268775971, -7.639372741936202 ], [ -72.680718443352575, -7.638059146666953 ], [ -72.680539504825205, -7.636756334219811 ], [ -72.680230179879004, -7.63547685123879 ], [ -72.679793450645022, -7.634233019586756 ], [ -72.679233525859104, -7.633036817689079 ], [ -72.678555800222128, -7.631899765188386 ], [ -72.677766802356999, -7.630832812021088 ], [ -72.676874131867038, -7.629846232982457 ], [ -72.67588638610458, -7.628949528795883 ], [ -72.674813077356589, -7.628151334637767 ], [ -72.673664541245572, -7.627459336997925 ], [ -72.672451837227513, -7.626880199675961 ], [ -72.671186642143823, -7.626419499625055 ], [ -72.669881137849956, -7.626081673260249 ], [ -72.668547893999971, -7.625869973747915 ], [ -72.66719974711161, -7.625786439686946 ], [ -72.665849677072288, -7.625831875482922 ], [ -72.664510682270361, -7.626005843604108 ], [ -72.663195654548844, -7.626306668793508 ], [ -72.661917255180995, -7.626731454196891 ], [ -72.660687793056738, -7.627276109250935 ], [ -72.659519106248723, -7.627935389064416 ], [ -72.658422448094427, -7.628702944912484 ], [ -72.657408378887695, -7.629571385359125 ], [ -72.656486664220623, -7.63053234742001 ], [ -72.655666180952821, -7.631576577080502 ], [ -72.654954831713042, -7.632694018394656 ], [ -72.654359468756994, -7.633873910308342 ], [ -72.653885827916, -7.635104890274188 ], [ -72.653538473274693, -7.636375103661357 ], [ -72.653320753114144, -7.637672317907779 ], [ -72.653234767548255, -7.638984040315243 ], [ -72.653281348169784, -7.640297638353774 ] ] ] } },
{ "type": "Feature", "properties": { "porto": "Cucuí", "classe": "Porto público", "tipo": "Porto Público", "estado": "AM", "cidade": "São Gabriel da Cachoeira", "fonte": "envelope estimado (1500 m)", "osm_id": null, "osm_nome": null, "area_km2": 7.0572341037285042 }, "geometry": { "type": "Polygon", "coordinates": [ [ [ -66.824674094006937, 1.184102922331828 ], [ -66.824794094915433, 1.182729428056488 ], [ -66.825038063852574, 1.181375274256681 ], [ -66.825403654187184, 1.180053502136239 ], [ -66.825887347720609, 1.178776841029087 ], [ -66.826484488467528, 1.177557585810425 ], [ -66.827189327409286, 1.176407478493477 ], [ -66.827995077791797, 1.175337595150247 ], [ -66.828893980438522, 1.174358239246575 ], [ -66.82987737845086, 1.173478842417855 ], [ -66.830935800577805, 1.172707873640655 ], [ -66.832059052452053, 1.172052757675609 ], [ -66.83323631481268, 1.171519803566504 ], [ -66.834456247767164, 1.171114143883677 ], [ -66.835707100085799, 1.170839685297095 ], [ -66.836976822472622, 1.170699070955254 ], [ -66.838253183718464, 1.170693655031496 ], [ -66.839523888612831, 1.170823489683354 ], [ -66.840776696474833, 1.171087324550243 ], [ -66.841999539156603, 1.17148261879467 ], [ -66.843180637378623, 1.172005565570035 ], [ -66.844308614271895, 1.172651128681128 ], [ -66.845372605029823, 1.173413091082578 ], [ -66.84636236161036, 1.174284114749354 ], [ -66.847268351477439, 1.175255811342634 ], [ -66.848081849429121, 1.176318822990603 ], [ -66.848795021626955, 1.177462912405753 ], [ -66.849401001017327, 1.178677061472292 ], [ -66.849893953419425, 1.179949577352963 ], [ -66.850269133644929, 1.181268205094306 ], [ -66.85052293111184, 1.182620245645897 ], [ -66.850652904515925, 1.183992678157 ], [ -66.85065780523027, 1.185372285372849 ], [ -66.850537589211541, 1.186745780923292 ], [ -66.850293417303021, 1.188099937277849 ], [ -66.849927643935928, 1.18942171313431 ], [ -66.849443794342747, 1.190698379015409 ], [ -66.84884653050608, 1.191917639862268 ], [ -66.848141606174892, 1.193067753445579 ], [ -66.847335811384681, 1.194137643452389 ], [ -66.8464369070186, 1.195117006160714 ], [ -66.845453550041313, 1.195996409673878 ], [ -66.844395210126848, 1.196767384758314 ], [ -66.843272078483167, 1.197422506410942 ], [ -66.842094969750761, 1.197955465369485 ], [ -66.84087521791831, 1.198361128877262 ], [ -66.839624567255157, 1.198635590117266 ], [ -66.838355059307688, 1.198776205839046 ], [ -66.837078917044337, 1.198781621816231 ], [ -66.835808427260162, 1.198651785889253 ], [ -66.834555822369566, 1.198387948467632 ], [ -66.83333316272028, 1.197992650487169 ], [ -66.832152220558015, 1.197469698937873 ], [ -66.831024366754491, 1.196824130198514 ], [ -66.829960461385994, 1.196062161530786 ], [ -66.828970749213141, 1.195191131200464 ], [ -66.82806476106542, 1.194219427802379 ], [ -66.827251222078687, 1.193156409470052 ], [ -66.826537967668358, 1.192012313747698 ], [ -66.825931868047434, 1.190798158993527 ], [ -66.825438762017114, 1.189525638263419 ], [ -66.825063400669549, 1.188207006697091 ], [ -66.824809401547185, 1.186854963492131 ], [ -66.824679213703746, 1.185482529601088 ], [ -66.824674094006937, 1.184102922331828 ] ] ] } },
{ "type": "Feature", "properties": { "porto": "Eirunepé", "classe": "IP4 (pequeno porte)", "tipo": "IP4", "estado": "AM", "cidade": "Eirunepé", "fonte": "envelope estimado (800 m)", "osm_id": null, "osm_nome": null, "area_km2": 2.0073910339493608 }, "geometry": { "type": "Polygon", "coordinates": [ [ [ -69.859520196043306, -6.668677103624232 ], [ -69.859601771994235, -6.66937666828077 ], [ -69.859752662808759, -6.670064996563266 ], [ -69.859971416229712, -6.670735459434657 ], [ -69.860255926348785, -6.671381599887028 ], [ -69.860603453856697, -6.671997195129364 ], [ -69.861010652397965, -6.67257631652039 ], [ -69.861473600778112, -6.673113386669435 ], [ -69.861987840713411, -6.67360323315489 ], [ -69.862548419760373, -6.674041138343031 ], [ -69.863149939011677, -6.67442288482671 ], [ -69.863786605099222, -6.674744796047075 ], [ -69.864452286003171, -6.675003771705531 ], [ -69.865140570128872, -6.675197317626067 ], [ -69.86584482808172, -6.675323569779398 ], [ -69.866558276544339, -6.675381312237213 ], [ -69.867274043639284, -6.675369988884421 ], [ -69.86798523514652, -6.675289708775839 ], [ -69.868685000936779, -6.675141245085479 ], [ -69.869366600979063, -6.674926027659383 ], [ -69.870023470285645, -6.674646129243187 ], [ -69.870649282167449, -6.674304245516979 ], [ -69.871238009189625, -6.673903669130619 ], [ -69.871783981239247, -6.673448257988887 ], [ -69.872281940144902, -6.67294239809249 ], [ -69.872727090322101, -6.672390961293162 ], [ -69.873115144956159, -6.67179925836936 ], [ -69.873442367277804, -6.671172987875248 ], [ -69.873705606534699, -6.670518181255339 ], [ -69.873902328312639, -6.66984114475412 ], [ -69.874030638915542, -6.669148398679362 ], [ -69.874089303570443, -6.668446614605365 ], [ -69.874077758283292, -6.667742551119827 ], [ -69.873996115232998, -6.667042988734275 ], [ -69.873845161652923, -6.66635466458409 ], [ -69.87362635221227, -6.665684207547534 ], [ -69.873341794972092, -6.665038074408288 ], [ -69.872994231052601, -6.664422487676369 ], [ -69.872587008208512, -6.663843375665936 ], [ -69.872124048568239, -6.663306315407208 ], [ -69.871609810848227, -6.6628164789417 ], [ -69.871049247406859, -6.662378583518089 ], [ -69.870447756551712, -6.661996846168274 ], [ -69.869811130559683, -6.661674943100111 ], [ -69.869145499909678, -6.661415974298853 ], [ -69.868457274265225, -6.661222433677066 ], [ -69.86775308077344, -6.661096185060378 ], [ -69.867039700274532, -6.661038444241165 ], [ -69.866324002034148, -6.661049767271546 ], [ -69.865612877626262, -6.661130045109172 ], [ -69.864913174601554, -6.66127850466725 ], [ -69.864231630578985, -6.66149371625851 ], [ -69.863574808393494, -6.661773607361581 ], [ -69.862949032923282, -6.662115482577371 ], [ -69.862360330203927, -6.662516049583131 ], [ -69.861814369414446, -6.66297145083453 ], [ -69.86131640829349, -6.663477300710989 ], [ -69.860871242510697, -6.664028727745785 ], [ -69.860483159480481, -6.664620421535724 ], [ -69.860155897063322, -6.665246683877702 ], [ -69.859892607552453, -6.665901483640337 ], [ -69.859695827293294, -6.666578514842823 ], [ -69.859567452229328, -6.667271257380905 ], [ -69.859508719610716, -6.667973039816316 ], [ -69.859520196043306, -6.668677103624232 ] ] ] } },
{ "type": "Feature", "properties": { "porto": "Feijó", "classe": "Porto público", "tipo": "Porto Público", "estado": "AC", "cidade": "Feijó", "fonte": "envelope estimado (1500 m)", "osm_id": null, "osm_nome": null, "area_km2": 7.0572341037287689 }, "geometry": { "type": "Polygon", "coordinates": [ [ [ -70.340215225045171, -8.164911481599274 ], [ -70.340374014141048, -8.166213764797272 ], [ -70.340664025232599, -8.16749471673938 ], [ -70.341082468587928, -8.168742000901855 ], [ -70.341625317249992, -8.169943604896002 ], [ -70.342287345707689, -8.171087956167712 ], [ -70.343062180127461, -8.172164033465084 ], [ -70.343942359665135, -8.173161472999057 ], [ -70.344919408270357, -8.174070668274428 ], [ -70.345983916294259, -8.174882862629206 ], [ -70.347125631114523, -8.17559023358961 ], [ -70.348333555905668, -8.176185968227671 ], [ -70.349596055601623, -8.176664328795175 ], [ -70.350900969028118, -8.177020708000352 ], [ -70.352235726121805, -8.177251673394744 ], [ -70.353587469103445, -8.177355000441906 ], [ -70.354943176433764, -8.177329693949202 ], [ -70.356289788353052, -8.177175997655763 ], [ -70.357614332790561, -8.17689539188418 ], [ -70.358904050425693, -8.17649057927868 ], [ -70.360146517691547, -8.175965458767388 ], [ -70.361329766531398, -8.17532508799945 ], [ -70.362442399750563, -8.174575634619785 ], [ -70.363473700849099, -8.173724316851104 ], [ -70.364413737275044, -8.172779333956365 ], [ -70.365253456101726, -8.171749787251816 ], [ -70.365984771207039, -8.170645592432894 ], [ -70.36660064111534, -8.169477384057569 ], [ -70.367095136753477, -8.168256413108326 ], [ -70.367463498470599, -8.166994438619939 ], [ -70.367702181775755, -8.165703614417506 ], [ -70.367808891356688, -8.164396372056151 ], [ -70.367782603056625, -8.163085301090346 ], [ -70.367623573602344, -8.161783027825697 ], [ -70.367333337995149, -8.160502093721997 ], [ -70.36691469459501, -8.159254834617432 ], [ -70.366371678046548, -8.158053261937816 ], [ -70.36570952031262, -8.156908947033674 ], [ -70.364934600194815, -8.155832909759484 ], [ -70.364054381830684, -8.154835512366231 ], [ -70.363077342762551, -8.153926359729606 ], [ -70.362012892272887, -8.153114206873052 ], [ -70.360871280772955, -8.152406874675592 ], [ -70.359663501117694, -8.151811174575551 ], [ -70.358401182795674, -8.151332842993867 ], [ -70.35709648001108, -8.150976486108442 ], [ -70.355761954732429, -8.150745535509913 ], [ -70.35441045583039, -8.150642215166233 ], [ -70.353054995464433, -8.150667520012322 ], [ -70.351708623903562, -8.15082120637242 ], [ -70.350384303981684, -8.151101794305598 ], [ -70.349094786391376, -8.151506581853146 ], [ -70.34785248701192, -8.152031671049965 ], [ -70.3466693674483, -8.15267200545029 ], [ -70.345556819927154, -8.153421418806778 ], [ -70.344525557655089, -8.154272694434715 ], [ -70.343585511692012, -8.155217634690711 ], [ -70.342745735331107, -8.156247139897054 ], [ -70.342014316905463, -8.157351295953031 ], [ -70.34139830186129, -8.158519469790312 ], [ -70.340903624849219, -8.159740411753754 ], [ -70.340535052490182, -8.161002363922425 ], [ -70.340296137370004, -8.162293173328971 ], [ -70.340189183709455, -8.163600408986852 ], [ -70.340215225045171, -8.164911481599274 ] ] ] } },
{ "type": "Feature", "properties": { "porto": "Fonte Boa", "classe": "IP4 (pequeno porte)", "tipo": "IP4", "estado": "AM", "cidade": "Fonte Boa", "fonte": "envelope estimado (800 m)", "osm_id": null, "osm_nome": null, "area_km2": 2.0073910339493906 }, "geometry": { "type": "Polygon", "coordinates": [ [ [ -66.085007519390857, -2.511704761538951 ], [ -66.085069626896384, -2.512421404102514 ], [ -66.085199442047355, -2.513128305010485 ], [ -66.085395715527071, -2.513818656400019 ], [ -66.085656557904869, -2.514485809779355 ], [ -66.085979457802082, -2.515123340057677 ], [ -66.086361306051927, -2.515725107423254 ], [ -66.086798425621893, -2.516285316475692 ], [ -66.087286607011251, -2.51679857204022 ], [ -66.087821148783021, -2.517259931128627 ], [ -66.088396902840913, -2.517664950544956 ], [ -66.089008324014529, -2.518009729678095 ], [ -66.089649523475757, -2.51829094806891 ], [ -66.090314325470843, -2.518505897389683 ], [ -66.090996326821383, -2.518652507528768 ], [ -66.091688958620097, -2.518729366527664 ], [ -66.092385549526099, -2.518735734180189 ], [ -66.0930793900488, -2.518671549161398 ], [ -66.09376379720014, -2.518537429618079 ], [ -66.094432178890955, -2.518334667215649 ], [ -66.0950780974499, -2.51806521469748 ], [ -66.095695331652252, -2.517731667077933 ], [ -66.096277936659547, -2.517337236649489 ], [ -66.096820301292354, -2.51688572204477 ], [ -66.097317202083246, -2.516381471651546 ], [ -66.097763853589456, -2.515829341733384 ], [ -66.098155954479822, -2.515234649658891 ], [ -66.098489728952615, -2.514603122690398 ], [ -66.098761963085309, -2.513940842825454 ], [ -66.098970035766854, -2.513254188221839 ], [ -66.099111943915403, -2.51254977177083 ], [ -66.099186321739325, -2.51183437741045 ], [ -66.099192453857498, -2.511114894791375 ], [ -66.099130282153496, -2.510398252925419 ], [ -66.099000406299211, -2.509691353455267 ], [ -66.098804077944138, -2.509001004188609 ], [ -66.098543188627758, -2.508333853535524 ], [ -66.098220251532581, -2.507696326482198 ], [ -66.097838377254888, -2.507094562716221 ], [ -66.097401243827406, -2.506534357499874 ], [ -66.096913061283431, -2.506021105860361 ], [ -66.09637853110425, -2.505559750635139 ], [ -66.095802800940746, -2.505154734871655 ], [ -66.095191415044994, -2.504809959040645 ], [ -66.094550260889449, -2.50452874347441 ], [ -66.09388551248675, -2.504313796392039 ], [ -66.093203570955808, -2.504167187819174 ], [ -66.092511002905027, -2.504090329654159 ], [ -66.091814477225569, -2.504083962071114 ], [ -66.091120700901357, -2.504148146392332 ], [ -66.090436354453303, -2.504282264497748 ], [ -66.089768027637874, -2.504485024777368 ], [ -66.089122156017496, -2.504754474569234 ], [ -66.088504959013108, -2.505088018963839 ], [ -66.08792238003366, -2.505482445792616 ], [ -66.08738002925837, -2.505933956561259 ], [ -66.086883129622123, -2.506438203029485 ], [ -66.086436466523296, -2.506990329084463 ], [ -66.086044341738557, -2.50758501750611 ], [ -66.085710531987885, -2.50821654117244 ], [ -66.085438252549523, -2.508878818212855 ], [ -66.085230126275576, -2.509565470578084 ], [ -66.085088158307428, -2.51026988546284 ], [ -66.08501371673556, -2.510985278989339 ], [ -66.085007519390857, -2.511704761538951 ] ] ] } },
{ "type": "Feature", "properties": { "porto": "Guajará", "classe": "IP4 (pequeno porte)", "tipo": "IP4", "estado": "AM", "cidade": "Guajará", "fonte": "envelope estimado (800 m)", "osm_id": null, "osm_nome": null, "area_km2": 2.0073910339493608 }, "geometry": { "type": "Polygon", "coordinates": [ [ [ -72.57207259457283, -7.548368883991742 ], [ -72.572167459483964, -7.549064062286838 ], [ -72.572331835071338, -7.54974683522142 ], [ -72.572564139207472, -7.550410627246849 ], [ -72.572862135471453, -7.551049045583921 ], [ -72.573222954656416, -7.551655941792884 ], [ -72.573643122376239, -7.552225470990619 ], [ -72.574118592506437, -7.552752148145839 ], [ -72.574644786138336, -7.553230900908563 ], [ -72.575216635671495, -7.553657118466041 ], [ -72.575828633620091, -7.554026695953328 ], [ -72.576474885663032, -7.554336073991816 ], [ -72.577149167426782, -7.554582272973197 ], [ -72.577844984452838, -7.554762921759923 ], [ -72.578555634772215, -7.554876280524556 ], [ -72.579274273482326, -7.554921257508416 ], [ -72.579993978703868, -7.55489741953773 ], [ -72.580707818280516, -7.554804996196272 ], [ -72.5814089165778, -7.554644877613748 ], [ -72.582090520736628, -7.554418605891846 ], [ -72.582746065741418, -7.554128360250197 ], [ -72.583369237675456, -7.553776936035403 ], [ -72.583954034552619, -7.553367717795556 ], [ -72.584494824139128, -7.552904646679995 ], [ -72.584986398207192, -7.552392182477679 ], [ -72.585424022698149, -7.551835260661105 ], [ -72.585803483311281, -7.551239244848433 ], [ -72.586121126079874, -7.550609875143199 ], [ -72.586373892543648, -7.549953212848083 ], [ -72.586559349179907, -7.549275582086754 ], [ -72.586675710810553, -7.548583508894517 ], [ -72.586721857760921, -7.547883658366199 ], [ -72.586697346606229, -7.54718277046569 ], [ -72.586602414403814, -7.546487595115442 ], [ -72.586437976371556, -7.545804827191605 ], [ -72.586205617036711, -7.545141042050289 ], [ -72.585907574941402, -7.544502632206099 ], [ -72.58554672105376, -7.543895745772484 ], [ -72.585126531093579, -7.543326227256775 ], [ -72.584651052039959, -7.542799561279907 ], [ -72.584124863144538, -7.54232081976215 ], [ -72.583553031825687, -7.541894613084204 ], [ -72.582941064869331, -7.54152504569289 ], [ -72.582294855405479, -7.541215676578823 ], [ -72.581620626171443, -7.540969485007364 ], [ -72.580924869606974, -7.540788841831278 ], [ -72.580214285357613, -7.540675486662436 ], [ -72.579495715786848, -7.540630511121288 ], [ -72.578776080117052, -7.540654348326199 ], [ -72.578062307831701, -7.540746768722818 ], [ -72.577361271979285, -7.54090688229458 ], [ -72.576679723019183, -7.541133147132385 ], [ -72.576024223845721, -7.5414233842811 ], [ -72.575401086614349, -7.541774798720598 ], [ -72.574816311977557, -7.542184006278382 ], [ -72.57427553131447, -7.542647066215618 ], [ -72.573783952509928, -7.543159519172945 ], [ -72.573346309804649, -7.543716430110011 ], [ -72.572966818199291, -7.544312435826682 ], [ -72.572649132851595, -7.544941796607529 ], [ -72.572396313858121, -7.545598451492673 ], [ -72.572210796760274, -7.546276076643363 ], [ -72.572094369059613, -7.546968146239812 ], [ -72.572048152969899, -7.547667995325417 ], [ -72.57207259457283, -7.548368883991742 ] ] ] } },
{ "type": "Feature", "properties": { "porto": "Gurupá", "classe": "Porto público", "tipo": "Porto Público", "estado": "PA", "cidade": "Gurupá", "fonte": "envelope estimado (1500 m)", "osm_id": null, "osm_nome": null, "area_km2": 7.0572341037285042 }, "geometry": { "type": "Polygon", "coordinates": [ [ [ -51.626804261257647, -1.404235852505073 ], [ -51.626796199133729, -1.405593551209946 ], [ -51.626915298252975, -1.406945528641312 ], [ -51.62716041482733, -1.408278764497614 ], [ -51.627529191274157, -1.409580418947457 ], [ -51.628018078804821, -1.410837956286029 ], [ -51.628622371496498, -1.412039265663104 ], [ -51.629336251523192, -1.413172777719829 ], [ -51.630152845113678, -1.414227576011996 ], [ -51.631064288700365, -1.415193502144888 ], [ -51.632061804623717, -1.416061253608848 ], [ -51.633135785664372, -1.416822473371604 ], [ -51.634275887588757, -1.417469830365445 ], [ -51.635471128816242, -1.417997090093614 ], [ -51.636709996245905, -1.418399174675436 ], [ -51.637980556221486, -1.418672211752304 ], [ -51.639270569562242, -1.418813571783204 ], [ -51.640567609548, -1.418821893370193 ], [ -51.641859181717756, -1.418697096370453 ], [ -51.643132844323382, -1.418440382668108 ], [ -51.644376328273545, -1.418054224598707 ], [ -51.645577655407969, -1.417542341137357 ], [ -51.646725253958692, -1.416909662081012 ], [ -51.647808070082029, -1.416162280568306 ], [ -51.648815674383968, -1.415307394396014 ], [ -51.649738362410218, -1.414353236696022 ], [ -51.650567248131303, -1.41330899664166 ], [ -51.651294349521358, -1.412184730946524 ], [ -51.651912665406464, -1.410991267008454 ], [ -51.652416242843209, -1.409740098631902 ], [ -51.652800234380528, -1.408443275332633 ], [ -51.653060944655792, -1.407113286291063 ], [ -51.653195865879979, -1.405762940072523 ], [ -51.65320370187397, -1.40440524127182 ], [ -51.653084380429021, -1.40305326527127 ], [ -51.652839053877031, -1.401720032317497 ], [ -51.652470087869958, -1.400418382130284 ], [ -51.651981038481146, -1.399160850250585 ], [ -51.651376617853508, -1.397959547318977 ], [ -51.650662648729586, -1.396826042446533 ], [ -51.649846008304522, -1.395771251801407 ], [ -51.648934561945765, -1.394805333484395 ], [ -51.647937087419372, -1.393937589704844 ], [ -51.646863190353834, -1.393176377199703 ], [ -51.645723211755595, -1.392529026757756 ], [ -51.644528128465971, -1.392001772624063 ], [ -51.643289447516395, -1.391599692464186 ], [ -51.642019095396797, -1.391326658466852 ], [ -51.640729303300134, -1.391185300054714 ], [ -51.639432489444303, -1.391176978563504 ], [ -51.638141139600258, -1.391301774132444 ], [ -51.636867686972266, -1.391558484932278 ], [ -51.635624392582351, -1.391944638739099 ], [ -51.63442322730608, -1.39245651674149 ], [ -51.633275756691305, -1.39308918935242 ], [ -51.632193029665203, -1.393836563680794 ], [ -51.631185472197828, -1.394691442206094 ], [ -51.630262786943653, -1.395645592090156 ], [ -51.629433859825618, -1.396689824460109 ], [ -51.628706674460439, -1.397814082897648 ], [ -51.62808823524918, -1.39900754028384 ], [ -51.627584499874573, -1.400258703065917 ], [ -51.627200321857174, -1.401555521943257 ], [ -51.626939403725935, -1.402885507905277 ], [ -51.626804261257647, -1.404235852505073 ] ] ] } },
{ "type": "Feature", "properties": { "porto": "Humaitá", "classe": "IP4 (pequeno porte)", "tipo": "IP4", "estado": "AM", "cidade": "Humaitá", "fonte": "envelope estimado (800 m)", "osm_id": null, "osm_nome": null, "area_km2": 2.0073910339493422 }, "geometry": { "type": "Polygon", "coordinates": [ [ [ -63.012464928787217, -7.504402378302601 ], [ -63.012514549656643, -7.505102140339205 ], [ -63.012634324962328, -7.505793791512472 ], [ -63.012823102150314, -7.506470670790602 ], [ -63.013079064058402, -7.507126259374483 ], [ -63.013399746383115, -7.507754243480444 ], [ -63.013782061383488, -7.508348575149482 ], [ -63.014222327594489, -7.508903530497434 ], [ -63.014716305264621, -7.509413764844773 ], [ -63.015259237177453, -7.509874364194504 ], [ -63.015845894463851, -7.510280892563183 ], [ -63.016470626964207, -7.510629434707823 ], [ -63.017127417655196, -7.51091663383766 ], [ -63.017809940616544, -7.511139723947498 ], [ -63.018511621978639, -7.511296556460042 ], [ -63.019225703263402, -7.511385620922177 ], [ -63.019945306506656, -7.511406059553712 ], [ -63.020663500534155, -7.511357675510007 ], [ -63.021373367750996, -7.511240934778101 ], [ -63.02206807080006, -7.51105696168813 ], [ -63.022740918445919, -7.510807528083236 ], [ -63.023385430048343, -7.510495036252831 ], [ -63.023995398003272, -7.510122495792891 ], [ -63.024564947548576, -7.509693494617104 ], [ -63.025088593358149, -7.509212164397615 ], [ -63.025561292378228, -7.508683140768769 ], [ -63.025978492397037, -7.508111518677244 ], [ -63.026336175879713, -7.507502803308786 ], [ -63.026630898646765, -7.506862857064283 ], [ -63.026859823023813, -7.506197843096552 ], [ -63.027020745144355, -7.505514165950831 ], [ -63.0271121161434, -7.504818409882105 ], [ -63.027133057039215, -7.504117275442174 ], [ -63.027083367161062, -7.503417514948308 ], [ -63.026963526043311, -7.502725867454261 ], [ -63.026774688769017, -7.502048993850417 ], [ -63.026518674809481, -7.501393412717785 ], [ -63.026197950468486, -7.500765437553716 ], [ -63.025815605101634, -7.500171115973615 ], [ -63.025375321340974, -7.499616171473821 ], [ -63.024881339612364, -7.499105948317139 ], [ -63.024338417288256, -7.498645360070401 ], [ -63.023751782869269, -7.498238842290376 ], [ -63.023127085636219, -7.497890309813211 ], [ -63.02247034125714, -7.497603119058018 ], [ -63.02178787387259, -7.497380035708344 ], [ -63.021086255216353, -7.497223208081496 ], [ -63.020372241356796, -7.497134146442995 ], [ -63.019652707666935, -7.497113708464451 ], [ -63.018934582648157, -7.497162090965395 ], [ -63.018224781243383, -7.497278828018103 ], [ -63.017530138280634, -7.497462795433848 ], [ -63.016857342686215, -7.497712221587462 ], [ -63.016212873100081, -7.498024704475997 ], [ -63.015602935511623, -7.498397234847 ], [ -63.015033403515993, -7.498826225174596 ], [ -63.014509761764884, -7.49930754420346 ], [ -63.014037053156081, -7.49983655672929 ], [ -63.013619830269874, -7.500408168232129 ], [ -63.013262111519872, -7.501016873933184 ], [ -63.012967342440909, -7.50165681180296 ], [ -63.012738362487077, -7.502321819010595 ], [ -63.012577377660676, -7.50300549127055 ], [ -63.012485939236441, -7.503701244515663 ], [ -63.012464928787217, -7.504402378302601 ] ] ] } },
{ "type": "Feature", "properties": { "porto": "Iauaretê", "classe": "Porto público", "tipo": "Porto Público", "estado": "AM", "cidade": "São Gabriel da Cachoeira", "fonte": "envelope estimado (1500 m)", "osm_id": null, "osm_nome": null, "area_km2": 7.0572341037287689 }, "geometry": { "type": "Polygon", "coordinates": [ [ [ -69.177159615763145, 0.605153943651979 ], [ -69.177299841028969, 0.603787700222286 ], [ -69.177564181739712, 0.602442797479007 ], [ -69.17795009505528, 0.601132187550094 ], [ -69.178453867018973, 0.599868492296537 ], [ -69.179070648224922, 0.598663881758154 ], [ -69.179794500436202, 0.597529956950974 ], [ -69.180618453707936, 0.596477638144517 ], [ -69.181534573467388, 0.595517059695431 ], [ -69.182534036907185, 0.594657472450247 ], [ -69.183607217956649, 0.593907154656066 ], [ -69.18474378001261, 0.59327333223874 ], [ -69.185932775535832, 0.592762109214623 ], [ -69.187162751551995, 0.592378408907207 ], [ -69.188421860038389, 0.592125926534173 ], [ -69.189697972129892, 0.592007093621226 ], [ -69.190978795040451, 0.592023054585888 ], [ -69.19225199056963, 0.592173655716495 ], [ -69.193505294048251, 0.592457446652366 ], [ -69.194726632573065, 0.59287169435137 ], [ -69.195904241387126, 0.593412409409688 ], [ -69.197026777280669, 0.594074384480927 ], [ -69.198083427916785, 0.594851244424572 ], [ -69.199064016025531, 0.595735507700372 ], [ -69.199959097460663, 0.596718658417866 ], [ -69.200760052172967, 0.597791228347439 ], [ -69.201459167223078, 0.598942888102517 ], [ -69.202049711034746, 0.60016254661556 ], [ -69.202525998174181, 0.601438457949131 ], [ -69.20288344403366, 0.602758334414302 ], [ -69.203118608895565, 0.604109464906276 ], [ -69.203229230955543, 0.605478837318503 ], [ -69.203214247991212, 0.606853263855319 ], [ -69.203073807471597, 0.608219508037481 ], [ -69.202809265014977, 0.609564412176587 ], [ -69.202423171214448, 0.610875024091026 ], [ -69.201919246962646, 0.612138721843506 ], [ -69.201302347517782, 0.613343335298177 ], [ -69.200578415660601, 0.614477263326922 ], [ -69.199754424396772, 0.615529585536503 ], [ -69.19883830975904, 0.616490167439338 ], [ -69.197838894357943, 0.617349758056308 ], [ -69.196765802418042, 0.618100079010635 ], [ -69.195629367118116, 0.618733904255122 ], [ -69.194440531126219, 0.619245129664771 ], [ -69.193210741285952, 0.61962883182425 ], [ -69.191951838465428, 0.619881315444852 ], [ -69.190675943626118, 0.620000148952913 ], [ -69.189395341205184, 0.619984187908007 ], [ -69.18812236092981, 0.619833586024965 ], [ -69.186869259197053, 0.619549793693234 ], [ -69.185648101157184, 0.619135544008686 ], [ -69.184470644631247, 0.618594826451496 ], [ -69.183348226976634, 0.617932848463969 ], [ -69.182291655986404, 0.617155985298674 ], [ -69.181311105869753, 0.616271718619836 ], [ -69.180416019312901, 0.615288564448609 ], [ -69.179615016561897, 0.61421599114725 ], [ -69.178915812402195, 0.613064328231942 ], [ -69.178325141834492, 0.611844666891772 ], [ -69.17784869516376, 0.610568753172719 ], [ -69.177491063128372, 0.609248874855469 ], [ -69.177255692600625, 0.607897743115926 ], [ -69.177144853288453, 0.606528370108603 ], [ -69.177159615763145, 0.605153943651979 ] ] ] } },
{ "type": "Feature", "properties": { "porto": "Ipixuna", "classe": "IP4 (pequeno porte)", "tipo": "IP4", "estado": "AM", "cidade": "Ipixuna", "fonte": "envelope estimado (800 m)", "osm_id": null, "osm_nome": null, "area_km2": 2.0073910339493608 }, "geometry": { "type": "Polygon", "coordinates": [ [ [ -71.686607613751477, -7.053251477230538 ], [ -71.686697999253937, -7.053948765296755 ], [ -71.686857736077769, -7.054634016763063 ], [ -71.687085286768365, -7.055300632217384 ], [ -71.687378460684926, -7.055942191696865 ], [ -71.687734435066744, -7.056552516519613 ], [ -71.688149782192525, -7.057125728792722 ], [ -71.688620502371677, -7.057656308025027 ], [ -71.689142062450799, -7.058139144297662 ], [ -71.689709439465247, -7.058569587481323 ], [ -71.690317169014975, -7.058943492025307 ], [ -71.690959397899405, -7.059257256887301 ], [ -71.691629940503546, -7.059507860218388 ], [ -71.692322338391875, -7.059692888470016 ], [ -71.693029922535189, -7.05981055964163 ], [ -71.693745877570038, -7.059859740445127 ], [ -71.694463307470556, -7.059839957221289 ], [ -71.695175301998944, -7.059751400501964 ], [ -71.695875003293096, -7.059594923174791 ], [ -71.696555671948659, -7.059372032268135 ], [ -71.697210751957712, -7.059084874434952 ], [ -71.697833933877334, -7.058736215275719 ], [ -71.698419215618557, -7.0583294127 ], [ -71.698960960269133, -7.057868384582774 ], [ -71.699453950392794, -7.05735757102762 ], [ -71.699893438281393, -7.056801891600387 ], [ -71.700275191675644, -7.056206697945176 ], [ -71.700595534514633, -7.05557772223936 ], [ -71.700851382321588, -7.054921021984371 ], [ -71.701040271885986, -7.05424292166413 ], [ -71.701160384957106, -7.053549951832532 ], [ -71.701210565721738, -7.052848786218051 ], [ -71.701190331899014, -7.05214617745005 ], [ -71.701099879347296, -7.051448892026311 ], [ -71.700940080139532, -7.050763645148536 ], [ -71.700712474127613, -7.050097036052596 ], [ -71.700419254078398, -7.049455484456871 ], [ -71.700063244525396, -7.048845168740329 ], [ -71.699647874541526, -7.048271966445867 ], [ -71.699177144695824, -7.047741397681268 ], [ -71.69865558851312, -7.047258571963122 ], [ -71.698088228808388, -7.04682813901508 ], [ -71.697480529316394, -7.046454243994528 ], [ -71.696838342082671, -7.046140487577791 ], [ -71.696167851121572, -7.04588989128924 ], [ -71.69547551288403, -7.045704868406792 ], [ -71.694767994106883, -7.045587200724649 ], [ -71.69405210764161, -7.045538021396789 ], [ -71.693334746878961, -7.045557804025822 ], [ -71.692622819399816, -7.04564635810272 ], [ -71.691923180489638, -7.045802830841303 ], [ -71.691242567155371, -7.046025715389622 ], [ -71.690587533278972, -7.046312865339087 ], [ -71.689964386530519, -7.046661515392123 ], [ -71.689379127647399, -7.047068307989152 ], [ -71.688837392663388, -7.047529325638663 ], [ -71.688344398643281, -7.048040128639354 ], [ -71.687904893444994, -7.048595797830934 ], [ -71.687523109992995, -7.049190981962723 ], [ -71.687202725503283, -7.049819949223314 ], [ -71.686946826053287, -7.050476642435734 ], [ -71.686757876838101, -7.051154737386812 ], [ -71.686637698400816, -7.051847703728932 ], [ -71.686587449066636, -7.052548867867706 ], [ -71.686607613751477, -7.053251477230538 ] ] ] } },
{ "type": "Feature", "properties": { "porto": "Iranduba (Solimões)", "classe": "IP4 (pequeno porte)", "tipo": "IP4", "estado": "AM", "cidade": "Iranduba", "fonte": "envelope estimado (800 m)", "osm_id": null, "osm_nome": null, "area_km2": 2.0073910339493466 }, "geometry": { "type": "Polygon", "coordinates": [ [ [ -60.185562752559228, -3.277982119694899 ], [ -60.185597958184594, -3.278697659586618 ], [ -60.185701522788619, -3.279406219445101 ], [ -60.185872449894724, -3.2801009754302 ], [ -60.186109094217031, -3.280775236627422 ], [ -60.186409177473244, -3.281422509486303 ], [ -60.186769810297662, -3.282036560358748 ], [ -60.187187520044191, -3.282611475534509 ], [ -60.187658284212866, -3.283141718196018 ], [ -60.188177569178023, -3.283622181743727 ], [ -60.188740373846294, -3.284048238978021 ], [ -60.189341277823395, -3.284415786664883 ], [ -60.189974493626217, -3.284721285054459 ], [ -60.190633922436703, -3.284961791973712 ], [ -60.191313212860003, -3.285134991163229 ], [ -60.19200582212013, -3.285239214585675 ], [ -60.192705079102666, -3.285273458491421 ], [ -60.193404248636156, -3.285237393085927 ], [ -60.194096596391809, -3.285131365706095 ], [ -60.194775453775051, -3.284956397475056 ], [ -60.195434282182575, -3.284714173467322 ], [ -60.196066736004795, -3.284407026479104 ], [ -60.196666723765681, -3.284037914560605 ], [ -60.19722846681006, -3.283610392526096 ], [ -60.197746554972291, -3.283128577716732 ], [ -60.198215998689655, -3.282597110345435 ], [ -60.198632277057996, -3.282021108806394 ], [ -60.198991381366888, -3.281406120379358 ], [ -60.199289853694978, -3.280758067803459 ], [ -60.199524820194377, -3.280083192235774 ], [ -60.199694018744239, -3.279387993143116 ], [ -60.199795820707877, -3.278679165707054 ], [ -60.19982924658531, -3.27796353634428 ], [ -60.19979397541141, -3.277247996963605 ], [ -60.19969034781073, -3.276539438592983 ], [ -60.199519362680768, -3.275844685015316 ], [ -60.199282667537211, -3.275170427052616 ], [ -60.19898254261539, -3.274523158131011 ], [ -60.198621878882228, -3.273909111747289 ], [ -60.198204150171577, -3.27333420143925 ], [ -60.197733379712211, -3.272803963837348 ], [ -60.197214101371529, -3.27232350534671 ], [ -60.196651315988333, -3.271897452972593 ], [ -60.196050443215789, -3.27152990976229 ], [ -60.195417269337831, -3.271224415293591 ], [ -60.194757891561359, -3.270983911588823 ], [ -60.194078659320034, -3.2708107147839 ], [ -60.19338611315392, -3.270706492824571 ], [ -60.192686921752795, -3.270672249404151 ], [ -60.191987817767824, -3.270708314298549 ], [ -60.19129553300882, -3.270814340190521 ], [ -60.190616733649442, -3.270989306014128 ], [ -60.189957956063175, -3.271231526787375 ], [ -60.189325543906541, -3.271538669838316 ], [ -60.188725587054407, -3.271907777268091 ], [ -60.18816386297415, -3.272335294434845 ], [ -60.187645781102603, -3.272817104184618 ], [ -60.187176330760764, -3.273348566498846 ], [ -60.186760033107348, -3.273924563177675 ], [ -60.186400897593899, -3.274539547128238 ], [ -60.186102383340959, -3.275187595783259 ], [ -60.185867365807532, -3.275862468136442 ], [ -60.185698109075709, -3.276557664844505 ], [ -60.185596244018058, -3.277266490817468 ], [ -60.185562752559228, -3.277982119694899 ] ] ] } },
{ "type": "Feature", "properties": { "porto": "Itaituba", "classe": "Porto público", "tipo": "Porto Público", "estado": "PA", "cidade": "Itaituba", "fonte": "envelope estimado (1500 m)", "osm_id": null, "osm_nome": null, "area_km2": 7.0572341037286135 }, "geometry": { "type": "Polygon", "coordinates": [ [ [ -55.9717301906418, -4.273215388336069 ], [ -55.971759887403238, -4.274551224770845 ], [ -55.971918897057861, -4.275877675303444 ], [ -55.972205691536573, -4.277181965411277 ], [ -55.972617511912127, -4.278451533927438 ], [ -55.97315039485143, -4.279674154016568 ], [ -55.973799210679992, -4.280838050933903 ], [ -55.974557712695862, -4.281932015431718 ], [ -55.975418597261495, -4.282945511721341 ], [ -55.976373574097522, -4.283868778950714 ], [ -55.977413446103036, -4.284692925219298 ], [ -55.978528197934509, -4.285410013224939 ], [ -55.979707092490081, -4.286013136716552 ], [ -55.98093877436871, -4.286496487016898 ], [ -55.982211379305873, -4.286855408973726 ], [ -55.983512648528801, -4.287086445799944 ], [ -55.984830046926277, -4.287187372371145 ], [ -55.986150883890801, -4.287157216659101 ], [ -55.987462435664433, -4.28699626909482 ], [ -55.988752068005375, -4.286706079770947 ], [ -55.990007357988695, -4.286289443510735 ], [ -55.991216213763572, -4.285750372946376 ], [ -55.992366991109051, -4.285094059868067 ], [ -55.993448605661833, -4.284326825214436 ], [ -55.994450639731973, -4.283456058187671 ], [ -55.995363442675092, -4.282490145079164 ], [ -55.99617822385293, -4.281438388492485 ], [ -55.996887137286038, -4.280310917741331 ], [ -55.997483357183768, -4.279118591286342 ], [ -55.997961143625247, -4.277872892150408 ], [ -55.998315897760953, -4.276585817321036 ], [ -55.998544206006208, -4.275269762203739 ], [ -55.998643872804749, -4.273937401241341 ], [ -55.998613941651016, -4.272601565847474 ], [ -55.998454704173447, -4.271275120831586 ], [ -55.998167697196244, -4.269970840504159 ], [ -55.997755687812855, -4.26870128565638 ], [ -55.997222646619839, -4.267478682598205 ], [ -55.996573709373287, -4.266314805419943 ], [ -55.995815127441176, -4.265220862610791 ], [ -55.994954207532182, -4.264207389125935 ], [ -55.993999241283902, -4.263284144941028 ], [ -55.992959425390367, -4.262460021071005 ], [ -55.991844773038736, -4.26174295395734 ], [ -55.990666017507948, -4.261139849048182 ], [ -55.98943450885637, -4.260656514306693 ], [ -55.988162104691511, -4.260297604287139 ], [ -55.986861056070595, -4.260066575317951 ], [ -55.985543889627202, -4.259965652221562 ], [ -55.984223287054974, -4.259995806892661 ], [ -55.982911963104286, -4.260156748940283 ], [ -55.981622543261835, -4.260446928483645 ], [ -55.980367442286358, -4.260863551075578 ], [ -55.979158744765186, -4.261402604609012 ], [ -55.978008088837704, -4.262058897948199 ], [ -55.976926554201157, -4.262826110913132 ], [ -55.975924555474379, -4.263696855135147 ], [ -55.975011741943511, -4.264662745199222 ], [ -55.974196904653688, -4.265714479387306 ], [ -55.973487891740731, -4.266841929246504 ], [ -55.972891532818224, -4.268034237119069 ], [ -55.972413573149687, -4.269279920696097 ], [ -55.972058618241675, -4.270566983588196 ], [ -55.971830089394423, -4.271883030848429 ], [ -55.9717301906418, -4.273215388336069 ] ] ] } },
{ "type": "Feature", "properties": { "porto": "Itapiranga", "classe": "IP4 (pequeno porte)", "tipo": "IP4", "estado": "AM", "cidade": "Itapiranga", "fonte": "envelope estimado (800 m)", "osm_id": null, "osm_nome": null, "area_km2": 2.007391033949335 }, "geometry": { "type": "Polygon", "coordinates": [ [ [ -58.014490552845729, -2.749743154135269 ], [ -58.014515644382996, -2.75046123494627 ], [ -58.014608953320817, -2.751173322054919 ], [ -58.014769581951697, -2.75187255765679 ], [ -58.014995984176458, -2.752552207703171 ], [ -58.015285980361782, -2.753205726754822 ], [ -58.015636778302571, -2.753826821019344 ], [ -58.016045000088717, -2.754409508965733 ], [ -58.016506714618366, -2.754948178931945 ], [ -58.017017475445144, -2.755437643170421 ], [ -58.01757236359532, -2.755873187811313 ], [ -58.018166034942851, -2.756250618262033 ], [ -58.018792771685845, -2.756566299605673 ], [ -58.019446537428287, -2.756817191609481 ], [ -58.020121035336174, -2.757000878005849 ], [ -58.020809768806743, -2.757115589763758 ], [ -58.021506104065836, -2.757160222126751 ], [ -58.022203334089163, -2.757134345253128 ], [ -58.022894743230566, -2.757038208355767 ], [ -58.023573671933391, -2.756872737301975 ], [ -58.024233580900727, -2.756639525696177 ], [ -58.024868114104642, -2.756340819531601 ], [ -58.025471160026918, -2.755979495558716 ], [ -58.026036910539922, -2.755559033578716 ], [ -58.026559916859995, -2.755083482928896 ], [ -58.027035142033597, -2.75455742348346 ], [ -58.027458009450449, -2.753985921543979 ], [ -58.027824446916121, -2.753374481046181 ], [ -58.028130925859941, -2.752728990551488 ], [ -58.028374495300767, -2.752055666534963 ], [ -58.028552810244349, -2.75136099351522 ], [ -58.028664154239451, -2.750651661603702 ], [ -58.028707455876834, -2.749934502073779 ], [ -58.028682299073033, -2.749216421571362 ], [ -58.028588927041632, -2.748504335599667 ], [ -58.028428239914795, -2.747805101919428 ], [ -58.028201786039617, -2.747125454505358 ], [ -58.027911747034359, -2.746471938695723 ], [ -58.027560916749671, -2.745850848158299 ], [ -58.027152674338573, -2.745268164280777 ], [ -58.026690951695542, -2.744729498568852 ], [ -58.02618019557876, -2.744240038606728 ], [ -58.025625324780961, -2.743804498099746 ], [ -58.025031682761316, -2.743427071481734 ], [ -58.024404986194696, -2.743111393522276 ], [ -58.023751269933115, -2.742860504324072 ], [ -58.023076828909105, -2.742676820046862 ], [ -58.022388157539396, -2.742562109640328 ], [ -58.021691887211631, -2.742517477808928 ], [ -58.020994722454816, -2.742543354373949 ], [ -58.020303376407, -2.742639490134339 ], [ -58.019624506200131, -2.742804959266584 ], [ -58.018964648883205, -2.743038168240004 ], [ -58.018330158499218, -2.743336871162514 ], [ -58.017727144920869, -2.743698191408368 ], [ -58.01716141503281, -2.744118649319535 ], [ -58.016638416826112, -2.744594195714965 ], [ -58.016163186942507, -2.745120250884101 ], [ -58.015740302173299, -2.745691748689654 ], [ -58.015373835379727, -2.746303185354762 ], [ -58.01506731625954, -2.746948672465273 ], [ -58.014823697337839, -2.747621993676228 ], [ -58.014645325510394, -2.748316664576778 ], [ -58.014533919414433, -2.749025995136956 ], [ -58.014490552845729, -2.749743154135269 ] ] ] } },
{ "type": "Feature", "properties": { "porto": "Laranjal do Jari", "classe": "Porto público", "tipo": "Porto Público", "estado": "AP", "cidade": "Laranjal do Jari", "fonte": "envelope estimado (1500 m)", "osm_id": null, "osm_nome": null, "area_km2": 7.0572341037285042 }, "geometry": { "type": "Polygon", "coordinates": [ [ [ -52.52346689070572, -0.852463429966574 ], [ -52.523466510829962, -0.853825622026892 ], [ -52.523592817483518, -0.855181282869456 ], [ -52.523844597436465, -0.856517356726523 ], [ -52.524219428898853, -0.857820976450836 ], [ -52.524713704728981, -0.859079587434089 ], [ -52.525322667068728, -0.860281068516176 ], [ -52.526040453076376, -0.861413848720311 ], [ -52.526860151319788, -0.862467018690293 ], [ -52.527773868289678, -0.863430435755705 ], [ -52.528772804393988, -0.864294821614319 ], [ -52.529847338702737, -0.865051851689603 ], [ -52.530987121626957, -0.865694235303783 ], [ -52.532181174638424, -0.866215785893639 ], [ -52.533417996067875, -0.866611480592542 ], [ -52.534685671960233, -0.866877508605271 ], [ -52.535971990915861, -0.867011307910005 ], [ -52.537264561807866, -0.867011589932621 ], [ -52.538550933237346, -0.866878351957044 ], [ -52.53981871357152, -0.866612877151348 ], [ -52.541055690403908, -0.866217722209903 ], [ -52.542249948281317, -0.865696692729451 ], [ -52.543389983559635, -0.865054806558041 ], [ -52.544464815278083, -0.864298245468297 ], [ -52.545464090981014, -0.863434295621397 ], [ -52.546378186465283, -0.862471277394723 ], [ -52.547198298490883, -0.86141846524961 ], [ -52.547916529560915, -0.860285998410304 ], [ -52.54852596395461, -0.859084783215271 ], [ -52.549020734281854, -0.857826388080569 ], [ -52.549396077920377, -0.856522932087712 ], [ -52.549648382794437, -0.855186968268142 ], [ -52.549775222057796, -0.853831362709571 ], [ -52.549775377350691, -0.852469170647292 ], [ -52.549648850411437, -0.851113510734748 ], [ -52.549396862935389, -0.849777438703958 ], [ -52.549021844687516, -0.848473821631949 ], [ -52.548527409987571, -0.847215214025081 ], [ -52.547918322798949, -0.846013736913842 ], [ -52.547200450761245, -0.844880961122271 ], [ -52.546380708612688, -0.843827795837129 ], [ -52.545466991549802, -0.842864383548646 ], [ -52.544468099168228, -0.842000002375661 ], [ -52.543393650717704, -0.841242976714489 ], [ -52.542253992487716, -0.840600597073253 ], [ -52.541060098214558, -0.840079049862648 ], [ -52.539823463467265, -0.839683357819372 ], [ -52.538555995026826, -0.839417331636542 ], [ -52.537269896320616, -0.839283533265656 ], [ -52.535977550011481, -0.839283251245052 ], [ -52.534691398867707, -0.839416488290643 ], [ -52.533423826056627, -0.839681961270062 ], [ -52.532187036009731, -0.840077113559203 ], [ -52.530992937002132, -0.840598139663235 ], [ -52.529853026572688, -0.841240021863864 ], [ -52.528778280884296, -0.841996578540977 ], [ -52.527779049086519, -0.842860523703105 ], [ -52.526864953695238, -0.843823537152782 ], [ -52.526044797946902, -0.8448763446123 ], [ -52.525326481018638, -0.846008807037495 ], [ -52.524716921930711, -0.847210018259583 ], [ -52.524221992865165, -0.848468410014966 ], [ -52.523846462544483, -0.849771863352282 ], [ -52.523593950218498, -0.851107825341919 ], [ -52.52346689070572, -0.852463429966574 ] ] ] } },
{ "type": "Feature", "properties": { "porto": "Limoeiro do Ajuru", "classe": "IP4 (pequeno porte)", "tipo": "IP4", "estado": "PA", "cidade": "Limoeiro do Ajuru", "fonte": "envelope estimado (800 m)", "osm_id": null, "osm_nome": null, "area_km2": 2.0073910339493608 }, "geometry": { "type": "Polygon", "coordinates": [ [ [ -49.373446085612493, -1.892902176495927 ], [ -49.373431446963082, -1.893624073898164 ], [ -49.37348487297897, -1.894343985333334 ], [ -49.373605850059398, -1.895054977654335 ], [ -49.373793214004287, -1.895750203601768 ], [ -49.374045161192591, -1.8964229677475 ], [ -49.37435926592142, -1.897066790976013 ], [ -49.374732503740603, -1.897675472883074 ], [ -49.375161280558622, -1.898243151490283 ], [ -49.375641467240555, -1.898764359700513 ], [ -49.376168439365493, -1.899234077950869 ], [ -49.376737121760662, -1.899647782555325 ], [ -49.37734203738367, -1.900001489272026 ], [ -49.377977360081644, -1.900291791675145 ], [ -49.378636970718965, -1.900515893962136 ], [ -49.379314516132105, -1.900671637880079 ], [ -49.38000347034297, -1.900757523511739 ], [ -49.380697197440149, -1.900772723721422 ], [ -49.381389015521158, -1.900717092120936 ], [ -49.382072261078662, -1.900591164479617 ], [ -49.382740353209016, -1.900396153564331 ], [ -49.383386857023673, -1.90013393745913 ], [ -49.384005545651242, -1.899807041477569 ], [ -49.384590460232062, -1.89941861384151 ], [ -49.385135967326391, -1.898972395360399 ], [ -49.385636813182622, -1.898472683403887 ], [ -49.386088174342206, -1.897924290514218 ], [ -49.386485704093722, -1.897332498057255 ], [ -49.386825574328569, -1.896703005358105 ], [ -49.387104512395425, -1.896041874812299 ], [ -49.38731983259904, -1.895355473499906 ], [ -49.387469462040684, -1.894650411866035 ], [ -49.387551960552393, -1.89393348005761 ], [ -49.387566534534081, -1.893211582529964 ], [ -49.387513044561516, -1.892491671552565 ], [ -49.387392006693297, -1.89178068025499 ], [ -49.387204587465511, -1.891085455857276 ], [ -49.386952592623729, -1.890412693728018 ], [ -49.386638449702119, -1.889768872905158 ], [ -49.386265184618587, -1.889160193700567 ], [ -49.385836392512395, -1.888592517988822 ], [ -49.385356203105985, -1.888071312755714 ], [ -49.384829240924972, -1.887601597449709 ], [ -49.384260580759985, -1.887187895643703 ], [ -49.383655698799132, -1.886834191472055 ], [ -49.383020419901655, -1.886543891262808 ], [ -49.382360861519942, -1.886319790734078 ], [ -49.381683374809384, -1.886164048071268 ], [ -49.380994483492152, -1.886078163143447 ], [ -49.380300821062704, -1.886062963059172 ], [ -49.379609066938364, -1.886118594201888 ], [ -49.378925882168659, -1.886244520819831 ], [ -49.378257845321194, -1.886439530185382 ], [ -49.377611389160016, -1.886701744274158 ], [ -49.376992738725235, -1.887028637849998 ], [ -49.376407851408764, -1.88741706278357 ], [ -49.3758623596026, -1.887863278369269 ], [ -49.375361516470846, -1.888362987348711 ], [ -49.374910145367338, -1.888911377293977 ], [ -49.374512593385631, -1.889503166952456 ], [ -49.374172689488638, -1.890132657106518 ], [ -49.373893707621285, -1.890793785458554 ], [ -49.373678335162069, -1.891480185012669 ], [ -49.373528647017842, -1.89218524539139 ], [ -49.373446085612493, -1.892902176495927 ] ] ] } },
{ "type": "Feature", "properties": { "porto": "Manacapuru", "classe": "IP4 (pequeno porte)", "tipo": "IP4", "estado": "AM", "cidade": "Manacapuru", "fonte": "envelope estimado (800 m)", "osm_id": null, "osm_nome": null, "area_km2": 2.0073910339493466 }, "geometry": { "type": "Polygon", "coordinates": [ [ [ -60.614065657714512, -3.302938777707091 ], [ -60.614102847892198, -3.303654114961196 ], [ -60.614208388507329, -3.304362275188743 ], [ -60.614381264051971, -3.305056438397754 ], [ -60.6146198104734, -3.305729919381799 ], [ -60.614921731167911, -3.306376232103668 ], [ -60.61528411907026, -3.306989152161227 ], [ -60.615703484627431, -3.307562776733936 ], [ -60.61617578938796, -3.308091581432823 ], [ -60.616696484884194, -3.308570473506064 ], [ -60.617260556433166, -3.308994840887785 ], [ -60.617862571434628, -3.309360596617655 ], [ -60.61849673170083, -3.309664218203208 ], [ -60.619156929313682, -3.30990278154589 ], [ -60.619836805470733, -3.31007398910392 ], [ -60.620529811752284, -3.310176192020625 ], [ -60.621229273218532, -3.310208406005134 ], [ -60.621928452727978, -3.310170320812591 ], [ -60.622620615855965, -3.310062303231985 ], [ -60.623299095787303, -3.309885393553799 ], [ -60.623957357556016, -3.309641295550242 ], [ -60.624589061012792, -3.309332360065843 ], [ -60.625188121911997, -3.308961562375665 ], [ -60.625748770529242, -3.308532473529687 ], [ -60.626265607243873, -3.308049225958768 ], [ -60.626733654550627, -3.307516473674761 ], [ -60.62714840499892, -3.306939347446723 ], [ -60.627505864598255, -3.306323405386201 ], [ -60.627802591271582, -3.305674579416652 ], [ -60.628035727986983, -3.304999118143438 ], [ -60.628203030249011, -3.304303526674017 ], [ -60.628302887686068, -3.303594503968744 ], [ -60.628334339526859, -3.302878878324569 ], [ -60.628297083818104, -3.302163541614093 ], [ -60.628191480296238, -3.301455382913014 ], [ -60.628018546886679, -3.300761222154649 ], [ -60.627779949865825, -3.30008774445117 ], [ -60.627477987781944, -3.299441435713748 ], [ -60.627115569290829, -3.29882852019148 ], [ -60.626696185120998, -3.298254900530502 ], [ -60.626223874439184, -3.297726100931112 ], [ -60.625703185940594, -3.29724721394915 ], [ -60.625139134039294, -3.29682285145475 ], [ -60.62453715058048, -3.296457100220544 ], [ -60.623903032539729, -3.296153482566147 ], [ -60.623242886212417, -3.295914922439091 ], [ -60.622563068430146, -3.295743717257549 ], [ -60.621870125369298, -3.295641515786917 ], [ -60.621170729540125, -3.295609302262445 ], [ -60.620471615561755, -3.295647386911309 ], [ -60.61977951534049, -3.295755402965463 ], [ -60.619101093274097, -3.295932310193037 ], [ -60.618442882104773, -3.296176404916045 ], [ -60.617811220037382, -3.29648533641598 ], [ -60.617212189726942, -3.296856129570816 ], [ -60.616651559722371, -3.297285213505114 ], [ -60.616134728929012, -3.297768455976535 ], [ -60.615666674624613, -3.298301203169298 ], [ -60.615251904528641, -3.298878324509929 ], [ -60.614894413386672, -3.299494262074823 ], [ -60.614597644487901, -3.300143084113216 ], [ -60.614364456486946, -3.300818542170853 ], [ -60.614197095850137, -3.301514131263685 ], [ -60.614097175192384, -3.302223152522919 ], [ -60.614065657714512, -3.302938777707091 ] ] ] } },
{ "type": "Feature", "properties": { "porto": "Manaquiri", "classe": "IP4 (pequeno porte)", "tipo": "IP4", "estado": "AM", "cidade": "Manaquiri", "fonte": "envelope estimado (800 m)", "osm_id": null, "osm_nome": null, "area_km2": 2.0073910339493457 }, "geometry": { "type": "Polygon", "coordinates": [ [ [ -60.451559859949647, -3.428089928048824 ], [ -60.451596329162619, -3.428804816965285 ], [ -60.451701211583348, -3.42951260878743 ], [ -60.451873498044755, -3.430206487070608 ], [ -60.45211153016966, -3.430879769351228 ], [ -60.452413016309748, -3.431525971504154 ], [ -60.452775053587374, -3.432138870189979 ], [ -60.453194155828697, -3.432712562791743 ], [ -60.453666287120562, -3.433241524262745 ], [ -60.45418690066807, -3.433720660338757 ], [ -60.454750982579327, -3.434145356601291 ], [ -60.455353100155797, -3.434511522920098 ], [ -60.455987454222907, -3.434815632846038 ], [ -60.456647934996774, -3.435054757575434 ], [ -60.457328180948018, -3.435226594158165 ], [ -60.458021640095211, -3.435329487678361 ], [ -60.458721633136314, -3.43536244719335 ], [ -60.459421417809132, -3.435325155278029 ], [ -60.460114253859217, -3.435217971081764 ], [ -60.460793467988658, -3.435041926869666 ], [ -60.461452518158495, -3.434798718080321 ], [ -60.462085056624147, -3.434490686996209 ], [ -60.462684991095848, -3.434120800184506 ], [ -60.463246543433698, -3.433692619925147 ], [ -60.463764305311358, -3.433210269901464 ], [ -60.464233290311554, -3.432678395484088 ], [ -60.464648981951321, -3.432102118990472 ], [ -60.465007377174508, -3.431486990351284 ], [ -60.465305024892423, -3.430838933658748 ], [ -60.465539059202399, -3.430164190111889 ], [ -60.465707226964589, -3.429469257907914 ], [ -60.465807909472566, -3.428760829659427 ], [ -60.465840138010037, -3.428045727939396 ], [ -60.465803603145062, -3.427330839575168 ], [ -60.465698657673677, -3.426623049324405 ], [ -60.465526313186011, -3.425929173571471 ], [ -60.465288230289154, -3.425255894682689 ], [ -60.464986702582522, -3.424609696652833 ], [ -60.464624634541202, -3.423996802662779 ], [ -60.464205513521193, -3.423423115149181 ], [ -60.46373337615735, -3.422894158963086 ], [ -60.463212769477913, -3.422415028165713 ], [ -60.462648707110823, -3.421990336972674 ], [ -60.462046621003559, -3.421624175319404 ], [ -60.461412309121343, -3.421320069475663 ], [ -60.460751879626919, -3.421080948088369 ], [ -60.460071692079033, -3.420909113979108 ], [ -60.459378296214702, -3.420806221968762 ], [ -60.45867836890401, -3.42077326294198 ], [ -60.457978649883223, -3.420810554305137 ], [ -60.45728587688378, -3.420917736929986 ], [ -60.456606720780577, -3.421093778611839 ], [ -60.455947721382714, -3.421336984009364 ], [ -60.455315224483591, -3.42164501097049 ], [ -60.45471532077562, -3.422014893086355 ], [ -60.454153787216434, -3.422443068257548 ], [ -60.453636031410745, -3.422925412996288 ], [ -60.4531670395425, -3.423457282135026 ], [ -60.452751328358538, -3.424033553559182 ], [ -60.452392901666158, -3.424648677532901 ], [ -60.452095211763336, -3.42529673014317 ], [ -60.451861126173924, -3.425971470347926 ], [ -60.451692900008382, -3.426666400078381 ], [ -60.451592154217543, -3.427374826816984 ], [ -60.451559859949647, -3.428089928048824 ] ] ] } },
{ "type": "Feature", "properties": { "porto": "Manaus Moderna", "classe": "Porto público", "tipo": "Porto Público", "estado": "AM", "cidade": "Manaus", "fonte": "OSM (área portuária mapeada)", "osm_id": "way/948435300", "osm_nome": "Plataforma Malcher", "area_km2": 0.01713349117779181 }, "geometry": { "type": "Polygon", "coordinates": [ [ [ -60.029926, -3.134653299999965 ], [ -60.0303635, -3.1356193 ], [ -60.0291188, -3.1361362 ], [ -60.0289278, -3.1356501 ], [ -60.0288353, -3.1355824 ], [ -60.0287799, -3.1355516 ], [ -60.0287121, -3.135404 ], [ -60.0286998, -3.1352625 ], [ -60.0290449, -3.135164 ], [ -60.0289956, -3.1350594 ], [ -60.029926, -3.134653299999965 ] ] ] } },
{ "type": "Feature", "properties": { "porto": "Manicoré", "classe": "IP4 (pequeno porte)", "tipo": "IP4", "estado": "AM", "cidade": "Manicoré", "fonte": "envelope estimado (800 m)", "osm_id": null, "osm_nome": null, "area_km2": 2.007391033949335 }, "geometry": { "type": "Polygon", "coordinates": [ [ [ -61.293394000415333, -5.803940724434521 ], [ -61.293434993428043, -5.804646646152324 ], [ -61.293545433435597, -5.805345174202976 ], [ -61.293724257773725, -5.806029581340828 ], [ -61.293969745123121, -5.806693276289431 ], [ -61.294279532053736, -5.807329867221808 ], [ -61.294650635757165, -5.807933223320021 ], [ -61.295079482749308, -5.80849753382248 ], [ -61.295561943267806, -5.809017363988809 ], [ -61.296093371033585, -5.8094877074441 ], [ -61.296668647993933, -5.809904034397964 ], [ -61.297282233616556, -5.810262335273784 ], [ -61.297928218259464, -5.810559159327503 ], [ -61.298600380102357, -5.810791647884688 ], [ -61.299292245090605, -5.810957561874848 ], [ -61.299997149313462, -5.811055303397671 ], [ -61.300708303214677, -5.811083931114201 ], [ -61.301418857015918, -5.811043169313665 ], [ -61.302121966721458, -5.810933410569016 ], [ -61.302810860067041, -5.810755711955827 ], [ -61.303478901776337, -5.810511784870582 ], [ -61.304119657495214, -5.810203978546443 ], [ -61.304726955786847, -5.809835257425823 ], [ -61.305294947589381, -5.80940917260752 ], [ -61.305818162562822, -5.808929827642948 ], [ -61.306291561781713, -5.808401839012424 ], [ -61.306710586265751, -5.80783029166085 ], [ -61.307071200880934, -5.807220690022176 ], [ -61.307369933188539, -5.806578905003883 ], [ -61.307603906868302, -5.805911117443043 ], [ -61.307770869394432, -5.805223758577389 ], [ -61.30786921369927, -5.804523448106213 ], [ -61.307897993616521, -5.803816930436742 ], [ -61.307856932957279, -5.803111009730484 ], [ -61.30774642813217, -5.802412484375037 ], [ -61.307567544296354, -5.801728081512565 ], [ -61.307322005055603, -5.801064392255064 ], [ -61.307012175834139, -5.800427808210957 ], [ -61.306641041065561, -5.799824459933351 ], [ -61.306212175427781, -5.799260157883329 ], [ -61.305729709399706, -5.798740336476524 ], [ -61.305198289472152, -5.798270001751069 ], [ -61.304623033396616, -5.797853683162002 ], [ -61.304009480902756, -5.797495389964459 ], [ -61.303363540359506, -5.797198572607425 ], [ -61.302691431892391, -5.796966089507914 ], [ -61.301999627504856, -5.79680017952676 ], [ -61.301294788778804, -5.796702440410193 ], [ -61.300583702753485, -5.79667381340469 ], [ -61.299873216598762, -5.796714574193683 ], [ -61.29917017171077, -5.796824330243125 ], [ -61.298481337862874, -5.797002024580959 ], [ -61.29781334804494, -5.797245945975095 ], [ -61.297172634616921, -5.797553745411024 ], [ -61.296565367390436, -5.797922458711001 ], [ -61.295997394233531, -5.798348535076859 ], [ -61.295474184769652, -5.798827871281943 ], [ -61.295000777712545, -5.79935585118258 ], [ -61.294581732343708, -5.799927390169354 ], [ -61.294221084599755, -5.800536984129804 ], [ -61.293922308192492, -5.801178762451404 ], [ -61.293688281136959, -5.801846544554527 ], [ -61.293521258010102, -5.802533899411149 ], [ -61.293422848208479, -5.80323420747607 ], [ -61.293394000415333, -5.803940724434521 ] ] ] } },
{ "type": "Feature", "properties": { "porto": "Marechal Thaumaturgo", "classe": "Porto público", "tipo": "Porto Público", "estado": "AC", "cidade": "Marechal Thaumaturgo", "fonte": "envelope estimado (1500 m)", "osm_id": null, "osm_nome": null, "area_km2": 7.0572341037287689 }, "geometry": { "type": "Polygon", "coordinates": [ [ [ -72.77203698997883, -8.948333688997524 ], [ -72.772218357281119, -8.949628965197558 ], [ -72.772531280961658, -8.950900953523243 ], [ -72.772972750612723, -8.952137403732715 ], [ -72.77353851748326, -8.953326407724429 ], [ -72.774223135287428, -8.954456514234172 ], [ -72.775020012564539, -8.955516839136623 ], [ -72.775921476089991, -8.956497170287721 ], [ -72.776918844728641, -8.957388065897581 ], [ -72.778002513021661, -8.958180945485758 ], [ -72.779162043701987, -8.958868172541642 ], [ -72.780386268247369, -8.95944312809308 ], [ -72.781663394501138, -8.959900274473911 ], [ -72.782981120321892, -8.96023520867487 ], [ -72.78432675216429, -8.96044470476426 ], [ -72.785687327444876, -8.960526744967829 ], [ -72.787049739510223, -8.960480539109575 ], [ -72.788400863998234, -8.960306532224543 ], [ -72.789727685370977, -8.960006400271238 ], [ -72.791017422394816, -8.959583033984266 ], [ -72.792257651354376, -8.95904051102365 ], [ -72.793436425809006, -8.958384056688633 ], [ -72.794542391734197, -8.957619993575882 ], [ -72.795564896935417, -8.956755680667015 ], [ -72.796494093678405, -8.955799442432891 ], [ -72.797321033545458, -8.954760488639101 ], [ -72.798037753603737, -8.953648825624995 ], [ -72.798637353056165, -8.952475159912348 ], [ -72.799114059637986, -8.951250795072689 ], [ -72.799463285122016, -8.949987522847378 ], [ -72.799681669401295, -8.948697509569943 ], [ -72.799767112728617, -8.947393178984701 ], [ -72.799718795807081, -8.946087092591531 ], [ -72.799537187543223, -8.944791828668242 ], [ -72.799224040393284, -8.943519861137155 ], [ -72.798782373352765, -8.94228343944086 ], [ -72.798216442758275, -8.941094470585286 ], [ -72.797531701187495, -8.939964404484364 ], [ -72.796734744857389, -8.938904123710428 ], [ -72.79583325003054, -8.937923838711828 ], [ -72.794835899044941, -8.937032989504736 ], [ -72.793752296681049, -8.93624015478645 ], [ -72.79259287767232, -8.935552969343204 ], [ -72.791368806249508, -8.934978050547981 ], [ -72.790091868684883, -8.934520934654483 ], [ -72.788774359868611, -8.934186023500322 ], [ -72.787428965006711, -8.933976542131539 ], [ -72.786068637575539, -8.933894507756639 ], [ -72.784706474703881, -8.933940710327708 ], [ -72.783355591177425, -8.934114704935942 ], [ -72.782028993274082, -8.934414816094726 ], [ -72.780739453639711, -8.934838153868414 ], [ -72.779499388404091, -8.935380641692911 ], [ -72.778320737716058, -8.936037055619169 ], [ -72.777214850843862, -8.936801074603354 ], [ -72.776192376944053, -8.937665341359768 ], [ -72.775263162548001, -8.938621533191077 ], [ -72.774436156751818, -8.939660442114988 ], [ -72.773719325021943, -8.940772063516484 ], [ -72.773119572446944, -8.941945692472903 ], [ -72.772642677175966, -8.943170026825223 ], [ -72.772293234687453, -8.944433276003721 ], [ -72.772074613427719, -8.945723274560597 ], [ -72.771988922250969, -8.947027599317131 ], [ -72.77203698997883, -8.948333688997524 ] ] ] } },
{ "type": "Feature", "properties": { "porto": "Maués", "classe": "IP4 (pequeno porte)", "tipo": "IP4", "estado": "AM", "cidade": "Maués", "fonte": "envelope estimado (800 m)", "osm_id": null, "osm_nome": null, "area_km2": 2.007391033949335 }, "geometry": { "type": "Polygon", "coordinates": [ [ [ -57.713661295879888, -3.392119999179729 ], [ -57.713685100314478, -3.392835585224026 ], [ -57.713777416293475, -3.393545338004872 ], [ -57.713937355680649, -3.394242422195274 ], [ -57.714163379023312, -3.394920124459935 ], [ -57.714453310345469, -3.395571918109336 ], [ -57.714804358074645, -3.39619152595745 ], [ -57.715213141902289, -3.396772980776261 ], [ -57.715675725319869, -3.397310682766408 ], [ -57.716187653517807, -3.397799453488545 ], [ -57.716743996283178, -3.398234585737978 ], [ -57.71733939548276, -3.39861188888016 ], [ -57.717968116674378, -3.398927729211596 ], [ -57.718624104348876, -3.399179064957326 ], [ -57.719301040270381, -3.399363475566865 ], [ -57.719992404351785, -3.399479185027535 ], [ -57.720691537478508, -3.3995250789698 ], [ -57.721391705673966, -3.399500715400104 ], [ -57.722086164987715, -3.399406328958197 ], [ -57.722768226479744, -3.3992428286569 ], [ -57.72343132067396, -3.399011789127173 ], [ -57.724069060858497, -3.398715435452392 ], [ -57.724675304622174, -3.398356621737431 ], [ -57.725244213033271, -3.397938803620316 ], [ -57.72577030688975, -3.397466004989671 ], [ -57.726248519498746, -3.396942779229942 ], [ -57.726674245476111, -3.396374165366727 ], [ -57.727043385096366, -3.395765639535452 ], [ -57.727352383765727, -3.3951230622403 ], [ -57.727598266238552, -3.394452621911718 ], [ -57.727778665248245, -3.393760775306339 ], [ -57.727891844277849, -3.393054185322657 ], [ -57.727936714251939, -3.392339656832636 ], [ -57.727912843990438, -3.391624071145645 ], [ -57.727820464324829, -3.39091431973793 ], [ -57.727660465838852, -3.390217237883581 ], [ -57.727434390256263, -3.389539538828155 ], [ -57.727144415560652, -3.388887749137842 ], [ -57.726793334991299, -3.388268145846624 ], [ -57.726384530118757, -3.387686696007195 ], [ -57.725921938260349, -3.387148999227831 ], [ -57.725410014550008, -3.386660233747364 ], [ -57.724853689028194, -3.386225106569203 ], [ -57.724258319165472, -3.385847808133009 ], [ -57.723629638276634, -3.385531971961312 ], [ -57.722973700322008, -3.385280639669348 ], [ -57.72229682162677, -3.385096231674791 ], [ -57.721605520078825, -3.384980523889946 ], [ -57.72090645238967, -3.38493463061988 ], [ -57.720206350021137, -3.384958993832202 ], [ -57.719511954393987, -3.385053378900996 ], [ -57.718829952000775, -3.385216876866256 ], [ -57.71816691004647, -3.385447913186663 ], [ -57.717529213235387, -3.385744262902408 ], [ -57.716923002311887, -3.386103072060472 ], [ -57.716354114945688, -3.386520885198172 ], [ -57.71582802953003, -3.386993678618117 ], [ -57.715349812433452, -3.387516899136126 ], [ -57.714924069212522, -3.388085507928069 ], [ -57.714554900255408, -3.388694029053407 ], [ -57.714245861283267, -3.389336602188786 ], [ -57.713999929090576, -3.390007039063551 ], [ -57.713819472854617, -3.390698883053932 ], [ -57.713706231291532, -3.391405471361805 ], [ -57.713661295879888, -3.392119999179729 ] ] ] } },
{ "type": "Feature", "properties": { "porto": "Monte Alegre", "classe": "IP4 (pequeno porte)", "tipo": "IP4", "estado": "PA", "cidade": "Monte Alegre", "fonte": "envelope estimado (800 m)", "osm_id": null, "osm_nome": null, "area_km2": 2.0073910339493906 }, "geometry": { "type": "Polygon", "coordinates": [ [ [ -54.063229902545693, -2.009200929803131 ], [ -54.063236759934874, -2.009922468153903 ], [ -54.063311640747273, -2.010639830622803 ], [ -54.063453824751434, -2.011346108607459 ], [ -54.063661943492804, -2.01203450024664 ], [ -54.063933993439868, -2.012698375926566 ], [ -54.064267355249797, -2.013331342128827 ], [ -54.064658818969285, -2.0139273030046 ], [ -54.065104614928863, -2.014480519082437 ], [ -54.065600450033713, -2.014985662544262 ], [ -54.066141549102291, -2.015437868536839 ], [ -54.066722700854598, -2.015832782024841 ], [ -54.06733830810736, -2.016166599733562 ], [ -54.06798244169233, -2.0164361067787 ], [ -54.068648897577958, -2.016638707628446 ], [ -54.069331256643444, -2.016772451101209 ], [ -54.070022946528631, -2.016836049157696 ], [ -54.07071730496282, -2.016828889305744 ], [ -54.071407643961393, -2.016751040499622 ], [ -54.072087314270661, -2.016603252475642 ], [ -54.072749769438836, -2.016386948531589 ], [ -54.07338862889479, -2.016104211818795 ], [ -54.073997739425941, -2.015757765279225 ], [ -54.074571234461821, -2.015350945420873 ], [ -54.075103590591745, -2.014887670183788 ], [ -54.07558968077133, -2.014372401206686 ], [ -54.076024823705048, -2.01381010085698 ], [ -54.076404828928879, -2.013206184439016 ], [ -54.076726037159155, -2.012566468039535 ], [ -54.076985355518971, -2.011897112514613 ], [ -54.077180287303854, -2.011204564155209 ], [ -54.077308956000465, -2.010495492605096 ], [ -54.077370123328208, -2.009776726627436 ], [ -54.077363201131206, -2.009055188339321 ], [ -54.077288257007176, -2.00833782654793 ], [ -54.077146013620634, -2.007631549829614 ], [ -54.076937841708158, -2.006943159996858 ], [ -54.07666574684459, -2.006279286594054 ], [ -54.07633235009888, -2.005646323052187 ], [ -54.075940862766892, -2.005050365117741 ], [ -54.075495055425527, -2.004497152149151 ], [ -54.07499922160698, -2.003992011845087 ], [ -54.074458136443361, -2.003539808937251 ], [ -54.073877010680327, -2.003144898342677 ], [ -54.073261440502392, -2.002811083224643 ], [ -54.07261735365303, -2.002541578368009 ], [ -54.071950952367779, -2.002338979220515 ], [ -54.071268653669158, -2.002205236898252 ], [ -54.07057702759748, -2.002141639396369 ], [ -54.069882733971127, -2.002148799185596 ], [ -54.069192458284171, -2.002226647314226 ], [ -54.068512847357283, -2.002374434071899 ], [ -54.067850445360229, -2.002590736209494 ], [ -54.067211630820765, -2.002873470645183 ], [ -54.066602555225401, -2.003219914524359 ], [ -54.066029083802015, -2.003626731441399 ], [ -54.065496739053884, -2.004090003569154 ], [ -54.065010647587989, -2.004605269388596 ], [ -54.064575490749313, -2.005167566653476 ], [ -54.064195459536208, -2.005771480178097 ], [ -54.06387421423112, -2.006411193986841 ], [ -54.063614849135682, -2.00708054732331 ], [ -54.063419862750429, -2.007773093980461 ], [ -54.063291133686953, -2.008482164380041 ], [ -54.063229902545693, -2.009200929803131 ] ] ] } },
{ "type": "Feature", "properties": { "porto": "Nhamundá", "classe": "IP4 (pequeno porte)", "tipo": "IP4", "estado": "AM", "cidade": "Nhamundá", "fonte": "envelope estimado (800 m)", "osm_id": null, "osm_nome": null, "area_km2": 2.0073910339493422 }, "geometry": { "type": "Polygon", "coordinates": [ [ [ -56.705616880054983, -2.192708363014766 ], [ -56.705635875744598, -2.193428907805369 ], [ -56.705722893908479, -2.194144049426638 ], [ -56.705877097420426, -2.194846900661624 ], [ -56.706097002059835, -2.195530692647387 ], [ -56.706380490773199, -2.196188840063594 ], [ -56.7067248340337, -2.19681500455412 ], [ -56.707126716104035, -2.197403155769852 ], [ -56.707582266950475, -2.197947629446392 ], [ -56.708087099501483, -2.198443181955526 ], [ -56.708636351892487, -2.198885040806076 ], [ -56.709224734290295, -2.199268950607726 ], [ -56.709846579846008, -2.199591214054486 ], [ -56.710495899285405, -2.199848727533451 ], [ -56.711166438610526, -2.200039011015845 ], [ -56.711851739355872, -2.200160231942466 ], [ -56.712545200817885, -2.200211222873118 ], [ -56.713240143657302, -2.200191492730124 ], [ -56.713929874260401, -2.200101231528353 ], [ -56.714607749238105, -2.199941308544841 ], [ -56.715267239440259, -2.199713263946808 ], [ -56.715901992867366, -2.199419293958261 ], [ -56.71650589587253, -2.19906222970786 ], [ -56.717073132063277, -2.198645509962249 ], [ -56.717598238334844, -2.198173148007242 ], [ -56.718076157494814, -2.197649692995795 ], [ -56.718502286971706, -2.197080186135331 ], [ -56.718872523138273, -2.196470112136268 ], [ -56.719183300822749, -2.195825346389417 ], [ -56.719431627627813, -2.195152098380934 ], [ -56.719615112727432, -2.194456851890186 ], [ -56.71973198986506, -2.193746302546109 ], [ -56.719781134332663, -2.193027293343624 ], [ -56.719762073768372, -2.192306748741264 ], [ -56.719674992669994, -2.191591607974647 ], [ -56.719520730582282, -2.190888758227896 ], [ -56.719300773976869, -2.190204968306694 ], [ -56.719017241904282, -2.189546823452048 ], [ -56.718672865557615, -2.188920661921778 ], [ -56.718270961945649, -2.188332513951069 ], [ -56.717815401929947, -2.187788043679698 ], [ -56.717310572934423, -2.187292494605022 ], [ -56.716761336687007, -2.1868506390862 ], [ -56.716172982400494, -2.186466732385546 ], [ -56.715551175843494, -2.186144471689846 ], [ -56.714901904791525, -2.18588696050632 ], [ -56.714231421383047, -2.185696678775444 ], [ -56.713546181934717, -2.185575458989211 ], [ -56.712852784794471, -2.18552446854401 ], [ -56.712157906829738, -2.185544198498761 ], [ -56.711468239161128, -2.185634458845896 ], [ -56.710790422759189, -2.185794380341207 ], [ -56.710130984523047, -2.186022422874646 ], [ -56.709496274455162, -2.186316390301632 ], [ -56.708892404536158, -2.186673451591811 ], [ -56.708325189887042, -2.187090168092364 ], [ -56.707800092784737, -2.187562526642234 ], [ -56.70732217006929, -2.188085978219207 ], [ -56.70689602444881, -2.188655481747961 ], [ -56.70652576017094, -2.189265552646011 ], [ -56.706214943487758, -2.189910315641802 ], [ -56.705966568295267, -2.190583561354881 ], [ -56.705783027278997, -2.191278806094044 ], [ -56.70566608884436, -2.191989354297715 ], [ -56.705616880054983, -2.192708363014766 ] ] ] } },
{ "type": "Feature", "properties": { "porto": "Nova Olinda do Norte", "classe": "IP4 (pequeno porte)", "tipo": "IP4", "estado": "AM", "cidade": "Nova Olinda do Norte", "fonte": "envelope estimado (800 m)", "osm_id": null, "osm_nome": null, "area_km2": 2.0073910339493466 }, "geometry": { "type": "Polygon", "coordinates": [ [ [ -59.086737619869076, -3.888336280687246 ], [ -59.086767869896214, -3.88904970226904 ], [ -59.086866797498388, -3.889756673174578 ], [ -59.087033450867047, -3.89045038486359 ], [ -59.08726622588788, -3.891124156473566 ], [ -59.087562881556636, -3.891771499161766 ], [ -59.08792056153257, -3.892386178598157 ], [ -59.088335821622955, -3.892962275008204 ], [ -59.088804662934685, -3.893494240186179 ], [ -59.089322570374868, -3.893976950930873 ], [ -59.089884556129476, -3.894405758387796 ], [ -59.090485207701924, -3.894776532823799 ], [ -59.091118740048607, -3.895085703401696 ], [ -59.091779051308947, -3.895330292572331 ], [ -59.092459781592666, -3.895507944752695 ], [ -59.093154374257054, -3.895616949013467 ], [ -59.093856139083321, -3.895656255557929 ], [ -59.094558316742024, -3.895625485833169 ], [ -59.095254143925708, -3.89552493617582 ], [ -59.095936918519818, -3.89535557495819 ], [ -59.09660006418305, -3.89511903326117 ], [ -59.097237193713724, -3.894817589164699 ], [ -59.097842170590731, -3.894454145806306 ], [ -59.098409168095237, -3.89403220341994 ], [ -59.098932725442836, -3.893555825623857 ], [ -59.09940780038503, -3.893029600282459 ], [ -59.099829817772857, -3.892458595319483 ], [ -59.10019471361489, -3.891848309907763 ], [ -59.100498974205422, -3.891204621506023 ], [ -59.100739669946485, -3.890533729252796 ], [ -59.100914483538467, -3.88984209426271 ], [ -59.101021732268826, -3.8891363774003 ], [ -59.101060384185352, -3.888423375130651 ], [ -59.101030067999382, -3.887709954064785 ], [ -59.10093107662501, -3.887002984830016 ], [ -59.100764364321513, -3.886309275902392 ], [ -59.100531537468058, -3.885635508038335 ], [ -59.100234839060782, -3.884988169936531 ], [ -59.099877127082813, -3.884373495750831 ], [ -59.099461846956771, -3.883797405054067 ], [ -59.098992998345643, -3.883265445832243 ], [ -59.098475096622884, -3.882782741057812 ], [ -59.097913129382782, -3.882353939355745 ], [ -59.09731250841044, -3.881983170238104 ], [ -59.096679017573493, -3.881674004337623 ], [ -59.096018757137344, -3.881429419023795 ], [ -59.095338085039131, -3.881251769731346 ], [ -59.094643555685487, -3.881142767278598 ], [ -59.093941856862244, -3.881103461392788 ], [ -59.093239745362375, -3.881134230601619 ], [ -59.092543981950882, -3.881234778588215 ], [ -59.091861266291602, -3.881404137044458 ], [ -59.091198172461006, -3.88164067499561 ], [ -59.090561085668867, -3.881942114505634 ], [ -59.089956140793859, -3.882305552613287 ], [ -59.089389163325045, -3.882727489286403 ], [ -59.088865613276838, -3.883203861126352 ], [ -59.088390532617211, -3.883730080497503 ], [ -59.087968496714865, -3.884301079705606 ], [ -59.087603570272741, -3.884911359798946 ], [ -59.087299268172458, -3.885555043523272 ], [ -59.087058521607212, -3.886225931919708 ], [ -59.086883649829744, -3.886917564021932 ], [ -59.086776337788621, -3.887623279076265 ], [ -59.086737619869076, -3.888336280687246 ] ] ] } },
{ "type": "Feature", "properties": { "porto": "Novo Airão", "classe": "IP4 (pequeno porte)", "tipo": "IP4", "estado": "AM", "cidade": "Novo Airão", "fonte": "envelope estimado (800 m)", "osm_id": null, "osm_nome": null, "area_km2": 2.0073910339493466 }, "geometry": { "type": "Polygon", "coordinates": [ [ [ -60.937296904328313, -2.621924532391966 ], [ -60.937335418036596, -2.622642495261703 ], [ -60.937441968525526, -2.623353103994201 ], [ -60.937615530552385, -2.624049515021206 ], [ -60.937854433444109, -2.624725021495413 ], [ -60.938156377155032, -2.625373117882408 ], [ -60.938518454389914, -2.625987562613637 ], [ -60.938937178580225, -2.626562438198101 ], [ -60.939408517445067, -2.627092208212984 ], [ -60.939927931814104, -2.627571770624756 ], [ -60.94049041933922, -2.627996506926516 ], [ -60.941090562673807, -2.628362326619157 ], [ -60.941722581655746, -2.628665706607294 ], [ -60.942380388990905, -2.628903725130709 ], [ -60.943057648900421, -2.629074089903902 ], [ -60.943747838165962, -2.629175160193796 ], [ -60.944444308983968, -2.629205962621794 ], [ -60.945140353022381, -2.629166200538662 ], [ -60.945829266061523, -2.629056256881462 ], [ -60.946504412595424, -2.628877190485579 ], [ -60.947159289769765, -2.628630725886834 ], [ -60.947787590039638, -2.628319236712089 ], [ -60.948383261942311, -2.627945722818481 ], [ -60.948940568398655, -2.627513781401477 ], [ -60.949454141981086, -2.627027572349698 ], [ -60.949919036614794, -2.626491778181007 ], [ -60.950330775214297, -2.625911558944706 ], [ -60.950685392796196, -2.625292502525463 ], [ -60.950979474653195, -2.624640570826621 ], [ -60.951210189222181, -2.623962042351967 ], [ -60.95137531533036, -2.62326345173834 ], [ -60.951473263558228, -2.622551526822306 ], [ -60.951503091514397, -2.621833123846247 ], [ -60.951464512876591, -2.621115161428529 ], [ -60.95135790011313, -2.620404553933095 ], [ -60.951184280859849, -2.619708144880629 ], [ -60.950945327989039, -2.619032641042551 ], [ -60.950643343467029, -2.618384547852007 ], [ -60.950281236157387, -2.617770106754693 ], [ -60.949862493784401, -2.617195235101995 ], [ -60.949391149327752, -2.616665469165533 ], [ -60.948871742172628, -2.616185910822187 ], [ -60.948309274389942, -2.615761178422563 ], [ -60.947709162567591, -2.615395362315695 ], [ -60.947077185656703, -2.615091985459166 ], [ -60.946419429334668, -2.614853969493 ], [ -60.945742227419906, -2.614683606604272 ], [ -60.945052100902068, -2.614582537453659 ], [ -60.944355695173336, -2.614551735376041 ], [ -60.943659716064445, -2.61459149700717 ], [ -60.942970865299863, -2.614701439427339 ], [ -60.94229577599237, -2.614880503848651 ], [ -60.941640948797115, -2.615126965811231 ], [ -60.941012689338343, -2.615438451789526 ], [ -60.940417047510437, -2.615811962049218 ], [ -60.939859759236739, -2.61624389953449 ], [ -60.939346191246123, -2.616730104507798 ], [ -60.938881289398509, -2.617265894608079 ], [ -60.938469531056569, -2.617846109942278 ], [ -60.938114881962427, -2.6184651627758 ], [ -60.937820758034363, -2.619117091342948 ], [ -60.937589992452274, -2.619795617260423 ], [ -60.937424808349341, -2.620494205989584 ], [ -60.937326797373757, -2.621206129766319 ], [ -60.937296904328313, -2.621924532391966 ] ] ] } },
{ "type": "Feature", "properties": { "porto": "Novo Aripuanã", "classe": "IP4 (pequeno porte)", "tipo": "IP4", "estado": "AM", "cidade": "Novo Aripuanã", "fonte": "envelope estimado (800 m)", "osm_id": null, "osm_nome": null, "area_km2": 2.0073910339493457 }, "geometry": { "type": "Polygon", "coordinates": [ [ [ -60.372080553694865, -5.119396940345673 ], [ -60.37211705650283, -5.12010551645667 ], [ -60.372222735974262, -5.120807094909878 ], [ -60.372396575286636, -5.12149491908824 ], [ -60.372636901127109, -5.12216236481554 ], [ -60.372941399774632, -5.122803004153019 ], [ -60.373307139353578, -5.123410667306458 ], [ -60.373730598045789, -5.123979502048201 ], [ -60.374207697990094, -5.124504030081041 ], [ -60.374733844543726, -5.124979199801487 ], [ -60.37530397052771, -5.125400434953527 ], [ -60.375912585030491, -5.125763678705034 ], [ -60.376553826299336, -5.126065432721199 ], [ -60.377221518210042, -5.126302790859319 ], [ -60.377909229770175, -5.126473467159923 ], [ -60.378610337082129, -5.126575817864411 ], [ -60.379318087167782, -5.126608857247413 ], [ -60.380025663039298, -5.126572267111205 ], [ -60.380726249387514, -5.126466399850328 ], [ -60.381413098254356, -5.126292275057581 ], [ -60.382079594054957, -5.126051569703431 ], [ -60.382719317322312, -5.125746601983781 ], [ -60.38332610655889, -5.125380308991659 ], [ -60.383894117598913, -5.12495621842838 ], [ -60.384417879908142, -5.124478414625487 ], [ -60.384892349278914, -5.123951499206779 ], [ -60.385312956412015, -5.123380546767498 ], [ -60.385675650917662, -5.122771055999067 ], [ -60.385976940311984, -5.122128896729578 ], [ -60.386213923633761, -5.12146025339024 ], [ -60.386384319358413, -5.120771565452645 ], [ -60.386486487341323, -5.120069465410548 ], [ -60.386519444580308, -5.119360714903049 ], [ -60.386482874646688, -5.118652139595333 ], [ -60.386377130695479, -5.117950563443337 ], [ -60.386203232027135, -5.117262742975591 ], [ -60.385962854235522, -5.116595302225804 ], [ -60.385658313038135, -5.115954668941462 ], [ -60.385292541945759, -5.115347012684109 ], [ -60.384869063987622, -5.114778185416401 ], [ -60.384391957765246, -5.114253665148349 ], [ -60.383865818162683, -5.113778503185014 ], [ -60.383295712091751, -5.113357275484324 ], [ -60.382687129698795, -5.112994038592079 ], [ -60.382045931502567, -5.112692290579458 ], [ -60.38137829197202, -5.112454937358442 ], [ -60.380690640086634, -5.11228426469955 ], [ -60.379989597450766, -5.112181916221473 ], [ -60.379281914557055, -5.112148877563971 ], [ -60.3785744058112, -5.112185466896916 ], [ -60.377873883942755, -5.112291331856605 ], [ -60.377187094431882, -5.112465452938705 ], [ -60.376520650582428, -5.112706153315332 ], [ -60.375880969864937, -5.113011114981881 ], [ -60.375274212141775, -5.113377401077875 ], [ -60.374706220367699, -5.113801484167143 ], [ -60.374182464336542, -5.114279280205246 ], [ -60.373707988014694, -5.114806187866836 ], [ -60.373287360968533, -5.115377132854759 ], [ -60.372924634353062, -5.115986616763951 ], [ -60.372623301886115, -5.116628770029889 ], [ -60.372386266184186, -5.117297408452132 ], [ -60.372215810784787, -5.117986092747974 ], [ -60.372113578125806, -5.118688190563692 ], [ -60.372080553694865, -5.119396940345673 ] ] ] } },
{ "type": "Feature", "properties": { "porto": "Óbidos", "classe": "Porto público", "tipo": "Porto Público", "estado": "PA", "cidade": "Óbidos", "fonte": "envelope estimado (1500 m)", "osm_id": null, "osm_nome": null, "area_km2": 7.0572341037286135 }, "geometry": { "type": "Polygon", "coordinates": [ [ [ -55.517947174787608, -1.902281283504492 ], [ -55.517972523038139, -1.903634809596785 ], [ -55.518125251777839, -1.904979222233898 ], [ -55.518403893332248, -1.906301573952586 ], [ -55.518805767207461, -1.90758912972002 ], [ -55.519327005790366, -1.908829489581689 ], [ -55.519962591493886, -1.910010708082952 ], [ -55.520706404993575, -1.91112140931482 ], [ -55.521551284094173, -1.912150896474911 ], [ -55.522489092661772, -1.913089254888907 ], [ -55.523510798959464, -1.913927447500461 ], [ -55.524606562632812, -1.914657401908301 ], [ -55.525765829507186, -1.915272088114241 ], [ -55.52697743328293, -1.915765586230649 ], [ -55.528229703146955, -1.916133143497349 ], [ -55.529510576261529, -1.916371220057179 ], [ -55.530807714043434, -1.916477523049911 ], [ -55.532108621109444, -1.916451028695709 ], [ -55.533400765738151, -1.916291992155637 ], [ -55.53467170068317, -1.916001945074182 ], [ -55.535909183169508, -1.915583680827059 ], [ -55.53710129291251, -1.915041227617404 ], [ -55.538236547018727, -1.914379809678076 ], [ -55.539304010657922, -1.913605796955321 ], [ -55.5402934024373, -1.912726643757786 ], [ -55.541195193460545, -1.911750816961532 ], [ -55.542000699115917, -1.910687714464075 ], [ -55.54270216270892, -1.909547574671318 ], [ -55.543292830134, -1.908341377890442 ], [ -55.543767014867527, -1.907080740578331 ], [ -55.544120152658053, -1.905777803464057 ], [ -55.544348845390033, -1.904445114622964 ], [ -55.544450893702098, -1.903095508628967 ], [ -55.544425318049967, -1.901741982948586 ], [ -55.544272368015548, -1.900397572767376 ], [ -55.543993519777551, -1.899075225454251 ], [ -55.543591461772607, -1.897787675872723 ], [ -55.543070068689843, -1.896547323739532 ], [ -55.542434364053669, -1.895366114212316 ], [ -55.541690471759033, -1.894255422855214 ], [ -55.540845557029265, -1.893225946091243 ], [ -55.53990775736748, -1.892287598195052 ], [ -55.53888610416832, -1.891449415818896 ], [ -55.537790435745698, -1.890719470970541 ], [ -55.536631302613799, -1.89010479328099 ], [ -55.535419865932631, -1.889611302310545 ], [ -55.534167790093946, -1.889243750544732 ], [ -55.532887130479168, -1.889005677629352 ], [ -55.531590217466857, -1.88889937628451 ], [ -55.53028953780246, -1.888925870226799 ], [ -55.52899761446848, -1.889084904310934 ], [ -55.527726886207041, -1.88937494698691 ], [ -55.526489587850442, -1.88979320504811 ], [ -55.525297632607305, -1.890335650529287 ], [ -55.52416249743375, -1.890997059494568 ], [ -55.523095112589488, -1.891771062342489 ], [ -55.522105756439267, -1.892650205143954 ], [ -55.52120395651022, -1.893626021422421 ], [ -55.520398397756296, -1.89468911368448 ], [ -55.519696838912566, -1.895829243917684 ], [ -55.519106037745019, -1.897035432182204 ], [ -55.518631685916908, -1.89829606234837 ], [ -55.518278354101056, -1.899598993961775 ], [ -55.518049447869274, -1.90093167915847 ], [ -55.517947174787608, -1.902281283504492 ] ] ] } },
{ "type": "Feature", "properties": { "porto": "Parintins", "classe": "IP4 (pequeno porte)", "tipo": "IP4", "estado": "AM", "cidade": "Parintins", "fonte": "envelope estimado (800 m)", "osm_id": null, "osm_nome": null, "area_km2": 2.0073910339493422 }, "geometry": { "type": "Polygon", "coordinates": [ [ [ -56.726997328819039, -2.623899787897177 ], [ -56.72701647529329, -2.624618569829244 ], [ -56.727103831084129, -2.625331951910248 ], [ -56.727258555818715, -2.626033063866181 ], [ -56.727479160261375, -2.626715153580118 ], [ -56.727763520623071, -2.627371652119986 ], [ -56.728108898985781, -2.627996237002013 ], [ -56.728511969646014, -2.628582893081559 ], [ -56.728968851124741, -2.629125970484242 ], [ -56.729475143536149, -2.629620239019293 ], [ -56.730025970955886, -2.630060938551508 ], [ -56.73061602838083, -2.630443824846288 ], [ -56.731239632828171, -2.630765210446035 ], [ -56.731890778081286, -2.631022000184447 ], [ -56.732563192554622, -2.631211720996462 ], [ -56.733250399719367, -2.631332545736932 ], [ -56.733945780507163, -2.631383310777908 ], [ -56.734642637089422, -2.631363527215957 ], [ -56.735334257416895, -2.631273385580819 ], [ -56.736013979896484, -2.631113754000513 ], [ -56.736675257581041, -2.630886169839985 ], [ -56.737311721252645, -2.630592824894601 ], [ -56.737917240790594, -2.630236544280629 ], [ -56.738485984231879, -2.629820759226012 ], [ -56.739012473954659, -2.629349474023931 ], [ -56.739491639442633, -2.628827227466942 ], [ -56.739918866122082, -2.628259049133869 ], [ -56.74029003980062, -2.627650410949814 ], [ -56.740601586280192, -2.627007174486492 ], [ -56.7408505057629, -2.626335534509721 ], [ -56.741034401718927, -2.625641959319003 ], [ -56.74115150393952, -2.624933128452471 ], [ -56.741200685553935, -2.624215868358339 ], [ -56.741181473847739, -2.62349708665162 ], [ -56.741094054779438, -2.622783705589629 ], [ -56.740939271153572, -2.622082595407337 ], [ -56.740718614469003, -2.621400508153323 ], [ -56.74043421052238, -2.62074401266531 ], [ -56.740088798906662, -2.620119431309674 ], [ -56.739685706603254, -2.619532779095518 ], [ -56.739228815922914, -2.618989705748831 ], [ -56.738722527105061, -2.618495441304377 ], [ -56.738171715935955, -2.618054745740148 ], [ -56.737581686794215, -2.61767186313832 ], [ -56.736958121575739, -2.617350480814538 ], [ -56.7363070249896, -2.617093693809312 ], [ -56.735634666751132, -2.616903975082501 ], [ -56.734947521228044, -2.616783151699237 ], [ -56.734252205119859, -2.616732387235345 ], [ -56.733555413769551, -2.616752170571917 ], [ -56.732863856719554, -2.61684231118799 ], [ -56.732184193131239, -2.617001940994722 ], [ -56.731522967688591, -2.617229522695243 ], [ -56.730886547601912, -2.617522864588839 ], [ -56.730281061316973, -2.617879141676422 ], [ -56.729712339518855, -2.618294922865581 ], [ -56.729185858997695, -2.618766204011767 ], [ -56.728706689916159, -2.619288446478124 ], [ -56.728279446986079, -2.619856620843194 ], [ -56.727908245024345, -2.620465255334264 ], [ -56.7275966593159, -2.621108488521604 ], [ -56.727347691166209, -2.621780125765258 ], [ -56.727163738975328, -2.62247369887072 ], [ -56.727046575113079, -2.62318252838003 ], [ -56.726997328819039, -2.623899787897177 ] ] ] } },
{ "type": "Feature", "properties": { "porto": "Pimenteiras do Oeste", "classe": "Porto público", "tipo": "Porto Público", "estado": "RO", "cidade": "Pimenteiras do Oeste", "fonte": "envelope estimado (1500 m)", "osm_id": null, "osm_nome": null, "area_km2": 7.0572341037286224 }, "geometry": { "type": "Polygon", "coordinates": [ [ [ -61.032656815502833, -13.483089944264025 ], [ -61.032735466138639, -13.484373156765502 ], [ -61.03295148648143, -13.48564314565362 ], [ -61.033302799791961, -13.486887679942122 ], [ -61.03378602608872, -13.488094773608609 ], [ -61.034396514569856, -13.489252801044648 ], [ -61.035128388290339, -13.490350609041343 ], [ -61.035974600668084, -13.491377624230422 ], [ -61.03692700327862, -13.492323954945187 ], [ -61.037976424288075, -13.493180486519234 ], [ -61.039112756770301, -13.493938969103535 ], [ -61.04032505605867, -13.494592097154685 ], [ -61.04160164519385, -13.495133579827517 ], [ -61.042930227450555, -13.495558201592679 ], [ -61.044298004856799, -13.495861872494118 ], [ -61.0456918015607, -13.496041667561144 ], [ -61.047098190852076, -13.496095854995234 ], [ -61.048503624610674, -13.496023912858439 ], [ -61.04989456392898, -13.495826534103415 ], [ -61.051257609645788, -13.495505619895342 ], [ -61.052579631527998, -13.495064261291535 ], [ -61.053847894850982, -13.494506709454079 ], [ -61.055050183153604, -13.493838334684435 ], [ -61.05617491598138, -13.493065574674969 ], [ -61.057211260480251, -13.492195872476335 ], [ -61.058149235763644, -13.491237604780567 ], [ -61.058979809046285, -13.490200001210981 ], [ -61.059694982618318, -13.489093055398303 ], [ -61.060287870822741, -13.487927428699987 ], [ -61.060752766296808, -13.486714347492633 ], [ -61.061085194841795, -13.485465495026835 ], [ -61.061281958396776, -13.484192898887301 ], [ -61.061341165706686, -13.482908815143443 ], [ -61.061262250394471, -13.481625610306024 ], [ -61.061045976268744, -13.480355642228062 ], [ -61.060694429821481, -13.479111141096068 ], [ -61.060210999993537, -13.477904091658276 ], [ -61.059600345408292, -13.476746117823469 ], [ -61.058868349394118, -13.47564837074056 ], [ -61.058022063232769, -13.474621421437053 ], [ -61.057069638184146, -13.473675159047673 ], [ -61.056020246944456, -13.472818695613133 ], [ -61.054883995295761, -13.472060278363836 ], [ -61.053671824798329, -13.471407210332424 ], [ -61.052395407462122, -13.470865780057595 ], [ -61.051067033410305, -13.470441201055014 ], [ -61.049699492613648, -13.470137561637413 ], [ -61.048305951831253, -13.469957785565589 ], [ -61.046899827938404, -13.469903603908042 ], [ -61.045494658856214, -13.469975538380783 ], [ -61.044103973320844, -13.470172896325678 ], [ -61.042741160740761, -13.470493777377182 ], [ -61.041419342389759, -13.470935091752306 ], [ -61.040151245170861, -13.471492589988564 ], [ -61.038949079161931, -13.472160903844395 ], [ -61.037824420117765, -13.472933597968293 ], [ -61.036788098056974, -13.473803231841533 ], [ -61.03585009300383, -13.474761431397805 ], [ -61.035019438887637, -13.475798969632375 ], [ -61.034304136524668, -13.476905855425343 ], [ -61.033711076521257, -13.478071429725665 ], [ -61.033245972842316, -13.479284468170411 ], [ -61.03291330768775, -13.480533289152376 ], [ -61.032716288211255, -13.481805866296698 ], [ -61.032656815502833, -13.483089944264025 ] ] ] } },
{ "type": "Feature", "properties": { "porto": "Portel", "classe": "IP4 (pequeno porte)", "tipo": "IP4", "estado": "PA", "cidade": "Portel", "fonte": "envelope estimado (800 m)", "osm_id": null, "osm_nome": null, "area_km2": 2.0073910339493906 }, "geometry": { "type": "Polygon", "coordinates": [ [ [ -50.817740739988537, -1.936192326160257 ], [ -50.817732717088646, -1.936914155382121 ], [ -50.817792756343302, -1.937633323720122 ], [ -50.817920280460235, -1.938342905182604 ], [ -50.81811406218209, -1.939036066096427 ], [ -50.818372236072101, -1.939706130919602 ], [ -50.818692316449081, -1.940346646531352 ], [ -50.819071221299943, -1.940951444380313 ], [ -50.819505301940552, -1.941514699892377 ], [ -50.819990378140083, -1.942030988566328 ], [ -50.820521778371123, -1.942495338215946 ], [ -50.821094384798194, -1.942903276857007 ], [ -50.821702682571484, -1.943250875776449 ], [ -50.822340812950806, -1.943534787369368 ], [ -50.823002629747705, -1.943752277380263 ], [ -50.823681758541333, -1.943901251236052 ], [ -50.824371658096993, -1.943980274219282 ], [ -50.825065683394527, -1.943988585285936 ], [ -50.825757149658564, -1.943926104394806 ], [ -50.826439396772315, -1.94379343327863 ], [ -50.82710585345351, -1.943591849648691 ], [ -50.827750100572821, -1.943323294889163 ], [ -50.828365933003866, -1.942990355359578 ], [ -50.828947419407875, -1.942596237485603 ], [ -50.829488959376327, -1.942144736878051 ], [ -50.8299853373804, -1.941640201777547 ], [ -50.830431773007177, -1.94108749117685 ], [ -50.830823966998459, -1.940491928024391 ], [ -50.831158142648725, -1.93985924795979 ], [ -50.831431082164009, -1.939195544075099 ], [ -50.831640157631718, -1.938507208233051 ], [ -50.831783356304108, -1.93780086950934 ], [ -50.831859299952846, -1.937083330349635 ], [ -50.831867258109284, -1.936361501057632 ], [ -50.831807155064304, -1.935642333245001 ], [ -50.831679570561604, -1.934932752883124 ], [ -50.831485734179132, -1.934239593602981 ], [ -50.83122751345423, -1.933569530883746 ], [ -50.830907395867918, -1.93292901776524 ], [ -50.830528464863214, -1.932324222703085 ], [ -50.830094370129352, -1.931760970164288 ], [ -50.829609292438725, -1.931244684535825 ], [ -50.829077903376067, -1.930780337886894 ], [ -50.828505320347652, -1.930372402086268 ], [ -50.827897057304106, -1.930024805738125 ], [ -50.827258971650956, -1.92974089634822 ], [ -50.826597207857873, -1.929523408087626 ], [ -50.825918138308772, -1.929374435462112 ], [ -50.825228301961651, -1.929295413141769 ], [ -50.824534341407563, -1.929287102145304 ], [ -50.823842938933851, -1.929349582511066 ], [ -50.823160752205865, -1.929482252526602 ], [ -50.822494350185288, -1.929683834522895 ], [ -50.821850149900875, -1.929952387178484 ], [ -50.821234354679163, -1.930285324214824 ], [ -50.820652894428989, -1.930679439301994 ], [ -50.820111368553796, -1.931130936936243 ], [ -50.819614992040805, -1.931635468991226 ], [ -50.819168545245645, -1.932188176591288 ], [ -50.818776327855716, -1.93278373690331 ], [ -50.818442117475698, -1.933416414396663 ], [ -50.818169133234242, -1.934080116078307 ], [ -50.817960004762725, -1.934768450170003 ], [ -50.8178167468458, -1.935474787663473 ], [ -50.817740739988537, -1.936192326160257 ] ] ] } },
{ "type": "Feature", "properties": { "porto": "Porto De Moz", "classe": "Porto público", "tipo": "Porto Público", "estado": "PA", "cidade": "Porto de Moz", "fonte": "envelope estimado (1500 m)", "osm_id": null, "osm_nome": null, "area_km2": 7.0572341037285042 }, "geometry": { "type": "Polygon", "coordinates": [ [ [ -52.234606390344176, -1.751962757039815 ], [ -52.234603528432288, -1.753317717548213 ], [ -52.234728084756675, -1.754666435315549 ], [ -52.234978862982636, -1.755995921426436 ], [ -52.235353451006212, -1.75729337215042 ], [ -52.235848244067739, -1.758546292251136 ], [ -52.236458479362753, -1.759742615324852 ], [ -52.237178281821159, -1.760870820010486 ], [ -52.238000720616952, -1.761920040951182 ], [ -52.238917875867259, -1.762880173438185 ], [ -52.239920914880038, -1.763741970730516 ], [ -52.241000177217103, -1.764497133111233 ], [ -52.242145267753457, -1.765138387823547 ], [ -52.243345156835595, -1.765659559116786 ], [ -52.244588286572473, -1.766055627726459 ], [ -52.245862682232882, -1.766322779216634 ], [ -52.247156067672876, -1.766458440717908 ], [ -52.248455983677729, -1.766461305707781 ], [ -52.249749908074271, -1.766331346594295 ], [ -52.251025376451913, -1.766069814981587 ], [ -52.252270102325291, -1.765679229615456 ], [ -52.253472095576129, -1.765163352124301 ], [ -52.254619778029536, -1.764527150789469 ], [ -52.255702095047411, -1.763776752694271 ], [ -52.256708622060934, -1.762919384712311 ], [ -52.257629665013454, -1.761963303903596 ], [ -52.258456353744528, -1.760917717989371 ], [ -52.259180727414964, -1.759792696671191 ], [ -52.259795811149935, -1.758599074648875 ], [ -52.2602956831632, -1.757348347271602 ], [ -52.260675531717666, -1.756052559826716 ], [ -52.260931701376528, -1.754724191533396 ], [ -52.261061728102788, -1.753376035357967 ], [ -52.261064362873391, -1.752021074808465 ], [ -52.260939583584772, -1.750672358895613 ], [ -52.260688595140032, -1.749342876463497 ], [ -52.260313817721716, -1.748045431101151 ], [ -52.259818863367833, -1.746792517838962 ], [ -52.259208501081197, -1.745596202817762 ], [ -52.258488610812158, -1.744468007089261 ], [ -52.257666126761201, -1.743418795666115 ], [ -52.256748970550326, -1.742458672891273 ], [ -52.255745974908528, -1.741596885132502 ], [ -52.254666798607225, -1.74084173174042 ], [ -52.253521833465143, -1.740200485126241 ], [ -52.252322104316939, -1.739679320729564 ], [ -52.251079162907494, -1.739283257549812 ], [ -52.249804976730694, -1.739016109814299 ], [ -52.24851181388015, -1.738880450248056 ], [ -52.247212125016581, -1.738877585299239 ], [ -52.245918423584278, -1.739007542558274 ], [ -52.244643165425416, -1.739269070492244 ], [ -52.243398628946785, -1.739659650496702 ], [ -52.242196796988303, -1.740175521149432 ], [ -52.241049241526511, -1.740811714431696 ], [ -52.239967012319269, -1.741562103569727 ], [ -52.238960530560917, -1.742419462034137 ], [ -52.238039488568951, -1.743375533130673 ], [ -52.237212756466896, -1.744421109511323 ], [ -52.23648829676069, -1.745546121840987 ], [ -52.235873087631447, -1.746739735765066 ], [ -52.235373055684249, -1.747990456245778 ], [ -52.234993018802342, -1.749286238260726 ], [ -52.234736639659886, -1.750614602799401 ], [ -52.234606390344176, -1.751962757039815 ] ] ] } },
{ "type": "Feature", "properties": { "porto": "Porto Velho (novo)", "classe": "Porto público", "tipo": "Porto Público", "estado": "RO", "cidade": "Porto Velho", "fonte": "OSM (área portuária mapeada)", "osm_id": "way/394193138", "osm_nome": "Terminal Portuário Bertolini", "area_km2": 0.16196634632552565 }, "geometry": { "type": "Polygon", "coordinates": [ [ [ -63.7235857, -8.5888589 ], [ -63.721306, -8.588240700000018 ], [ -63.7228692, -8.584363500000011 ], [ -63.7252662, -8.584672699999958 ], [ -63.7258393, -8.5832042 ], [ -63.7245366, -8.5826246 ], [ -63.7250186, -8.581491 ], [ -63.7255228, -8.581729800000021 ], [ -63.7265688, -8.5822253 ], [ -63.7260087, -8.5836679 ], [ -63.7235857, -8.5888589 ] ] ] } },
{ "type": "Feature", "properties": { "porto": "Porto Walter", "classe": "Porto público", "tipo": "Porto Público", "estado": "AC", "cidade": "Porto Walter", "fonte": "envelope estimado (1500 m)", "osm_id": null, "osm_nome": null, "area_km2": 7.0572341037287689 }, "geometry": { "type": "Polygon", "coordinates": [ [ [ -72.730221943827914, -8.270121281816945 ], [ -72.730402097468584, -8.271420380024331 ], [ -72.730713203195108, -8.272696157171175 ], [ -72.731152268078702, -8.273936326549036 ], [ -72.731715066502431, -8.275128944268339 ], [ -72.732396180747813, -8.276262524299229 ], [ -72.733189053080537, -8.277326149106203 ], [ -72.734086048837099, -8.278309574811049 ], [ -72.735078529907256, -8.279203329869206 ], [ -72.736156937906372, -8.279998806310038 ], [ -72.737310886237623, -8.280688342659966 ], [ -72.738529260156483, -8.281265297749909 ], [ -72.739800323873027, -8.28172411469461 ], [ -72.741111833657854, -8.282060374427653 ], [ -72.742451155859371, -8.282270838275151 ], [ -72.743805388691726, -8.282353479157706 ], [ -72.745161486615984, -8.282307501120105 ], [ -72.746506386111889, -8.282133346999615 ], [ -72.747827131623154, -8.281832694159686 ], [ -72.749111000458996, -8.281408438329624 ], [ -72.750345625443018, -8.280864665706552 ], [ -72.751519114124292, -8.280206613588188 ], [ -72.752620163397964, -8.279440619916913 ], [ -72.753638168428253, -8.278574062220999 ], [ -72.7545633248222, -8.277615286542297 ], [ -72.755386723068526, -8.276573527035477 ], [ -72.756100434331458, -8.275458817014304 ], [ -72.756697586773569, -8.27428189230211 ], [ -72.757172431674149, -8.273054087818695 ], [ -72.757520398708536, -8.271787228399905 ], [ -72.757738139859399, -8.270493514902393 ], [ -72.75782356154096, -8.269185406690823 ], [ -72.757775844631468, -8.267875501639978 ], [ -72.7575954522259, -8.266576414807195 ], [ -72.75728412503949, -8.265300656944445 ], [ -72.756844864511564, -8.264060514019109 ], [ -72.756281903777563, -8.262867928904177 ], [ -72.755600666793512, -8.261734386376636 ], [ -72.754807716010419, -8.260670802530537 ], [ -72.753910689106633, -8.259687419670211 ], [ -72.752918225389394, -8.258793707693615 ], [ -72.751839882576419, -8.257998272915838 ], [ -72.750686044759505, -8.25730877520934 ], [ -72.749467822436173, -8.256731854258206 ], [ -72.748196945570612, -8.256273065635671 ], [ -72.746885650711619, -8.255936827319765 ], [ -72.745546563251338, -8.255726377161411 ], [ -72.744192575954656, -8.255643741713836 ], [ -72.742836724924643, -8.25568971672346 ], [ -72.74149206419365, -8.255863859469384 ], [ -72.740171540142256, -8.25616449302523 ], [ -72.738887866950762, -8.25658872240273 ], [ -72.737653404276998, -8.257132462421428 ], [ -72.73648003833442, -8.257790477036544 ], [ -72.73537906751109, -8.258556429746854 ], [ -72.734361093628024, -8.259422944598251 ], [ -72.733435919881174, -8.260381677195372 ], [ -72.732612456448678, -8.261423395039158 ], [ -72.73189863467141, -8.26253806641691 ], [ -72.731301330633784, -8.263714956990352 ], [ -72.730826298882221, -8.264942733151576 ], [ -72.730478116921986, -8.266209571153187 ], [ -72.730260141029888, -8.267503270961585 ], [ -72.730174473812681, -8.268811373738131 ], [ -72.730221943827914, -8.270121281816945 ] ] ] } },
{ "type": "Feature", "properties": { "porto": "Prainha", "classe": "Porto público", "tipo": "Porto Público", "estado": "PA", "cidade": "Prainha", "fonte": "envelope estimado (1500 m)", "osm_id": null, "osm_nome": null, "area_km2": 7.0572341037285042 }, "geometry": { "type": "Polygon", "coordinates": [ [ [ -53.465274666470208, -1.807407053090789 ], [ -53.465282372555798, -1.808761556682641 ], [ -53.465417489019423, -1.81010874048939 ], [ -53.465678717818136, -1.811435630365466 ], [ -53.466063546184849, -1.812729447579818 ], [ -53.466568270711967, -1.81397773188427 ], [ -53.467188032913477, -1.815168461515765 ], [ -53.467916865926867, -1.816290168976237 ], [ -53.468747751908623, -1.817332051475593 ], [ -53.469672689573073, -1.818284074973734 ], [ -53.470682771226038, -1.819137070819353 ], [ -53.471768268552289, -1.81988282405435 ], [ -53.472918726330491, -1.820514152534162 ], [ -53.47412306317225, -1.82102497610078 ], [ -53.475369678313072, -1.821410375142669 ], [ -53.476646563424076, -1.821666637977149 ], [ -53.47794141836426, -1.821791296599063 ], [ -53.479241769754388, -1.82178315045105 ], [ -53.48053509122618, -1.821642277986849 ], [ -53.481808924183902, -1.821370035915227 ], [ -53.483050997910595, -1.820969046133432 ], [ -53.48424934785745, -1.820443170474336 ], [ -53.485392430972745, -1.819797473511859 ], [ -53.486469236955607, -1.819038173782295 ], [ -53.487469394359863, -1.818172583891686 ], [ -53.488383270523464, -1.817209040086213 ], [ -53.48920206435929, -1.816156821964114 ], [ -53.489917891112874, -1.815026063102524 ], [ -53.490523858270848, -1.813827653460112 ], [ -53.491014131889969, -1.812573134495552 ], [ -53.491383992710027, -1.811274588012804 ], [ -53.491629881512807, -1.809944519802517 ], [ -53.491749433293883, -1.808595739201554 ], [ -53.491741499922036, -1.807241235730131 ], [ -53.49160616107276, -1.805894053994692 ], [ -53.49134472333516, -1.804567168061291 ], [ -53.490959707505716, -1.803273356509394 ], [ -53.490454824196128, -1.802025079369578 ], [ -53.489834937994324, -1.800834358129596 ], [ -53.48910602052807, -1.799712659965016 ], [ -53.488275092886362, -1.798670787308696 ], [ -53.487350157955845, -1.797718773822424 ], [ -53.486340123325625, -1.79686578777292 ], [ -53.485254715503885, -1.796120043741644 ], [ -53.48410438627235, -1.795488723519498 ], [ -53.482900212079421, -1.79497790694722 ], [ -53.481653787439107, -1.794592513367538 ], [ -53.480377113359459, -1.794336254253208 ], [ -53.47908248187165, -1.794211597466391 ], [ -53.477782357767772, -1.794219743493974 ], [ -53.476489258681639, -1.794360613886831 ], [ -53.475215634662817, -1.794632852015779 ], [ -53.473973748398848, -1.795033836135116 ], [ -53.472775557234456, -1.795559704629594 ], [ -53.471632598119463, -1.796205393200558 ], [ -53.470555876589458, -1.796964683634195 ], [ -53.469555760845154, -1.797830263681785 ], [ -53.468641881947612, -1.798793797475339 ], [ -53.467823041089041, -1.799846005801373 ], [ -53.467107124830939, -1.800976755459276 ], [ -53.466501029126306, -1.802175156843989 ], [ -53.466010592858353, -1.803429668814176 ], [ -53.465640541537795, -1.80472820983475 ], [ -53.465394441703651, -1.806058274324922 ], [ -53.465274666470208, -1.807407053090789 ] ] ] } },
{ "type": "Feature", "properties": { "porto": "Rio Branco", "classe": "Porto público", "tipo": "Porto Público", "estado": "AC", "cidade": "Rio Branco", "fonte": "envelope estimado (1500 m)", "osm_id": null, "osm_nome": null, "area_km2": 7.0572341037285042 }, "geometry": { "type": "Polygon", "coordinates": [ [ [ -67.795527423662818, -9.980282103447419 ], [ -67.795665275625709, -9.981576911621101 ], [ -67.795936359406127, -9.982852670410532 ], [ -67.796338067683848, -9.984097093274158 ], [ -67.796866534813233, -9.985298195324518 ], [ -67.797516673935135, -9.986444408764827 ], [ -67.798282225867467, -9.987524694313805 ], [ -67.799155819307117, -9.988528647543555 ], [ -67.800129041766525, -9.98944659910644 ], [ -67.801192520563845, -9.990269707884146 ], [ -67.802336013087555, -9.990990046161071 ], [ -67.803548505466509, -9.991600676000678 ], [ -67.804818318693762, -9.992095716087785 ], [ -67.806133221180318, -9.992470398392726 ], [ -67.807480546651689, -9.992721114110152 ], [ -67.808847316248119, -9.992845448429534 ], [ -67.810220363647872, -9.992842203801988 ], [ -67.811586462004016, -9.992711411478766 ], [ -67.812932451466367, -9.992454331210187 ], [ -67.814245366055573, -9.992073439107591 ], [ -67.815512558661908, -9.99157240378635 ], [ -67.816721822960147, -9.990956051018733 ], [ -67.817861511061793, -9.990230317238881 ], [ -67.818920645767975, -9.989402192347928 ], [ -67.819889026338885, -9.988479652370771 ], [ -67.820757326759093, -9.987471582614633 ], [ -67.821517185551386, -9.986387692070139 ], [ -67.822161286274337, -9.985238419880398 ], [ -67.822683427929206, -9.984034834780024 ], [ -67.823078584600367, -9.982788528473591 ], [ -67.823342953757901, -9.981511503981096 ], [ -67.823473992761024, -9.980216060026589 ], [ -67.823470443215214, -9.978914672584084 ], [ -67.823332342953577, -9.977619874721613 ], [ -67.823061025532212, -9.97634413590125 ], [ -67.82265910724999, -9.975099741897131 ], [ -67.822130461822951, -9.97389867648768 ], [ -67.821480182962119, -9.97275250606163 ], [ -67.820714535219636, -9.971672268247165 ], [ -67.819840893580562, -9.970668365637792 ], [ -67.818867672384727, -9.96975046563591 ], [ -67.81780424426546, -9.968927407378304 ], [ -67.816660849886688, -9.968207116639112 ], [ -67.815448499347951, -9.967596529528089 ], [ -67.814178866205324, -9.967101525718297 ], [ -67.812864175127274, -9.966726871845337 ], [ -67.811517084263969, -9.966476175621912 ], [ -67.810150563459345, -9.966351851109442 ], [ -67.808777769474133, -9.966355095479882 ], [ -67.807411919416737, -9.966485877491893 ], [ -67.806066163595347, -9.966742937791443 ], [ -67.804753459010641, -9.967123801034509 ], [ -67.803486444701946, -9.967624799714814 ], [ -67.802277320142665, -9.968241109468252 ], [ -67.801137727851156, -9.968966795513545 ], [ -67.800078641344385, -9.969794869784078 ], [ -67.799110259509888, -9.970717358200249 ], [ -67.798241908411654, -9.971725377436274 ], [ -67.79748195147441, -9.972809220443024 ], [ -67.796837708911227, -9.973958449904234 ], [ -67.796315387171717, -9.975161998727247 ], [ -67.795920019092065, -9.976408276601701 ], [ -67.795655415326465, -9.977685281600211 ], [ -67.795524127531564, -9.978980715747792 ], [ -67.795527423662818, -9.980282103447419 ] ] ] } },
{ "type": "Feature", "properties": { "porto": "Santa Maria das Barreiras", "classe": "IP4 (pequeno porte)", "tipo": "IP4", "estado": "PA", "cidade": "Santa Maria das Barreiras", "fonte": "envelope estimado (800 m)", "osm_id": null, "osm_nome": null, "area_km2": 2.0073910339493608 }, "geometry": { "type": "Polygon", "coordinates": [ [ [ -49.708612723840766, -8.871426606059407 ], [ -49.70859900179304, -8.872123719752725 ], [ -49.708656555718669, -8.872818765189304 ], [ -49.708784832351228, -8.873505048671857 ], [ -49.708982597275096, -8.87417596084962 ], [ -49.709247946776735, -8.874825040372688 ], [ -49.709578326144985, -8.875446036121931 ], [ -49.709970554245544, -8.876032967415671 ], [ -49.710420854133957, -8.876580181612995 ], [ -49.71092488941332, -8.877082408558044 ], [ -49.711477805986945, -8.877534811341871 ], [ -49.712074278804522, -8.877933032891631 ], [ -49.71270856315148, -8.878273237938727 ], [ -49.71337454998735, -8.878552149961479 ], [ -49.714065824799754, -8.878767082745975 ], [ -49.714775729406377, -8.878915966261024 ], [ -49.71549742610874, -8.878997366598064 ], [ -49.716223963578663, -8.87901049978351 ], [ -49.716948343841587, -8.878955239330441 ], [ -49.717663589710135, -8.878832117457149 ], [ -49.718362812017091, -8.878642319960331 ], [ -49.719039275998625, -8.878387674792734 ], [ -49.71968646618727, -8.878070634455142 ], [ -49.72029814918821, -8.877694252372571 ], [ -49.72086843373333, -8.877262153482071 ], [ -49.721391827433735, -8.876778499316121 ], [ -49.721863289683569, -8.876247947917758 ], [ -49.722278280205266, -8.875675608973602 ], [ -49.722632802768665, -8.875066994597908 ], [ -49.722923443663305, -8.874427966240797 ], [ -49.723147404553643, -8.873764678233202 ], [ -49.723302529401877, -8.873083518512038 ], [ -49.723387325199958, -8.872391047096567 ], [ -49.723400976312313, -8.871693932908805 ], [ -49.723343352292716, -8.870998889546454 ], [ -49.72321500910126, -8.870312610627121 ], [ -49.723017183711384, -8.869641705326082 ], [ -49.722751782160316, -8.868992634729107 ], [ -49.722421361159427, -8.868371649612248 ], [ -49.722029103442949, -8.867784730248534 ], [ -49.721578787093435, -8.867237528820548 ], [ -49.721074749140421, -8.866735314993296 ], [ -49.720521843783324, -8.866282925171671 ], [ -49.719925395641404, -8.865884715930411 ], [ -49.719291148480963, -8.865544522065026 ], [ -49.718625209913412, -8.865265619667577 ], [ -49.717933992596215, -8.865050694582056 ], [ -49.717224152502155, -8.864901816543757 ], [ -49.716502524850547, -8.864820419250796 ], [ -49.715776058315996, -8.864807286559767 ], [ -49.71505174814704, -8.864862544938633 ], [ -49.714336568837389, -8.864985662248728 ], [ -49.71363740699644, -8.86517545286879 ], [ -49.712960995064343, -8.865430089110339 ], [ -49.712313846508337, -8.865747118815536 ], [ -49.711702193123315, -8.866123488968073 ], [ -49.711131925039282, -8.866555575089288 ], [ -49.710608534012536, -8.867039216137407 ], [ -49.710137060546174, -8.867569754573575 ], [ -49.709722045348826, -8.868142081209227 ], [ -49.709367485598897, -8.868750684403187 ], [ -49.709076796435937, -8.869389703135012 ], [ -49.708852778050407, -8.870052983443637 ], [ -49.708697588689596, -8.870734137688032 ], [ -49.708612723840766, -8.871426606059407 ] ] ] } },
{ "type": "Feature", "properties": { "porto": "Santa Rosa do Purus", "classe": "Porto público", "tipo": "Porto Público", "estado": "AC", "cidade": "Santa Rosa do Purus", "fonte": "envelope estimado (1500 m)", "osm_id": null, "osm_nome": null, "area_km2": 7.0572341037287689 }, "geometry": { "type": "Polygon", "coordinates": [ [ [ -70.478198505676659, -9.431470675662835 ], [ -70.478359921862804, -9.432765833406492 ], [ -70.478653687843376, -9.434039659795687 ], [ -70.479076977778888, -9.435279886891029 ], [ -70.479625718083852, -9.43647457021371 ], [ -70.480294626545117, -9.437612203792973 ], [ -70.481077263097973, -9.438681830994994 ], [ -70.48196609177495, -9.439673150064309 ], [ -70.482952553233147, -9.440576613360616 ], [ -70.484027147163687, -9.441383519334618 ], [ -70.485179523790535, -9.442086096355803 ], [ -70.486398583577028, -9.442677577583774 ], [ -70.48767258417891, -9.443152266161318 ], [ -70.488989253611535, -9.443505590100058 ], [ -70.490335908537986, -9.443734146329762 ], [ -70.491699576535453, -9.443835733485711 ], [ -70.493067121157395, -9.443809373118613 ], [ -70.49442536858227, -9.443655319121717 ], [ -70.495761234623714, -9.443375055284566 ], [ -70.497061850873862, -9.44297128099697 ], [ -70.498314688759464, -9.442447885241027 ], [ -70.499507680311382, -9.441809909122062 ], [ -70.500629334480209, -9.441063497300204 ], [ -70.501668847873873, -9.440215838790607 ], [ -70.50261620884821, -9.439275097704117 ], [ -70.5034622939462, -9.438250334595423 ], [ -70.504198955756024, -9.437151419177994 ], [ -70.504819101342562, -9.435988935247043 ], [ -70.505316760497635, -9.434774078727191 ], [ -70.50568714315439, -9.433518549827665 ], [ -70.505926685415872, -9.432234440344775 ], [ -70.506033083758595, -9.430934117197094 ], [ -70.506005317085936, -9.429630103315956 ], [ -70.505843656424489, -9.428334957038732 ], [ -70.505549662174786, -9.427061151166265 ], [ -70.505126168948593, -9.425820952849525 ], [ -70.504577258143726, -9.424626305461393 ], [ -70.503908218525567, -9.423488713591615 ], [ -70.503125495199086, -9.422419132271189 ], [ -70.502236627466445, -9.421427861492404 ], [ -70.501250176171411, -9.420524447039767 ], [ -70.500175641232303, -9.419717588585497 ], [ -70.49902337015817, -9.419015055934015 ], [ -70.497804458429314, -9.418423614220503 ], [ -70.496530642700208, -9.417948958783787 ], [ -70.495214187850991, -9.417595660338575 ], [ -70.493867768972223, -9.417367120975429 ], [ -70.492504349415526, -9.417265541410929 ], [ -70.491137056080035, -9.417291899802523 ], [ -70.489779053130491, -9.41744594233303 ], [ -70.488443415358148, -9.417726185653434 ], [ -70.487143002398682, -9.41812993116241 ], [ -70.485890335012996, -9.418653290983828 ], [ -70.484697474617988, -9.419291225393289 ], [ -70.483575907222772, -9.420037591333553 ], [ -70.482536432884771, -9.420885201552586 ], [ -70.481589061747258, -9.421825893795443 ], [ -70.480742917657835, -9.422850609384406 ], [ -70.480006150295296, -9.423949480432144 ], [ -70.479385856651106, -9.425111924848617 ], [ -70.478888012623244, -9.426326748227684 ], [ -70.478517415383124, -9.427582251633627 ], [ -70.478277637073944, -9.428866344249961 ], [ -70.478170990290451, -9.430166659806227 ], [ -70.478198505676659, -9.431470675662835 ] ] ] } },
{ "type": "Feature", "properties": { "porto": "São Paulo de Olivença", "classe": "IP4 (pequeno porte)", "tipo": "IP4", "estado": "AM", "cidade": "São Paulo de Olivença", "fonte": "envelope estimado (800 m)", "osm_id": null, "osm_nome": null, "area_km2": 2.0073910339493906 }, "geometry": { "type": "Polygon", "coordinates": [ [ [ -68.9439696115289, -3.464759754271376 ], [ -68.944045270812353, -3.465471288109094 ], [ -68.944188862864522, -3.466171819937747 ], [ -68.944399005686591, -3.466854603221847 ], [ -68.944673676268337, -3.467513062341107 ], [ -68.945010230040836, -3.468140855918636 ], [ -68.945405426319709, -3.468731937894025 ], [ -68.945855459495121, -3.469280615752817 ], [ -68.946355995668441, -3.469781605351249 ], [ -68.946902214383712, -3.470230081808296 ], [ -68.947488855051944, -3.470621725975047 ], [ -68.948110267621374, -3.470952766033275 ], [ -68.948760467005144, -3.471220013822781 ], [ -68.949433190741942, -3.471420895547714 ], [ -68.950121959333217, -3.47155347656558 ], [ -68.950820138675127, -3.471616480020463 ], [ -68.951521003982577, -3.471609299141155 ], [ -68.952217804588685, -3.471532003085006 ], [ -68.952903828993783, -3.47138533627185 ], [ -68.953572469536653, -3.471170711214348 ], [ -68.954217286063354, -3.470890194913395 ], [ -68.954832067979396, -3.47054648895007 ], [ -68.955410894086484, -3.47014290346576 ], [ -68.955948189626596, -3.46968332528151 ], [ -68.956438779983287, -3.469172180462408 ], [ -68.956877940522361, -3.468614391689782 ], [ -68.95726144209209, -3.468015330849875 ], [ -68.957585591744319, -3.467380767296764 ], [ -68.957847268284866, -3.46671681228779 ], [ -68.958043952311485, -3.466029860125989 ], [ -68.95817375045074, -3.465326526577697 ], [ -68.95823541356134, -3.464613585157554 ], [ -68.95822834873006, -3.463897901894554 ], [ -68.958152624945868, -3.463186369208122 ], [ -68.958008972398929, -3.462485839530318 ], [ -68.957798775412826, -3.461803059313787 ], [ -68.957524059079248, -3.461144604061036 ], [ -68.957187469725397, -3.460516815000415 ], [ -68.956792249402966, -3.459925738018668 ], [ -68.956342204645793, -3.459377065438431 ], [ -68.955841669797593, -3.4588760812005 ], [ -68.955295465263404, -3.458427609980034 ], [ -68.954708851087219, -3.458035970724585 ], [ -68.95408747630276, -3.457704935063745 ], [ -68.953437324544794, -3.45743769098857 ], [ -68.95276465644443, -3.457236812152375 ], [ -68.95207594936214, -3.457104233086539 ], [ -68.951377835038002, -3.457041230571896 ], [ -68.950677035758488, -3.457048411343607 ], [ -68.94998029965312, -3.457125706248471 ], [ -68.949294335742792, -3.457272370910847 ], [ -68.948625749363956, -3.457486992900745 ], [ -68.947980978589072, -3.457767505335139 ], [ -68.94736623225441, -3.45811120678164 ], [ -68.946787430190867, -3.458514787272208 ], [ -68.946250146232501, -3.458974360178002 ], [ -68.945759554550705, -3.459485499636537 ], [ -68.945320379830548, -3.46004328317265 ], [ -68.944936851768759, -3.460642339101254 ], [ -68.944612664331586, -3.461276898256926 ], [ -68.944350940165222, -3.461940849551534 ], [ -68.944154200502155, -3.462627798824649 ], [ -68.944024340853915, -3.463331130420928 ], [ -68.943962612725571, -3.464044070900796 ], [ -68.9439696115289, -3.464759754271376 ] ] ] } },
{ "type": "Feature", "properties": { "porto": "São Raimundo", "classe": "IP4 (pequeno porte)", "tipo": "IP4", "estado": "AM", "cidade": "Manaus", "fonte": "OSM (área portuária mapeada)", "osm_id": "way/948435300", "osm_nome": "Plataforma Malcher", "area_km2": 0.01713349117779181 }, "geometry": { "type": "Polygon", "coordinates": [ [ [ -60.029926, -3.134653299999965 ], [ -60.0303635, -3.1356193 ], [ -60.0291188, -3.1361362 ], [ -60.0289278, -3.1356501 ], [ -60.0288353, -3.1355824 ], [ -60.0287799, -3.1355516 ], [ -60.0287121, -3.135404 ], [ -60.0286998, -3.1352625 ], [ -60.0290449, -3.135164 ], [ -60.0289956, -3.1350594 ], [ -60.029926, -3.134653299999965 ] ] ] } },
{ "type": "Feature", "properties": { "porto": "São Sebastião do Uatumã", "classe": "IP4 (pequeno porte)", "tipo": "IP4", "estado": "AM", "cidade": "São Sebastião do Uatumã", "fonte": "envelope estimado (800 m)", "osm_id": null, "osm_nome": null, "area_km2": 2.007391033949335 }, "geometry": { "type": "Polygon", "coordinates": [ [ [ -57.863199712021519, -2.572576735395233 ], [ -57.863224079196236, -2.573295556556082 ], [ -57.863316592158888, -2.574008448305458 ], [ -57.863476360866095, -2.574708545090852 ], [ -57.863701847499179, -2.575389104571815 ], [ -57.863990881241882, -2.576043572553144 ], [ -57.864340679157998, -2.576665646106745 ], [ -57.864747872968806, -2.577249334273978 ], [ -57.8652085414735, -2.577789015763817 ], [ -57.8657182483011, -2.57827949309104 ], [ -57.866272084630495, -2.578716042632958 ], [ -57.866864716467617, -2.579094460123046 ], [ -57.867490436024262, -2.579411101142051 ], [ -57.868143216703317, -2.579662916218026 ], [ -57.868816771160276, -2.579847480196036 ], [ -57.869504611881126, -2.579963015595375 ], [ -57.870200113692007, -2.580008409728566 ], [ -57.870896577597556, -2.579983225417907 ], [ -57.871587295331707, -2.579887705206242 ], [ -57.872265613998039, -2.579722769020667 ], [ -57.872925000175655, -2.579490005312684 ], [ -57.873559102871965, -2.579191655759576 ], [ -57.874161814714697, -2.578830593674502 ], [ -57.874727330793036, -2.578410296332944 ], [ -57.875250204579942, -2.577934811483193 ], [ -57.875725400396647, -2.577408718361626 ], [ -57.876148341913556, -2.576837083590505 ], [ -57.876514956220262, -2.576225412380925 ], [ -57.87682171304035, -2.575579595512926 ], [ -57.877065658713789, -2.574905852601664 ], [ -57.877244444620153, -2.574210672197567 ], [ -57.877356349769798, -2.573500749296546 ], [ -57.877400297346632, -2.572782920862529 ], [ -57.877375865044108, -2.572064099982901 ], [ -57.877283289096447, -2.571351209291511 ], [ -57.877123461967528, -2.570651114300092 ], [ -57.876897923721124, -2.569970557280205 ], [ -57.87660884715698, -2.569316092332472 ], [ -57.876259016856906, -2.568694022268492 ], [ -57.875851802344123, -2.56811033791262 ], [ -57.875391125614982, -2.567570660409577 ], [ -57.874881423356548, -2.567080187091277 ], [ -57.874327604214351, -2.566643641426314 ], [ -57.873735001521922, -2.566265227532375 ], [ -57.873109321947467, -2.565948589690411 ], [ -57.872456590551622, -2.565696777250314 ], [ -57.871783092784966, -2.565512215265671 ], [ -57.871095313982927, -2.565396681140637 ], [ -57.870399876939842, -2.56535128751375 ], [ -57.869703478162123, -2.565376471543104 ], [ -57.869012823412973, -2.565471990696818 ], [ -57.868334563168368, -2.565636925088433 ], [ -57.86767522860405, -2.565869686335289 ], [ -57.86704116872918, -2.56616803285482 ], [ -57.866438489270415, -2.566529091450322 ], [ -57.865872993894051, -2.566949384980486 ], [ -57.865350128331578, -2.567424865843525 ], [ -57.864874927945706, -2.567950954956101 ], [ -57.864451969241614, -2.568522585850249 ], [ -57.864085325790214, -2.569134253463649 ], [ -57.863778528987936, -2.569780067154605 ], [ -57.863534534031281, -2.570453807430023 ], [ -57.863355691434634, -2.571148985840753 ], [ -57.863243724366178, -2.571858907467436 ], [ -57.863199712021519, -2.572576735395233 ] ] ] } },
{ "type": "Feature", "properties": { "porto": "Senador José Porfírio", "classe": "Porto público", "tipo": "Porto Público", "estado": "PA", "cidade": "Senador José Porfírio", "fonte": "envelope estimado (1500 m)", "osm_id": null, "osm_nome": null, "area_km2": 7.0572341037285042 }, "geometry": { "type": "Polygon", "coordinates": [ [ [ -51.87787986677445, -2.875765992081585 ], [ -51.87787389974428, -2.877112301340295 ], [ -51.877996281480627, -2.8784527191514 ], [ -51.878245836640566, -2.879774336517042 ], [ -51.878620164948536, -2.881064425455294 ], [ -51.87911566419406, -2.88231056158054 ], [ -51.879727564816299, -2.883500743762113 ], [ -51.880449975746473, -2.884623509707723 ], [ -51.881275941070271, -2.885668046358687 ], [ -51.882197506967159, -2.886624294033748 ], [ -51.883205798284003, -2.887483043317876 ], [ -51.884291104006408, -2.888236023762516 ], [ -51.885442970804867, -2.888875983543493 ], [ -51.88665030375374, -2.889396759307886 ], [ -51.887901473251347, -2.889793335538067 ], [ -51.889184427108781, -2.890061892859826 ], [ -51.890486806724503, -2.890199844830367 ], [ -51.891796066221808, -2.890205862850277 ], [ -51.893099593397402, -2.890079888960792 ], [ -51.894384831311399, -2.88982313640172 ], [ -51.895639399342805, -2.889438077925861 ], [ -51.89685121254, -2.888928421981673 ], [ -51.898008598112114, -2.888299076994087 ], [ -51.899100407935343, -2.887556104087331 ], [ -51.900116125987303, -2.886706658706219 ], [ -51.901045969671891, -2.88575892169667 ], [ -51.901880984056994, -2.88472202051144 ], [ -51.902613128116492, -2.883605941298822 ], [ -51.903235352145899, -2.882421432722245 ], [ -51.903741665607065, -2.88117990243626 ], [ -51.904127194750394, -2.879893307217858 ], [ -51.904388229462292, -2.878574037809402 ], [ -51.904522258890175, -2.87723479958454 ], [ -51.904527995505902, -2.875888490185046 ], [ -51.904405387380585, -2.874548075307705 ], [ -51.904155618557162, -2.873226463837579 ], [ -51.903781097522149, -2.871936383530139 ], [ -51.903285433892414, -2.870690258439089 ], [ -51.902673403546018, -2.869500089271274 ], [ -51.901950902536925, -2.868377337818789 ], [ -51.901124890241142, -2.867332816583404 ], [ -51.90020332228432, -2.866376584653914 ], [ -51.899195073898767, -2.865517850840324 ], [ -51.898109854449018, -2.864764884996531 ], [ -51.896958113949196, -2.864124938385691 ], [ -51.895750942471359, -2.863604173854601 ], [ -51.894499963411924, -2.863207606489268 ], [ -51.893217221641372, -2.862939055323114 ], [ -51.891915067610874, -2.862801106562511 ], [ -51.890606038528013, -2.862795088683319 ], [ -51.889302737741389, -2.862921059639074 ], [ -51.888017713490882, -2.863177806302645 ], [ -51.886763338186526, -2.863562856147759 ], [ -51.885551689373528, -2.864072501057684 ], [ -51.884394433525586, -2.864701833031562 ], [ -51.883302713781269, -2.86544479144509 ], [ -51.882287042701286, -2.866294221410658 ], [ -51.881357201076625, -2.867241942674652 ], [ -51.880522143760238, -2.868278828389411 ], [ -51.879789913428077, -2.8693948930011 ], [ -51.879167563100033, -2.870579388407591 ], [ -51.878661088167838, -2.871820907460153 ], [ -51.878275368586344, -2.873107493813793 ], [ -51.878014121787551, -2.874426757066628 ], [ -51.87787986677445, -2.875765992081585 ] ] ] } },
{ "type": "Feature", "properties": { "porto": "Tabatinga", "classe": "IP4 (pequeno porte)", "tipo": "IP4", "estado": "AM", "cidade": "Tabatinga", "fonte": "envelope estimado (800 m)", "osm_id": null, "osm_nome": null, "area_km2": 2.0073910339493608 }, "geometry": { "type": "Polygon", "coordinates": [ [ [ -69.93673692515938, -4.231835522587957 ], [ -69.936817552443898, -4.232543620156814 ], [ -69.93696637951615, -4.233240308139798 ], [ -69.937181973964854, -4.23391887701216 ], [ -69.937462260278167, -4.234572791730224 ], [ -69.937804539802059, -4.235195754669545 ], [ -69.938205516704528, -4.235781766276934 ], [ -69.93866132969687, -4.236325182852715 ], [ -69.939167589206917, -4.236820770905723 ], [ -69.939719419647062, -4.237263757558427 ], [ -69.940311506370008, -4.237649876516092 ], [ -69.940938146860191, -4.237975409156727 ], [ -69.941593305667269, -4.23823722034679 ], [ -69.942270672552453, -4.238432788637465 ], [ -69.942963723286354, -4.238560230549719 ], [ -69.943665782512397, -4.238618318715264 ], [ -69.944370088068567, -4.238606493698049 ], [ -69.945069856147313, -4.238524869382649 ], [ -69.945758346664078, -4.238374231877119 ], [ -69.946428928204043, -4.238156031941728 ], [ -69.947075141919854, -4.237872371015781 ], [ -69.947690763763845, -4.237525980977467 ], [ -69.948269864454346, -4.237120197831779 ], [ -69.948806866597195, -4.236658929580036 ], [ -69.949296598412275, -4.236146618580046 ], [ -69.94973434354641, -4.235588198760392 ], [ -69.95011588649335, -4.234989048100424 ], [ -69.950437553182809, -4.234354936833673 ], [ -69.950696246348684, -4.233691971874404 ], [ -69.950889475335813, -4.233006538001512 ], [ -69.95101538005936, -4.232305236367088 ], [ -69.951072748887171, -4.231594820922145 ], [ -69.95106103027382, -4.230882133370888 ], [ -69.950980338035905, -4.230174037280769 ], [ -69.950831450219056, -4.229477351982835 ], [ -69.950615801568929, -4.228798786898618 ], [ -69.950335469680311, -4.228144876926216 ], [ -69.949993154958662, -4.227521919507752 ], [ -69.949592154588586, -4.226935913984201 ], [ -69.94913633076068, -4.226392503821443 ], [ -69.948630073463491, -4.225896922264257 ], [ -69.948078258199587, -4.225453941940411 ], [ -69.947486199033051, -4.225067828901561 ], [ -69.946859597420485, -4.224742301542221 ], [ -69.946204487318155, -4.224480494792894 ], [ -69.945527177093197, -4.224284929931825 ], [ -69.944834188797543, -4.224157490306215 ], [ -69.94413219538832, -4.224099403196464 ], [ -69.943427956498212, -4.224111227998012 ], [ -69.942728253372863, -4.224192850834674 ], [ -69.942039823600695, -4.224343485655188 ], [ -69.941369296262167, -4.224561681802434 ], [ -69.940723128121661, -4.224845337982685 ], [ -69.940107541475413, -4.225191722500193 ], [ -69.939528464252533, -4.22559749956199 ], [ -69.938991472945247, -4.226058761400763 ], [ -69.93850173891731, -4.226571065904966 ], [ -69.93806397860692, -4.227129479395658 ], [ -69.937682408103583, -4.227728624136864 ], [ -69.937360702536509, -4.228362730122301 ], [ -69.937101960665871, -4.229025690640817 ], [ -69.936908675018529, -4.229711121084138 ], [ -69.936782707856736, -4.230412420431917 ], [ -69.936725273212105, -4.231122834821034 ], [ -69.93673692515938, -4.231835522587957 ] ] ] } },
{ "type": "Feature", "properties": { "porto": "Tapauá", "classe": "IP4 (pequeno porte)", "tipo": "IP4", "estado": "AM", "cidade": "Tapauá", "fonte": "envelope estimado (800 m)", "osm_id": null, "osm_nome": null, "area_km2": 2.0073910339493422 }, "geometry": { "type": "Polygon", "coordinates": [ [ [ -63.182657967858155, -5.62470175821248 ], [ -63.182707764280529, -5.625407741696448 ], [ -63.182826827043009, -5.626105463816025 ], [ -63.183014010429517, -5.626788205085357 ], [ -63.183267512604353, -5.627449390270425 ], [ -63.183584892932508, -5.628082651714682 ], [ -63.183963095456228, -5.628681890666073 ], [ -63.184398478302981, -5.629241336015221 ], [ -63.184886848742359, -5.629755599878743 ], [ -63.185423503554929, -5.630219729491674 ], [ -63.186003274324747, -5.630629254910429 ], [ -63.18662057721923, -5.630980232065398 ], [ -63.187269466776989, -5.631269280748766 ], [ -63.18794369318492, -5.631493617172042 ], [ -63.188636762492379, -5.631651080778857 ], [ -63.189341999181572, -5.631740155055265 ], [ -63.190052610490298, -5.631759982136636 ], [ -63.19076175186634, -5.631710371070335 ], [ -63.191462592921809, -5.631591799655363 ], [ -63.192148383250803, -5.631405409839844 ], [ -63.192812517474898, -5.631152996722054 ], [ -63.193448598889013, -5.630836991260277 ], [ -63.19405050109323, -5.630460436858121 ], [ -63.194612427015883, -5.630026960051052 ], [ -63.195128964758922, -5.629540735576775 ], [ -63.195595139726805, -5.629006446165413 ], [ -63.19600646253668, -5.628429237437834 ], [ -63.196358972248291, -5.627814668345537 ], [ -63.196649274497624, -5.627168657630585 ], [ -63.19687457416736, -5.626497426820909 ], [ -63.197032702280296, -5.625807440309926 ], [ -63.197122136857722, -5.625105343098117 ], [ -63.197142017543086, -5.624397896796001 ], [ -63.197092153851273, -5.623691914504974 ], [ -63.196973026965473, -5.622994195203142 ], [ -63.196785785066027, -5.622311458268126 ], [ -63.196532232237246, -5.621650278767356 ], [ -63.196214811060749, -5.62101702413896 ], [ -63.19583657906405, -5.620417792873024 ], [ -63.195401179252329, -5.619858355783502 ], [ -63.194912805007938, -5.61934410043656 ], [ -63.194376159696539, -5.61887997926974 ], [ -63.193796411368943, -5.618470461902018 ], [ -63.193179142995298, -5.618119492093751 ], [ -63.192530298710373, -5.617830449770295 ], [ -63.191856126587489, -5.617606118475812 ], [ -63.19116311849109, -5.617448658569497 ], [ -63.190457947586701, -5.617359586423123 ], [ -63.189747404108459, -5.617339759819546 ], [ -63.189038330001871, -5.617389369692864 ], [ -63.188337553069708, -5.617507938290084 ], [ -63.18765182125366, -5.617694323771336 ], [ -63.186987737683495, -5.617946731204809 ], [ -63.186351697117715, -5.618262729850761 ], [ -63.185749824386491, -5.618639276567483 ], [ -63.185187915428806, -5.619072745114829 ], [ -63.18467138149078, -5.619558961072586 ], [ -63.184205197021726, -5.620093242037836 ], [ -63.183793851769629, -5.620670442714364 ], [ -63.18344130753718, -5.621285004460004 ], [ -63.183150960014999, -5.621931008814975 ], [ -63.18292560606023, -5.622602234495901 ], [ -63.182767416736233, -5.62329221730635 ], [ -63.182677916373997, -5.623994312388108 ], [ -63.182657967858155, -5.62470175821248 ] ] ] } },
{ "type": "Feature", "properties": { "porto": "Tarauacá", "classe": "Porto público", "tipo": "Porto Público", "estado": "AC", "cidade": "Tarauacá", "fonte": "envelope estimado (1500 m)", "osm_id": null, "osm_nome": null, "area_km2": 7.0572341037287689 }, "geometry": { "type": "Polygon", "coordinates": [ [ [ -70.747417368305918, -8.169647312580958 ], [ -70.747579783565186, -8.170949150969106 ], [ -70.747873365350017, -8.172229317309773 ], [ -70.748295289532962, -8.173475482641789 ], [ -70.748841495623566, -8.174675645348563 ], [ -70.749506725762984, -8.175818246753932 ], [ -70.750284575267457, -8.176892282456089 ], [ -70.751167554237966, -8.177887408326221 ], [ -70.752147159645318, -8.178794040150109 ], [ -70.753213957197971, -8.179603445953038 ], [ -70.754357672205614, -8.180307830116909 ], [ -70.755567288562361, -8.180900408479371 ], [ -70.756831154895863, -8.181375473690519 ], [ -70.758137096857197, -8.181728450196868 ], [ -70.759472534467534, -8.181955938322462 ], [ -70.760824603387078, -8.182055747021883 ], [ -70.76218027893438, -8.182026914989285 ], [ -70.763526501656415, -8.181869719920051 ], [ -70.764850303234866, -8.181585675835146 ], [ -70.766138931511151, -8.181177518494826 ], [ -70.767379973420589, -8.18064917904165 ], [ -70.768561474647342, -8.180005746127444 ], [ -70.769672054843412, -8.179253416889267 ], [ -70.770701017298535, -8.178399437247423 ], [ -70.771638452002051, -8.177452032100955 ], [ -70.77247533110237, -8.176420326093895 ], [ -70.773203595844222, -8.175314255716533 ], [ -70.773816234146082, -8.17414447358836 ], [ -70.77430734807254, -8.17292224584626 ], [ -70.774672210553604, -8.171659343626454 ], [ -70.774907310808047, -8.17036792968592 ], [ -70.775010388037117, -8.169060441256327 ], [ -70.774980453068764, -8.167749470258618 ], [ -70.774817797748639, -8.166447642032439 ], [ -70.774523991992808, -8.165167493748202 ], [ -70.774101868535837, -8.163921353673221 ], [ -70.773555495526125, -8.162721222453488 ], [ -70.772890137237169, -8.161578657555056 ], [ -70.772112203277416, -8.160504661976875 ], [ -70.771229186791459, -8.159509578305812 ], [ -70.77024959225021, -8.158602989134334 ], [ -70.769182853527596, -8.157793624798103 ], [ -70.768039243053167, -8.157089279321688 ], [ -70.7668297729156, -8.15649673538061 ], [ -70.765566088868184, -8.156021699002086 ], [ -70.764260358254631, -8.15566874463153 ], [ -70.762925152931842, -8.155441271094235 ], [ -70.76157332831292, -8.155341468875044 ], [ -70.760217899690957, -8.155370299030661 ], [ -70.758871917029808, -8.155527483937949 ], [ -70.757548339422343, -8.155811509966414 ], [ -70.756259910420113, -8.156219642049702 ], [ -70.755019035429768, -8.156747950015852 ], [ -70.753837662352552, -8.157391346423088 ], [ -70.752727166611749, -8.158143635537273 ], [ -70.751698241672059, -8.158997572980079 ], [ -70.750760796102455, -8.159944935474128 ], [ -70.749923858172082, -8.160976600014484 ], [ -70.74919548889703, -8.16208263170444 ], [ -70.748582704375963, -8.163252379411169 ], [ -70.748091408163432, -8.164474578320677 ], [ -70.747726334334587, -8.16573745840466 ], [ -70.747491001792596, -8.167028857756904 ], [ -70.747387680262918, -8.168336339706311 ], [ -70.747417368305918, -8.169647312580958 ] ] ] } },
{ "type": "Feature", "properties": { "porto": "Tonantins", "classe": "IP4 (pequeno porte)", "tipo": "IP4", "estado": "AM", "cidade": "Tonantins", "fonte": "envelope estimado (800 m)", "osm_id": null, "osm_nome": null, "area_km2": 2.0073910339493906 }, "geometry": { "type": "Polygon", "coordinates": [ [ [ -67.792893712962425, -2.874026613518547 ], [ -67.79296380536961, -2.874741033412834 ], [ -67.793101651966396, -2.875444944827402 ], [ -67.79330592608494, -2.876131568685762 ], [ -67.793574661236022, -2.876794292388663 ], [ -67.793905270017433, -2.877426733498937 ], [ -67.794294569006468, -2.878022801209215 ], [ -67.794738809398083, -2.878576755001923 ], [ -67.795233713094191, -2.879083259935866 ], [ -67.795774513897143, -2.879537438027219 ], [ -67.796356003411034, -2.879934915229387 ], [ -67.796972581208578, -2.880271863560157 ], [ -67.797618308780386, -2.880545037969372 ], [ -67.798286966746375, -2.880751807592701 ], [ -67.798972114777484, -2.88089018109003 ], [ -67.799667153649878, -2.880958825824544 ], [ -67.80036538883266, -2.88095708069761 ], [ -67.801060094995478, -2.880884962516004 ], [ -67.801744580813406, -2.88074316583022 ], [ -67.802412253443606, -2.880533056244867 ], [ -67.803056682051434, -2.880256657266192 ], [ -67.803671659773016, -2.879916630813382 ], [ -67.804251263516178, -2.879516251580913 ], [ -67.804789911023178, -2.879059375499425 ], [ -67.805282414644481, -2.878550402598669 ], [ -67.805724031305658, -2.87799423463037 ], [ -67.806110508185569, -2.877396227859375 ], [ -67.806438123666112, -2.87676214147712 ], [ -67.806703723159345, -2.876098082135602 ], [ -67.80690474946762, -2.875410445134466 ], [ -67.807039267385036, -2.874705852829463 ], [ -67.807105982304222, -2.873991090853926 ], [ -67.807104252650561, -2.873273042768558 ], [ -67.807034096025291, -2.872558623768546 ], [ -67.806896188999758, -2.871854714086396 ], [ -67.806691860564058, -2.871168092732121 ], [ -67.806423079294774, -2.870505372208558 ], [ -67.806092434366434, -2.869872934830814 ], [ -67.805703110590812, -2.869276871262814 ], [ -67.805258857725505, -2.868722921862969 ], [ -67.804763954347976, -2.868216421403553 ], [ -67.804223166643595, -2.867762247696558 ], [ -67.803641702504947, -2.867364774620006 ], [ -67.803025161384099, -2.867027829997649 ], [ -67.80237948038102, -2.866754658737014 ], [ -67.801710877086151, -2.866547891581534 ], [ -67.801025789727618, -2.866409519776452 ], [ -67.800330815197597, -2.866340875893532 ], [ -67.799632645554368, -2.8663426209988 ], [ -67.798938003609635, -2.866414738286097 ], [ -67.798253578220439, -2.86655653323943 ], [ -67.797585959907408, -2.866766640320765 ], [ -67.796941577417783, -2.86704303612005 ], [ -67.796326635843144, -2.867383058840333 ], [ -67.79574705688654, -2.867783433930505 ], [ -67.795208421853246, -2.868240305619199 ], [ -67.794715917913379, -2.868749274045394 ], [ -67.794274288153616, -2.869305437629284 ], [ -67.793887785898448, -2.869903440274713 ], [ -67.793560133741224, -2.870537522948556 ], [ -67.793294487679262, -2.871201579141494 ], [ -67.793093406699839, -2.871889213674748 ], [ -67.792958828109875, -2.872593804287504 ], [ -67.792892048848316, -2.873308565411445 ], [ -67.792893712962425, -2.874026613518547 ] ] ] } },
{ "type": "Feature", "properties": { "porto": "Urucará", "classe": "IP4 (pequeno porte)", "tipo": "IP4", "estado": "AM", "cidade": "Urucará", "fonte": "envelope estimado (800 m)", "osm_id": null, "osm_nome": null, "area_km2": 2.007391033949335 }, "geometry": { "type": "Polygon", "coordinates": [ [ [ -57.748301351225429, -2.538201152751243 ], [ -57.748325184636542, -2.538920132161949 ], [ -57.748417153182096, -2.53963323439607 ], [ -57.74857637206167, -2.540333591874344 ], [ -57.748801308752014, -2.541014459746143 ], [ -57.749089797733689, -2.541669280846781 ], [ -57.749439061317609, -2.542291748848079 ], [ -57.749845736371988, -2.542875868993343 ], [ -57.750305906693185, -2.543416015832079 ], [ -57.750815140709328, -2.543906987398235 ], [ -57.751368534154224, -2.544344055310227 ], [ -57.751960757300488, -2.544723010309898 ], [ -57.752586106297301, -2.545040202802106 ], [ -57.753238558117602, -2.545292578004533 ], [ -57.753911828585274, -2.545477705368357 ], [ -57.754599432922284, -2.545593801987352 ], [ -57.755294748232167, -2.545639749769445 ], [ -57.755991077316253, -2.545615106205009 ], [ -57.756681713207179, -2.545520108628978 ], [ -57.757360003796741, -2.545355671934961 ], [ -57.758019415934186, -2.545123379763648 ], [ -57.758653598376362, -2.544825469250715 ], [ -57.759256442982192, -2.544464809480322 ], [ -57.759822143561259, -2.544044873852919 ], [ -57.760345251808445, -2.543569706632456 ], [ -57.760820729785657, -2.543043883995661 ], [ -57.761243998444471, -2.542472469959087 ], [ -57.761610981722427, -2.541860967607445 ], [ -57.761918145788279, -2.541215266093821 ], [ -57.762162533058607, -2.540541583921897 ], [ -57.762341790658915, -2.539846409056748 ], [ -57.762454193055845, -2.539136436440718 ], [ -57.762498658643651, -2.53841850351631 ], [ -57.762474760126508, -2.537699524377179 ], [ -57.762382728597636, -2.536986423181435 ], [ -57.762223451277883, -2.536286067468451 ], [ -57.761998462936319, -2.535605202021013 ], [ -57.76170993107732, -2.534950383910627 ], [ -57.761360635037718, -2.534327919350527 ], [ -57.760953939196533, -2.533743802965225 ], [ -57.760493760556265, -2.533203660060643 ], [ -57.759984531008456, -2.532712692451727 ], [ -57.759431154647622, -2.532275628367952 ], [ -57.75883896054458, -2.531896676920411 ], [ -57.758213651434041, -2.531579487567588 ], [ -57.757561248810248, -2.531327114971324 ], [ -57.756888034958756, -2.531141989580187 ], [ -57.756200492481838, -2.531025894224643 ], [ -57.755505241898732, -2.53097994694823 ], [ -57.754808977920696, -2.531004590241057 ], [ -57.754118405013102, -2.531099586778694 ], [ -57.753440172863705, -2.53126402170744 ], [ -57.752780812377466, -2.531496311454373 ], [ -57.752146672812636, -2.531794218977138 ], [ -57.751543860662473, -2.532154875306283 ], [ -57.750978180870213, -2.53257480717374 ], [ -57.750455080942089, -2.533049970460016 ], [ -57.749979598496537, -2.53357578913952 ], [ -57.749556312753697, -2.534147199347911 ], [ -57.749189300432519, -2.534758698147508 ], [ -57.748882096480386, -2.535404396521661 ], [ -57.748637660013543, -2.536078076087474 ], [ -57.748458345797061, -2.536773248979851 ], [ -57.748345881540033, -2.537483220332429 ], [ -57.748301351225429, -2.538201152751243 ] ] ] } },
{ "type": "Feature", "properties": { "porto": "Urucurituba", "classe": "IP4 (pequeno porte)", "tipo": "IP4", "estado": "AM", "cidade": "Urucurituba", "fonte": "envelope estimado (800 m)", "osm_id": null, "osm_nome": null, "area_km2": 2.007391033949335 }, "geometry": { "type": "Polygon", "coordinates": [ [ [ -58.151673150117801, -3.128399975721052 ], [ -58.151698936037768, -3.129116523995394 ], [ -58.151793100281388, -3.129827027685609 ], [ -58.15195473690806, -3.130524644234262 ], [ -58.152182290114432, -3.131202655181112 ], [ -58.152473569185148, -3.131854530867227 ], [ -58.152825769561929, -3.13247399332043 ], [ -58.153235499829258, -3.133055076717763 ], [ -58.15369881435759, -3.133592184842004 ], [ -58.154211251290526, -3.134080144978794 ], [ -58.154767875510515, -3.13451425773536 ], [ -58.155363326169322, -3.134890342301158 ], [ -58.1559918683257, -3.135204776713485 ], [ -58.156647448192388, -3.135454532741939 ], [ -58.157323751459728, -3.135637205053591 ], [ -58.15801426413352, -3.135751034379707 ], [ -58.158712335300045, -3.135794924459648 ], [ -58.159411241212474, -3.135768452599345 ], [ -58.160104250080437, -3.135671873742517 ], [ -58.160784686937106, -3.135506118015102 ], [ -58.161445997957841, -3.135272781766804 ], [ -58.162081813609632, -3.134974112196478 ], [ -58.162686010021858, -3.13461298570836 ], [ -58.163252767986251, -3.134192880209021 ], [ -58.163776629017043, -3.13371784161056 ], [ -58.164252547930495, -3.133192444863915 ], [ -58.164675941437245, -3.132621749896757 ], [ -58.165042732279268, -3.132011252881084 ], [ -58.16534938848622, -3.131366833299445 ], [ -58.165592957374024, -3.130694697319706 ], [ -58.165771093958334, -3.130001318024461 ], [ -58.165882083510482, -3.12929337306973 ], [ -58.165924858039595, -3.128577680374258 ], [ -58.165899006543327, -3.127861132458423 ], [ -58.165804778929981, -3.127150630065057 ], [ -58.165643083575439, -3.126453015701874 ], [ -58.165415478539906, -3.12577500774493 ], [ -58.165124156530503, -3.125123135738408 ], [ -58.164771923755637, -3.124503677513043 ], [ -58.164362172875862, -3.123922598729338 ], [ -58.163898850312833, -3.123385495427233 ], [ -58.163386418231731, -3.122897540135722 ], [ -58.162829811563661, -3.122463432061347 ], [ -58.162234390482332, -3.122087351834868 ], [ -58.161605888792351, -3.121772921251996 ], [ -58.16095035872587, -3.121523168396171 ], [ -58.160274112678771, -3.12134049847833 ], [ -58.159583662446288, -3.121226670675248 ], [ -58.15888565654258, -3.121182781188969 ], [ -58.158186816206445, -3.121209252690766 ], [ -58.157493870708208, -3.121305830250711 ], [ -58.156813492579424, -3.121471583792792 ], [ -58.15615223338785, -3.121704917051065 ], [ -58.155516460674733, -3.122003582941831 ], [ -58.154912296660605, -3.122364705202043 ], [ -58.154345559308645, -3.122784806087772 ], [ -58.153821706312549, -3.123259839864149 ], [ -58.153345782547262, -3.123785231765513 ], [ -58.152922371488593, -3.124355922050429 ], [ -58.152555551069099, -3.124966414726851 ], [ -58.152248854395758, -3.125610830479001 ], [ -58.15200523570774, -3.126282963286113 ], [ -58.151827041903189, -3.126976340187529 ], [ -58.151715989909725, -3.127684283619276 ], [ -58.151673150117801, -3.128399975721052 ] ] ] } },
{ "type": "Feature", "properties": { "porto": "Vila Bittencourt", "classe": "Porto público", "tipo": "Porto Público", "estado": "AM", "cidade": "Japurá", "fonte": "envelope estimado (1500 m)", "osm_id": null, "osm_nome": null, "area_km2": 7.0572341037287689 }, "geometry": { "type": "Polygon", "coordinates": [ [ [ -69.413198307128965, -1.397248261455623 ], [ -69.413342302651131, -1.398597647084938 ], [ -69.413611940606486, -1.39992574752319 ], [ -69.414004627208911, -1.401219772392368 ], [ -69.414516583331036, -1.402467259461357 ], [ -69.415142880797191, -1.403656194666834 ], [ -69.415877489758145, -1.404775127818262 ], [ -69.416713336695153, -1.405813282873056 ], [ -69.417642372496786, -1.406760661719969 ], [ -69.41865564995517, -1.407608140470404 ], [ -69.419743409935677, -1.408347557330948 ], [ -69.420895175390342, -1.408971791210095 ], [ -69.422099852308449, -1.409474830302295 ], [ -69.423345836630233, -1.409851829988344 ], [ -69.424621126091012, -1.410099159495072 ], [ -69.425913435915575, -1.41021443686359 ], [ -69.427210317243976, -1.410196551890765 ], [ -69.428499277144468, -1.410045676821551 ], [ -69.429767899052209, -1.409763264690373 ], [ -69.431003962469831, -1.409352035326359 ], [ -69.432195560771731, -1.408815949158255 ], [ -69.433331215973723, -1.408160169070759 ], [ -69.434399989358326, -1.40739101067996 ], [ -69.435391586887405, -1.406515881506796 ], [ -69.436296458384192, -1.405543209634546 ], [ -69.437105889527857, -1.404482362537281 ], [ -69.437812085773814, -1.403343556861967 ], [ -69.438408247391735, -1.402137760032149 ], [ -69.43888863489974, -1.400876584621555 ], [ -69.439248624266412, -1.39957217651564 ], [ -69.439484751351941, -1.39823709793668 ], [ -69.43959474516376, -1.396884206460733 ], [ -69.439577549610632, -1.395526531190299 ], [ -69.439433333550014, -1.394177147276923 ], [ -69.439163489036773, -1.3928490499999 ], [ -69.438770617794972, -1.391555029615805 ], [ -69.438258506047532, -1.390307548183378 ], [ -69.437632087950746, -1.389118619549383 ], [ -69.436897397989583, -1.387999693651718 ], [ -69.436061512795618, -1.386961546254212 ], [ -69.435132482950422, -1.386014175173943 ], [ -69.434119255433032, -1.385166704000993 ], [ -69.433031587458814, -1.384427294237591 ], [ -69.431879952540015, -1.383803066702489 ], [ -69.430675439670921, -1.383300032957421 ], [ -69.429429646606991, -1.382923037416088 ], [ -69.42815456826294, -1.382675710692464 ], [ -69.426862481300958, -1.382560434638368 ], [ -69.42556582601641, -1.382578319406569 ], [ -69.424277086654399, -1.382729192759842 ], [ -69.42300867130453, -1.383011601729826 ], [ -69.421772792526298, -1.383422826608721 ], [ -69.420581349849698, -1.383958907140263 ], [ -69.419445815278351, -1.384614680656379 ], [ -69.418377122893958, -1.385383831793363 ], [ -69.417385563621835, -1.386258953309188 ], [ -69.416480686168569, -1.387231617414828 ], [ -69.415671205083939, -1.388292456934609 ], [ -69.414964916831678, -1.389431255512781 ], [ -69.414368624677905, -1.390637045998606 ], [ -69.413888073120887, -1.391898216061983 ], [ -69.413527892496376, -1.393202620023148 ], [ -69.413291554294091, -1.394537695819022 ], [ -69.413181337619719, -1.395890585980598 ], [ -69.413198307128965, -1.397248261455623 ] ] ] } },
{ "type": "Feature", "properties": { "porto": "Vila Ipiranga", "classe": "Porto público", "tipo": "Porto Público", "estado": "AM", "cidade": "Santo Antônio do Içá", "fonte": "envelope estimado (1500 m)", "osm_id": null, "osm_nome": null, "area_km2": 7.0572341037287689 }, "geometry": { "type": "Polygon", "coordinates": [ [ [ -69.673857279161069, -2.884607536339803 ], [ -69.674004884409825, -2.885945210012236 ], [ -69.674279291940692, -2.887261555299036 ], [ -69.674677862086057, -2.888543894982809 ], [ -69.675196759101084, -2.889779879300075 ], [ -69.675830988000072, -2.890957604880969 ], [ -69.676574442573298, -2.892065729391688 ], [ -69.677419964125548, -2.89309358077475 ], [ -69.678359410372892, -2.894031260035043 ], [ -69.679383733836062, -2.89486973658092 ], [ -69.680483068976528, -2.895600935202774 ], [ -69.681646827235383, -2.896217813850078 ], [ -69.682863799059476, -2.896714431458416 ], [ -69.684122261929275, -2.897086005172219 ], [ -69.685410093346164, -2.89732895641244 ], [ -69.686714887686762, -2.897440945344702 ], [ -69.688024075795212, -2.897420893416486 ], [ -69.689325046156767, -2.897268993745649 ], [ -69.690605266481114, -2.896986709260339 ], [ -69.691852404519565, -2.896576758607938 ], [ -69.693054446947698, -2.896043089969877 ], [ -69.694199815164083, -2.895390843032899 ], [ -69.695277476886105, -2.894626299485015 ], [ -69.696277052464467, -2.893756822511659 ], [ -69.697188914890205, -2.892790785876192 ], [ -69.698004282529084, -2.891737493267192 ], [ -69.69871530368971, -2.890607088690048 ], [ -69.699315132211012, -2.8894104587662 ], [ -69.699797993342088, -2.888159127880992 ], [ -69.700159239282215, -2.88686514719045 ], [ -69.700395393848822, -2.88554097855614 ], [ -69.700504185846896, -2.884199374525904 ], [ -69.700484570822582, -2.88285325551689 ], [ -69.70033674099605, -2.881515585383624 ], [ -69.700062123282876, -2.880199246569017 ], [ -69.699663365427824, -2.878916916041675 ], [ -69.6991443103893, -2.877680943213318 ], [ -69.698509959225802, -2.876503231012199 ], [ -69.697766422845589, -2.875395121257994 ], [ -69.696920863087641, -2.874367285441035 ], [ -69.695981423704168, -2.873429621958318 ], [ -69.694957151910614, -2.872591160795134 ], [ -69.693857911259926, -2.871859976569977 ], [ -69.692694286679753, -2.871243110780013 ], [ -69.691477482586109, -2.870746503995664 ], [ -69.690219215052707, -2.870374938656482 ], [ -69.688931599071537, -2.870131993019753 ], [ -69.687627031986835, -2.87002000670443 ], [ -69.686318074221191, -2.87004005816248 ], [ -69.685017328437411, -2.870191954294118 ], [ -69.683737318295385, -2.870474232307319 ], [ -69.682490367966622, -2.87088417380322 ], [ -69.681288483561971, -2.871417830952422 ], [ -69.680143237610096, -2.87207006450959 ], [ -69.679065657695077, -2.872834593301045 ], [ -69.67806612032237, -2.873704054708213 ], [ -69.677154251032775, -2.874670075566105 ], [ -69.67633883172428, -2.875723352792428 ], [ -69.67562771607389, -2.87685374297291 ], [ -69.675027753873877, -2.878050360039349 ], [ -69.674544725012353, -2.879301680100622 ], [ -69.674183283735843, -2.880595652416458 ], [ -69.673946913733531, -2.881919815447361 ], [ -69.673837894479547, -2.883261416860659 ], [ -69.673857279161069, -2.884607536339803 ] ] ] } },
{ "type": "Feature", "properties": { "porto": "Vitória do Xingu", "classe": "Porto público", "tipo": "Porto Público", "estado": "PA", "cidade": "Vitória do Xingu", "fonte": "envelope estimado (1500 m)", "osm_id": null, "osm_nome": null, "area_km2": 7.0572341037285042 }, "geometry": { "type": "Polygon", "coordinates": [ [ [ -51.947109790866818, -2.884540291866059 ], [ -51.94710442214636, -2.885886538017124 ], [ -51.947227406807528, -2.887226832662391 ], [ -51.947477563700708, -2.888548267989812 ], [ -51.947852486754542, -2.889838117770149 ], [ -51.948348568029459, -2.891083959920536 ], [ -51.948961032357502, -2.892273796140744 ], [ -51.949683983238806, -2.893396167469623 ], [ -51.950510459556369, -2.894440264648148 ], [ -51.951432502565645, -2.89539603222675 ], [ -51.952441232515568, -2.89625426541333 ], [ -51.953526934164451, -2.897006698728988 ], [ -51.954679150366843, -2.897646085618179 ], [ -51.955886782829396, -2.898166268244821 ], [ -51.957138199063529, -2.898562236803053 ], [ -51.958421344502106, -2.898830177770812 ], [ -51.959723858697032, -2.898967510641015 ], [ -51.961033194474538, -2.89897291277665 ], [ -51.962336738896326, -2.898846332150379 ], [ -51.963621934856597, -2.89858898784557 ], [ -51.964876402139218, -2.898203358314366 ], [ -51.966088056764164, -2.897693157505234 ], [ -51.967245227469562, -2.897063299091092 ], [ -51.968336768203201, -2.896319849141512 ], [ -51.969352165536819, -2.895469967696099 ], [ -51.970281639965918, -2.894521839801029 ], [ -51.971116240117539, -2.893484596674198 ], [ -51.971847928957899, -2.89236822775757 ], [ -51.972469661169484, -2.891183484505049 ], [ -51.972975450953363, -2.889941776831852 ], [ -51.973360429605655, -2.888655063223566 ], [ -51.973620892316333, -2.887335735562872 ], [ -51.973754333742988, -2.885996499784587 ], [ -51.973759472021271, -2.884650253506764 ], [ -51.973636260984996, -2.883309961818071 ], [ -51.97338589048325, -2.881988532416965 ], [ -51.973010774796265, -2.880698691304959 ], [ -51.972514529266384, -2.879452860231783 ], [ -51.971901935373786, -2.878263037071907 ], [ -51.971178894597443, -2.877140680284649 ], [ -51.970352371508952, -2.876096598570189 ], [ -51.969430326650269, -2.875140846783821 ], [ -51.968421639843491, -2.874282629110775 ], [ -51.96733602467237, -2.873530210433742 ], [ -51.966183934959069, -2.872890836745694 ], [ -51.964976464136015, -2.872370665375534 ], [ -51.963725238480073, -2.871974705696328 ], [ -51.962442305234568, -2.87170677088909 ], [ -51.96114001669315, -2.871569441224087 ], [ -51.959830911357827, -2.87156403921521 ], [ -51.958527593311146, -2.871690616884875 ], [ -51.957242610959426, -2.871947955263333 ], [ -51.955988336309971, -2.872333576126222 ], [ -51.954776845939989, -2.872843765858194 ], [ -51.953619804799146, -2.873473611211987 ], [ -51.952528353960545, -2.874217046619929 ], [ -51.951513003397842, -2.875066912601277 ], [ -51.950583530818164, -2.876015024704146 ], [ -51.949748887523384, -2.87705225231746 ], [ -51.949017112205254, -2.878168606595447 ], [ -51.948395253504586, -2.879353336646791 ], [ -51.947889302081208, -2.88059503306354 ], [ -51.947504132850725, -2.881881737792767 ], [ -51.947243457946975, -2.883201059292941 ], [ -51.947109790866818, -2.884540291866059 ] ] ] } },
{ "type": "Feature", "properties": { "porto": "Fernando de Noronha", "classe": "Porto público", "tipo": "Porto Público", "estado": "PE", "cidade": "Fernando de Noronha", "fonte": "envelope estimado (1500 m)", "osm_id": null, "osm_nome": null, "area_km2": 7.0572341037288675 }, "geometry": { "type": "Polygon", "coordinates": [ [ [ -32.397798847164978, -3.837525364909515 ], [ -32.397623871364367, -3.838852766062248 ], [ -32.397577712124892, -3.840191202266267 ], [ -32.397660817336543, -3.841527783670893 ], [ -32.39787238998354, -3.842849638229377 ], [ -32.398210395692068, -3.844144035665355 ], [ -32.398671582199832, -3.845398510075657 ], [ -32.399251510565037, -3.846600979989789 ], [ -32.399944597818333, -3.847739864728219 ], [ -32.400744170650711, -3.84880419594006 ], [ -32.401642529623423, -3.849783723244529 ], [ -32.402631023283789, -3.850669012958745 ], [ -32.403700131474316, -3.851451538960905 ], [ -32.40483955703327, -3.852123764812872 ], [ -32.406038325002882, -3.852679216351303 ], [ -32.407284888388304, -3.853112544047303 ], [ -32.4085672394461, -3.853419574534156 ], [ -32.409873025427594, -3.853597350806229 ], [ -32.411189667658093, -3.853644160701709 ], [ -32.412504482801047, -3.853559553394668 ], [ -32.413804805134397, -3.853344343737673 ], [ -32.415078108656502, -3.853000604412744 ], [ -32.416312127840925, -3.852531645966709 ], [ -32.417494975872238, -3.851941984923023 ], [ -32.41861525922009, -3.851237300277549 ], [ -32.419662187444189, -3.850424378797534 ], [ -32.420625677169717, -3.849511049651086 ], [ -32.421496449229721, -3.848506108996681 ], [ -32.422266118037534, -3.847419235259967 ], [ -32.422927272328188, -3.846260895913534 ], [ -32.423473546491998, -3.845042246658831 ], [ -32.423899681814682, -3.843775023980372 ], [ -32.424201577036918, -3.84247143210846 ], [ -32.424376327749599, -3.841144025478525 ], [ -32.424422254249286, -3.839805587820348 ], [ -32.424338917590084, -3.838469009040453 ], [ -32.42412712368214, -3.837147161084623 ], [ -32.423788915402234, -3.835852773975605 ], [ -32.42332755279736, -3.83459831321959 ], [ -32.422747481576607, -3.833395859762495 ], [ -32.422054290199192, -3.832256993651304 ], [ -32.421254655975567, -3.831192682521099 ], [ -32.420356280703693, -3.830213175980974 ], [ -32.419367816462632, -3.82932790691576 ], [ -32.418298782279308, -3.828545400653804 ], [ -32.41715947247139, -3.827873192874599 ], [ -32.415960857548413, -3.827317757046998 ], [ -32.414714478623715, -3.826884442096122 ], [ -32.413432336352017, -3.826577420898877 ], [ -32.412126775458468, -3.826399650103971 ], [ -32.410810365967755, -3.826352841662635 ], [ -32.409495782272359, -3.826437446344995 ], [ -32.408195681199949, -3.8266526493993 ], [ -32.406922580249216, -3.826996378397322 ], [ -32.405688737161924, -3.827465323188965 ], [ -32.404506031986152, -3.828054967775663 ], [ -32.403385852762412, -3.828759633793901 ], [ -32.402338985929561, -3.829572535192279 ], [ -32.401375512503179, -3.830485843574416 ], [ -32.400504711023864, -3.8314907635798 ], [ -32.399734968208868, -3.832577617576329 ], [ -32.399073698167165, -3.833735938849949 ], [ -32.398527270956727, -3.834954572393788 ], [ -32.398100951173326, -3.836221782327159 ], [ -32.397798847164978, -3.837525364909515 ] ] ] } },
{ "type": "Feature", "properties": { "porto": "Corumbá", "classe": "Porto público", "tipo": "Porto Público", "estado": "MS", "cidade": "Corumbá", "fonte": "envelope estimado (1500 m)", "osm_id": null, "osm_nome": null, "area_km2": 7.0572341037285229 }, "geometry": { "type": "Polygon", "coordinates": [ [ [ -57.639858762719811, -18.997498261164139 ], [ -57.639907878308691, -18.998765349267114 ], [ -57.640100416662669, -19.000022171012631 ], [ -57.640434527551911, -19.001256622161087 ], [ -57.640906997037185, -19.00245681366054 ], [ -57.64151327827836, -19.003611186168261 ], [ -57.642247535196191, -19.0047086214059 ], [ -57.643102698571496, -19.005738549274579 ], [ -57.644070534045866, -19.006691049696681 ], [ -57.645141721371687, -19.007556948201962 ], [ -57.646305944150591, -19.00832790433542 ], [ -57.647551989196714, -19.008996492033521 ], [ -57.648867854567371, -19.00955627119237 ], [ -57.650240865219416, -19.010001849737325 ], [ -57.65165779517438, -19.01032893559362 ], [ -57.653104995012484, -19.010534378056398 ], [ -57.654568523462686, -19.010616198160253 ], [ -57.656034281816439, -19.010573607754797 ], [ -57.657488149864726, -19.010407017101716 ], [ -57.658916122043102, -19.010118030920303 ], [ -57.660304442467478, -19.009709432919184 ], [ -57.661639737554225, -19.009185158964065 ], [ -57.662909144941928, -19.008550259140776 ], [ -57.664100437468278, -19.007810849080194 ], [ -57.665202141004002, -19.006974051015117 ], [ -57.666203645006235, -19.006047925139072 ], [ -57.667095304724342, -19.005041391929428 ], [ -57.6678685340733, -19.003964146185378 ], [ -57.668515888280702, -19.002826563610363 ], [ -57.669031135512839, -19.001639600840889 ], [ -57.669409316792908, -19.000414689885947 ], [ -57.66964679363825, -18.99916362799577 ], [ -57.669741282962036, -18.997898464021315 ], [ -57.669691878909063, -18.996631382360462 ], [ -57.669499061421007, -18.995374585608594 ], [ -57.669164691454611, -18.994140177044876 ], [ -57.668691992905345, -18.992940044084744 ], [ -57.668085521416103, -18.991785743821332 ], [ -57.667351120377276, -18.990688391756539 ], [ -57.66649586454654, -18.989658554793113 ], [ -57.665527991835305, -18.988706149515156 ], [ -57.66445682392218, -18.987840346736583 ], [ -57.663292676459491, -18.987069483233689 ], [ -57.662046759738793, -18.986400981510297 ], [ -57.660731070771249, -18.985841278366276 ], [ -57.659358277820978, -18.985395762955097 ], [ -57.65794159850023, -18.985068724925277 ], [ -57.656494672597105, -18.98486331314383 ], [ -57.65503143085548, -18.98478150539702 ], [ -57.653565960965807, -18.984824089360384 ], [ -57.652112372051612, -18.984990655019775 ], [ -57.650684658950382, -18.985279598616426 ], [ -57.649296567590014, -18.985688138078228 ], [ -57.647961462751333, -18.986212339789059 ], [ -57.646692199484605, -18.986847156439445 ], [ -57.645500999413692, -18.987586475594796 ], [ -57.644399333114826, -18.988423178515724 ], [ -57.643397809699898, -18.989349208665036 ], [ -57.642506074665555, -18.990355649244133 ], [ -57.641732716991179, -18.991432809013524 ], [ -57.64108518638065, -18.992570315573705 ], [ -57.640569721446774, -18.993757215209449 ], [ -57.640191289532453, -18.99498207833787 ], [ -57.639953538752145, -18.996233109546747 ], [ -57.639858762719811, -18.997498261164139 ] ] ] } },
{ "type": "Feature", "properties": { "porto": "Anhembi", "classe": "Porto público", "tipo": "Porto Público", "estado": "SP", "cidade": "Anhembi", "fonte": "OSM (área portuária mapeada)", "osm_id": "way/285840154", "osm_nome": "Terminal Torque", "area_km2": 0.122592600088931 }, "geometry": { "type": "Polygon", "coordinates": [ [ [ -48.1310742, -22.7704578 ], [ -48.12972460000001, -22.7712708 ], [ -48.1295465, -22.771267599999966 ], [ -48.1278654, -22.771222 ], [ -48.1263636, -22.7719058 ], [ -48.1265923, -22.7732735 ], [ -48.1281312, -22.773381799999978 ], [ -48.1286318, -22.772595400000014 ], [ -48.1302139, -22.772925899999986 ], [ -48.1314461, -22.7728388 ], [ -48.1328734, -22.7716947 ], [ -48.1324035, -22.771497 ], [ -48.1326404, -22.771131 ], [ -48.1317842, -22.770832100000025 ], [ -48.131495, -22.770835100000042 ], [ -48.1313426, -22.77049940000002 ], [ -48.1310742, -22.7704578 ] ] ] } },
{ "type": "Feature", "properties": { "porto": "Guaíra", "classe": "Porto público", "tipo": "Porto Público", "estado": "PR", "cidade": "Guaíra", "fonte": "envelope estimado (1500 m)", "osm_id": null, "osm_nome": null, "area_km2": 7.0572341037281427 }, "geometry": { "type": "Polygon", "coordinates": [ [ [ -54.226563673951816, -24.070109851532273 ], [ -54.226580388193682, -24.071370613520539 ], [ -54.226746567535791, -24.072623950118899 ], [ -54.227060615980307, -24.073857790626807 ], [ -54.227519513194324, -24.075060251770747 ], [ -54.228118843438786, -24.076219752174083 ], [ -54.228852837952509, -24.077325123931345 ], [ -54.229714430388654, -24.078365720210286 ], [ -54.230695324774452, -24.079331517844437 ], [ -54.231786075343102, -24.080213213925138 ], [ -54.232976177471542, -24.081002315461141 ], [ -54.234254168849468, -24.081691221238859 ], [ -54.235607739905163, -24.082273295092836 ], [ -54.237023852423178, -24.082742929878428 ], [ -54.238488865208836, -24.083095601527379 ], [ -54.239988665585642, -24.083327912664544 ], [ -54.241508805454181, -24.083437625363075 ], [ -54.243034640596775, -24.083423682721577 ], [ -54.244551471879966, -24.083286219054639 ], [ -54.246044686988476, -24.083026558597677 ], [ -54.247499901318953, -24.082647202739071 ], [ -54.248903096670155, -24.08215180590291 ], [ -54.250240756387825, -24.081545140315484 ], [ -54.251499995657184, -24.080833049997096 ], [ -54.252668685683801, -24.080022394422894 ], [ -54.253735570563173, -24.079120982398972 ], [ -54.25469037571127, -24.078137496791921 ], [ -54.25552390681041, -24.077081410839785 ], [ -54.256228138318001, -24.075962896852946 ], [ -54.256796290686971, -24.074792728186811 ], [ -54.257222895557007, -24.073582175432506 ], [ -54.257503848292657, -24.072342897827923 ], [ -54.257636447366984, -24.071086830936164 ], [ -54.257619420217324, -24.069826071674985 ], [ -54.257452935330079, -24.068572761805036 ], [ -54.257138600445003, -24.067338970999746 ], [ -54.256679446902751, -24.066136580622544 ], [ -54.256079900292946, -24.064977169330469 ], [ -54.255345737691584, -24.063871901604653 ], [ -54.25448403190498, -24.062831420279363 ], [ -54.253503083261919, -24.061865744103539 ], [ -54.252412339614274, -24.06098417131814 ], [ -54.251222305319139, -24.060195190176351 ], [ -54.249944440080021, -24.059506397265103 ], [ -54.248591048621194, -24.058924424412332 ], [ -54.247175162256305, -24.058454874881416 ], [ -54.245710413489086, -24.0581022694642 ], [ -54.244210904849957, -24.057870002990583 ], [ -54.242691073227014, -24.0577603116711 ], [ -54.241165550992221, -24.05777425158551 ], [ -54.239649025254188, -24.057911688524015 ], [ -54.238156096586238, -24.058171299278413 ], [ -54.236701138583989, -24.058550584370288 ], [ -54.235298159598116, -24.059045892095135 ], [ -54.233960667968098, -24.059652453651108 ], [ -54.232701542049192, -24.060364429015863 ], [ -54.231532906279838, -24.061174963131748 ], [ -54.230466014479447, -24.062076251860326 ], [ -54.229511141498044, -24.063059617073172 ], [ -54.228677484260089, -24.064115590158877 ], [ -54.227973073155617, -24.065234003144504 ], [ -54.227404694633535, -24.066404086555988 ], [ -54.22697782574506, -24.067614573078565 ], [ -54.226696581271746, -24.068853806019558 ], [ -54.226563673951816, -24.070109851532273 ] ] ] } },
{ "type": "Feature", "properties": { "porto": "Guarujá", "classe": "Porto público", "tipo": "Porto Público", "estado": "SP", "cidade": "Guarujá", "fonte": "OSM (área portuária mapeada)", "osm_id": "way/197054542", "osm_nome": "Tecon Santos (BRSSZ) - Santos Brasil", "area_km2": 0.60381060662309993 }, "geometry": { "type": "Polygon", "coordinates": [ [ [ -46.2898712, -23.966561100000035 ], [ -46.2896094, -23.966177399999982 ], [ -46.2872403, -23.965243200000014 ], [ -46.2872894, -23.96486590000001 ], [ -46.2868581, -23.9646539 ], [ -46.2880216, -23.963451800000016 ], [ -46.288955, -23.963356200000014 ], [ -46.2890982, -23.9632519 ], [ -46.2885858, -23.96285060000001 ], [ -46.29027820000001, -23.961122899999967 ], [ -46.2900833, -23.960960800000024 ], [ -46.2883067, -23.959483500000019 ], [ -46.2884969, -23.9594266 ], [ -46.2886077, -23.959353900000011 ], [ -46.288709, -23.959233 ], [ -46.2903958, -23.957143099999968 ], [ -46.290534, -23.9571512 ], [ -46.2907689, -23.957310799999981 ], [ -46.2912545, -23.9577115 ], [ -46.291398, -23.957527200000026 ], [ -46.2916796, -23.957232 ], [ -46.2918448, -23.957058799999988 ], [ -46.2921869, -23.957282299999971 ], [ -46.2925809, -23.9568732 ], [ -46.2964842, -23.9603177 ], [ -46.2985016, -23.958234499999985 ], [ -46.2989572, -23.958614 ], [ -46.2906392, -23.967145200000019 ], [ -46.2900631, -23.966780699999983 ], [ -46.2898712, -23.966561100000035 ] ] ] } },
{ "type": "Feature", "properties": { "porto": "Panorama", "classe": "Porto público", "tipo": "Porto Público", "estado": "SP", "cidade": "Panorama", "fonte": "OSM (área portuária mapeada)", "osm_id": "way/358285325", "osm_nome": null, "area_km2": 0.0033240084553397306 }, "geometry": { "type": "Polygon", "coordinates": [ [ [ -51.8577588, -21.350362899999975 ], [ -51.8581505, -21.350107600000019 ], [ -51.8582424, -21.3502134 ], [ -51.8587283, -21.350773300000011 ], [ -51.8587553, -21.3508044 ], [ -51.8586404, -21.3509055 ], [ -51.8577588, -21.350362899999975 ] ] ] } },
{ "type": "Feature", "properties": { "porto": "Pederneiras", "classe": "Porto público", "tipo": "Porto Público", "estado": "SP", "cidade": "Pederneiras", "fonte": "OSM (área portuária mapeada)", "osm_id": "way/562625827", "osm_nome": "Terminal Hidroferroviário Caramuru", "area_km2": 0.082883945825589903 }, "geometry": { "type": "Polygon", "coordinates": [ [ [ -48.7183154, -22.352879 ], [ -48.7164833, -22.352565500000022 ], [ -48.7185407, -22.348514699999981 ], [ -48.7199914, -22.349114599999968 ], [ -48.7183154, -22.352879 ] ] ] } },
{ "type": "Feature", "properties": { "porto": "Rosana", "classe": "Porto público", "tipo": "Porto Público", "estado": "SP", "cidade": "Rosana", "fonte": "envelope estimado (1500 m)", "osm_id": null, "osm_nome": null, "area_km2": 7.0572341037284074 }, "geometry": { "type": "Polygon", "coordinates": [ [ [ -53.010199832008503, -22.595031205864643 ], [ -53.010204236710528, -22.59629312478264 ], [ -53.010356431834154, -22.597548604608786 ], [ -53.010654955970075, -22.598785554053851 ], [ -53.011096938225371, -22.599992059976184 ], [ -53.011678125715889, -22.601156502136131 ], [ -53.012392924383583, -22.602267665141163 ], [ -53.013234452751419, -22.603314846501455 ], [ -53.014194608102457, -22.604287959753638 ], [ -53.015264144449581, -22.605177631658226 ], [ -53.016432761547343, -22.605975292531348 ], [ -53.017689204089834, -22.606673258839379 ], [ -53.019021370139463, -22.607264807257806 ], [ -53.020416427740876, -22.607744239479427 ], [ -53.02186093859455, -22.608106937144864 ], [ -53.023340987595333, -22.608349406364681 ], [ -53.024842316983872, -22.608469311402668 ], [ -53.026350463813351, -22.608465497194135 ], [ -53.027850899401841, -22.60833800048206 ], [ -53.029329169420699, -22.608088049462705 ], [ -53.030771033263512, -22.607718051944612 ], [ -53.03216260134689, -22.60723157213549 ], [ -53.033490469014914, -22.60663329628095 ], [ -53.034741845752279, -22.605928987488237 ], [ -53.035904678457044, -22.6051254301711 ], [ -53.036967767582397, -22.604230364653088 ], [ -53.03792087502638, -22.603252412561439 ], [ -53.038754822729302, -22.60220099373247 ], [ -53.039461581029336, -22.601086235430895 ], [ -53.040034345926827, -22.599918874760164 ], [ -53.040467604515548, -22.598710155205495 ], [ -53.04075718795454, -22.59747171830827 ], [ -53.04090031147507, -22.596215491516741 ], [ -53.040895601042678, -22.594953573294049 ], [ -53.040743106423733, -22.593698116591625 ], [ -53.040444300537004, -22.592461211809994 ], [ -53.04000206510289, -22.591254770374473 ], [ -53.039420662735097, -22.590090410046464 ], [ -53.038705695749279, -22.588979343073806 ], [ -53.037864052090839, -22.587932268255823 ], [ -53.036903838907278, -22.586959267961493 ], [ -53.035834304408155, -22.586069711089479 ], [ -53.034665748767949, -22.585272162902928 ], [ -53.033409424930738, -22.584574302605031 ], [ -53.032077430272373, -22.583982849446368 ], [ -53.030682590161717, -22.58350349807338 ], [ -53.029238334540274, -22.583140863738475 ], [ -53.027758568704726, -22.582898437897306 ], [ -53.026257539532573, -22.582778554619079 ], [ -53.024749698433453, -22.582782368132296 ], [ -53.02324956234029, -22.582909841720646 ], [ -53.021771574072254, -22.583159748076582 ], [ -53.020329963408258, -22.583529681107837 ], [ -53.018938610202156, -22.584016079085011 ], [ -53.017610910852241, -22.584614258907212 ], [ -53.016359649405487, -22.585318461157573 ], [ -53.015196874533252, -22.586121905516848 ], [ -53.01413378355987, -22.587016856002329 ], [ -53.013180614658339, -22.587994695407378 ], [ -53.012346548250129, -22.589046008226202 ], [ -53.011639618558824, -22.590160671268027 ], [ -53.011066636170568, -22.591327951090154 ], [ -53.010633122349638, -22.592536607314301 ], [ -53.010343255745404, -22.593775000832881 ], [ -53.010199832008503, -22.595031205864643 ] ] ] } },
{ "type": "Feature", "properties": { "porto": "Ibotirama", "classe": "Porto público", "tipo": "Porto Público", "estado": "BA", "cidade": "Ibotirama", "fonte": "envelope estimado (1500 m)", "osm_id": null, "osm_nome": null, "area_km2": 7.0572341037287689 }, "geometry": { "type": "Polygon", "coordinates": [ [ [ -43.207810768923139, -12.184985827224372 ], [ -43.207724615296549, -12.186274114577783 ], [ -43.207775295693089, -12.187564009287701 ], [ -43.207962325787385, -12.188843088898285 ], [ -43.208283908006571, -12.190099034935871 ], [ -43.208736948702423, -12.191319751551426 ], [ -43.209317087815542, -12.192493482025867 ], [ -43.210018740750989, -12.1936089220147 ], [ -43.210835152066267, -12.194655328441154 ], [ -43.211758460458483, -12.195622622987822 ], [ -43.212779774427432, -12.196501489189073 ], [ -43.213889257887722, -12.197283462188063 ], [ -43.215076224906134, -12.197961010292209 ], [ -43.216329242651447, -12.198527607540848 ], [ -43.217636241563817, -12.198977796584737 ], [ -43.218984631680151, -12.19930724127032 ], [ -43.220361423991818, -12.19951276842218 ], [ -43.22175335566186, -12.199592398419217 ], [ -43.223147017890639, -12.199545364270486 ], [ -43.224528985193714, -12.199372119005837 ], [ -43.225885944840797, -12.199074331310813 ], [ -43.227204825204247, -12.198654869446701 ], [ -43.228472921775285, -12.198117773612346 ], [ -43.229678019629517, -12.197468217013537 ], [ -43.230808511157953, -12.19671245601608 ], [ -43.231853507925976, -12.195857769863451 ], [ -43.232802945580424, -12.194912390541033 ], [ -43.233647680792544, -12.193885423463373 ], [ -43.234379579302676, -12.192786759749449 ], [ -43.234991594219046, -12.191626980932856 ], [ -43.235477833818173, -12.190417257024791 ], [ -43.235833618196388, -12.189169238913648 ], [ -43.236055524230281, -12.187894946138217 ], [ -43.236141418417454, -12.186606651115714 ], [ -43.236090477285885, -12.185316760941244 ], [ -43.235903195180846, -12.184037697896287 ], [ -43.23558137935985, -12.18278177981791 ], [ -43.235128132448288, -12.181561101480733 ], [ -43.234547822430322, -12.180387418132771 ], [ -43.233846040468663, -12.179272032307457 ], [ -43.233029546964225, -12.17822568500014 ], [ -43.232106206378383, -12.177258452256318 ], [ -43.231084911448505, -12.176379648166542 ], [ -43.229975497528351, -12.175597735200737 ], [ -43.228788647878737, -12.174920242744468 ], [ -43.227535790820454, -12.174353694619862 ], [ -43.226228989738253, -12.173903546288408 ], [ -43.224880826992731, -12.173574132338992 ], [ -43.223504282854755, -12.173368624765981 ], [ -43.222112610624151, -12.173289002438006 ], [ -43.220719209130394, -12.173336032051337 ], [ -43.219337493838069, -12.173509260750329 ], [ -43.21798076779281, -12.173807020486167 ], [ -43.216662093645063, -12.174226444071907 ], [ -43.215394167978872, -12.174763492779798 ], [ -43.214189199150837, -12.175412995215051 ], [ -43.213058789811562, -12.176168697093347 ], [ -43.212013825237165, -12.177023321443171 ], [ -43.211064368543639, -12.177968638654104 ], [ -43.210219563791384, -12.17899554569858 ], [ -43.209487547912452, -12.180094153764614 ], [ -43.208875372309038, -12.181253883457178 ], [ -43.208388934879743, -12.182463566652828 ], [ -43.20803292313073, -12.183711554027765 ], [ -43.207810768923139, -12.184985827224372 ] ] ] } },
{ "type": "Feature", "properties": { "porto": "Petrolina", "classe": "Porto público", "tipo": "Porto Público", "estado": "PE", "cidade": "Petrolina", "fonte": "envelope estimado (1500 m)", "osm_id": null, "osm_nome": null, "area_km2": 7.0572341037287689 }, "geometry": { "type": "Polygon", "coordinates": [ [ [ -40.504481293349997, -9.399893752176428 ], [ -40.504372456118723, -9.401194055682483 ], [ -40.50439774761994, -9.402498267534313 ], [ -40.504556927900111, -9.403793827433454 ], [ -40.504848467488053, -9.405068258268125 ], [ -40.505269561989252, -9.406309286280754 ], [ -40.505816158967143, -9.407504959282214 ], [ -40.506482996857656, -9.408643761773748 ], [ -40.507263655546062, -9.409714725867174 ], [ -40.508150618123331, -9.410707536934677 ], [ -40.50913534322946, -9.411612632969613 ], [ -40.510208347289442, -9.412421296700478 ], [ -40.511359295850305, -9.413125739570027 ], [ -40.512577103139726, -9.413719176769623 ], [ -40.513850038886069, -9.414195892605324 ], [ -40.515165841368841, -9.414551295564815 ], [ -40.516511835607744, -9.414781962554869 ], [ -40.517875055548174, -9.41488567188159 ], [ -40.519242369061907, -9.414861424656102 ], [ -40.52060060455409, -9.414709454418489 ], [ -40.521936677951963, -9.414431224887958 ], [ -40.523237718847099, -9.414029415859853 ], [ -40.524491194570928, -9.413507897386669 ], [ -40.525685031003967, -9.412871692491564 ], [ -40.526807728950885, -9.412126928773748 ], [ -40.527848474956926, -9.411280779373588 ], [ -40.528797245495824, -9.410341393865991 ], [ -40.529644903523845, -9.409317819748772 ], [ -40.530383286469288, -9.408219915283301 ], [ -40.531005284810234, -9.407058254527838 ], [ -40.531504910485104, -9.405844025479103 ], [ -40.531877354479334, -9.404588922303763 ], [ -40.532119033036821, -9.403305032699036 ], [ -40.532227622054918, -9.402004721467323 ], [ -40.532202079336344, -9.400700511427182 ], [ -40.532042654488798, -9.399404962807434 ], [ -40.531750886382035, -9.398130552286471 ], [ -40.531329588192449, -9.396889552841175 ], [ -40.530782820184179, -9.395693915562854 ], [ -40.530115850493942, -9.394555154577439 ], [ -40.529335104301445, -9.393484236178068 ], [ -40.52844810187846, -9.392491473236579 ], [ -40.52746338611621, -9.391586425910097 ], [ -40.526390440230657, -9.390777809598317 ], [ -40.525239596439143, -9.390073411036216 ], [ -40.524021936487763, -9.389480013329731 ], [ -40.52274918498604, -9.38900333065506 ], [ -40.521433596574049, -9.388647953250175 ], [ -40.520087838005473, -9.388417303226264 ], [ -40.518724866278227, -9.388313601625201 ], [ -40.517357803981845, -9.388337847039024 ], [ -40.515999813057043, -9.388489805997212 ], [ -40.514663968177992, -9.388768015214053 ], [ -40.513363130971264, -9.389169795674807 ], [ -40.512109826277808, -9.389691278424838 ], [ -40.510916121644485, -9.390327441813831 ], [ -40.509793511201657, -9.391072159837606 ], [ -40.508752805041325, -9.391918261111764 ], [ -40.507804025158535, -9.392857597910899 ], [ -40.506956308956092, -9.393881124609017 ], [ -40.506217821241307, -9.394978984767031 ], [ -40.505595675562304, -9.396140606029402 ], [ -40.505095865642822, -9.397354801917107 ], [ -40.504723207577804, -9.398609879537863 ], [ -40.504481293349997, -9.399893752176428 ] ] ] } },
{ "type": "Feature", "properties": { "porto": "Marabá", "classe": "Porto público", "tipo": "Porto Público", "estado": "PA", "cidade": "Marabá", "fonte": "envelope estimado (1500 m)", "osm_id": null, "osm_nome": null, "area_km2": 7.0572341037287689 }, "geometry": { "type": "Polygon", "coordinates": [ [ [ -49.12237707935558, -5.346338607524507 ], [ -49.122346804989633, -5.347667085348688 ], [ -49.122447046590402, -5.348992121206035 ], [ -49.122676842164253, -5.35030095421564 ], [ -49.123033981876503, -5.351580979460692 ], [ -49.123515029209543, -5.352819869385929 ], [ -49.124115353945584, -5.354005692526924 ], [ -49.124829176660917, -5.355127028427268 ], [ -49.12564962430681, -5.356173077636513 ], [ -49.126568796344792, -5.357133765729048 ], [ -49.127577840801571, -5.357999840341842 ], [ -49.128667039512365, -5.358762960295458 ], [ -49.129825901731927, -5.359415775939956 ], [ -49.13104326521092, -5.359951999950937 ], [ -49.132307403762653, -5.36036646789351 ], [ -49.133606140281472, -5.360655187970297 ], [ -49.134926964121014, -5.360815379474139 ], [ -49.136257151697933, -5.360845499574611 ], [ -49.13758388915484, -5.360745258179903 ], [ -49.138894395896394, -5.360515620731533 ], [ -49.140176047803635, -5.360158798904116 ], [ -49.141416498935079, -5.359678229300346 ], [ -49.142603800537593, -5.359078540346273 ], [ -49.143726516216702, -5.358365507706544 ], [ -49.144773832153348, -5.357545998648669 ], [ -49.145735661302751, -5.35662790589303 ], [ -49.146602740569669, -5.355620071586394 ], [ -49.147366720022937, -5.354532202131277 ], [ -49.148020243290055, -5.353374774692388 ], [ -49.14855701835814, -5.35215893628081 ], [ -49.148971878101278, -5.350896396388761 ], [ -49.149260829953917, -5.349599314209062 ], [ -49.149421094255302, -5.348280181526158 ], [ -49.149451130899905, -5.34695170240675 ], [ -49.149350654041491, -5.345626670848878 ], [ -49.149120634714563, -5.344317847568232 ], [ -49.148763291352481, -5.343037837107743 ], [ -49.148282068299025, -5.341798966454496 ], [ -49.147681602524798, -5.340613166332322 ], [ -49.146967678873537, -5.339491856313048 ], [ -49.146147174272883, -5.338445834852508 ], [ -49.145227991450056, -5.33748517530994 ], [ -49.144218982792786, -5.336619128951239 ], [ -49.143129865090117, -5.335856035869988 ], [ -49.141971125974194, -5.335203244683526 ], [ -49.140753922963547, -5.334667041776298 ], [ -49.139489976078153, -5.334252590772191 ], [ -49.138191455058056, -5.333963882817653 ], [ -49.136870862268104, -5.333803698153972 ], [ -49.135540912412552, -5.333773579348779 ], [ -49.134214410213268, -5.333873816443993 ], [ -49.132904127224805, -5.334103444163429 ], [ -49.131622678967396, -5.334460251206274 ], [ -49.130382403556375, -5.33494080153807 ], [ -49.12919524299204, -5.335540467473303 ], [ -49.128072628248866, -5.336253474231962 ], [ -49.127025369266981, -5.337072955541148 ], [ -49.126063550902415, -5.337991019746811 ], [ -49.125196435835981, -5.33899882579938 ], [ -49.124432375374582, -5.340086668382074 ], [ -49.123778729003824, -5.341244071362952 ], [ -49.1232417934674, -5.342459888670771 ], [ -49.12282674205791, -5.343722411624353 ], [ -49.122537574706563, -5.345019481681815 ], [ -49.12237707935558, -5.346338607524507 ] ] ] } },
{ "type": "Feature", "properties": { "porto": "Marabá (multimodal)", "classe": "Porto público", "tipo": "Porto Público", "estado": "PA", "cidade": "Marabá", "fonte": "envelope estimado (1500 m)", "osm_id": null, "osm_nome": null, "area_km2": 7.0572341037287689 }, "geometry": { "type": "Polygon", "coordinates": [ [ [ -49.066626463256327, -5.323685523177478 ], [ -49.066595703736702, -5.325014141009008 ], [ -49.066695441884711, -5.326339364479356 ], [ -49.066924720554574, -5.327648430901412 ], [ -49.067281334889607, -5.328928733111304 ], [ -49.067761853432245, -5.330167940887554 ], [ -49.068361651058225, -5.331354119706034 ], [ -49.069074953421612, -5.332475845686441 ], [ -49.069894892486786, -5.333522315623237 ], [ -49.070813572615393, -5.334483451040776 ], [ -49.071822146573972, -5.335349995269648 ], [ -49.072910900731543, -5.336113602609319 ], [ -49.074069348626871, -5.336766918717589 ], [ -49.075286332003493, -5.337303651451519 ], [ -49.07655012833785, -5.337718631477994 ], [ -49.07784856382235, -5.338007862068723 ], [ -49.079169130711776, -5.338168557600506 ], [ -49.080499107898945, -5.338199170388819 ], [ -49.081825683553774, -5.338099405596896 ], [ -49.083136078639789, -5.337870224075699 ], [ -49.08441767011346, -5.337513833108206 ], [ -49.08565811261488, -5.3370336651465 ], [ -49.086845457473075, -5.3364343447474 ], [ -49.087968267875581, -5.335721644024487 ], [ -49.089015729089247, -5.334902427047209 ], [ -49.089977752667998, -5.333984583721291 ], [ -49.090845073641646, -5.332976953789774 ], [ -49.091609339748615, -5.331889241685259 ], [ -49.09226319185305, -5.33073192305566 ], [ -49.092800334772484, -5.329516143862866 ], [ -49.093215597835851, -5.328253613027825 ], [ -49.093504984591085, -5.32695648965532 ], [ -49.093665711187072, -5.325637265926121 ], [ -49.09369623306452, -5.324308646783667 ], [ -49.093596259703041, -5.322983427574685 ], [ -49.093366757287512, -5.321674370822597 ], [ -49.093009939273067, -5.320394083319674 ], [ -49.092529244944508, -5.319154894722145 ], [ -49.091929306181498, -5.317968738817195 ], [ -49.091215902753781, -5.316847038604513 ], [ -49.09039590658081, -5.31580059629938 ], [ -49.089477215495563, -5.314839489315671 ], [ -49.088468677152548, -5.31397297323006 ], [ -49.087380003814076, -5.313209392661419 ], [ -49.086221678835557, -5.312556100923345 ], [ -49.085004855749816, -5.312019389222132 ], [ -49.083741250920518, -5.311604426082653 ], [ -49.082443030795829, -5.311315207584218 ], [ -49.081122694844808, -5.311154518885389 ], [ -49.079792955299823, -5.311123907408042 ], [ -49.078466614858471, -5.311223667938566 ], [ -49.07715644351812, -5.311452839789784 ], [ -49.07587505572387, -5.311809216050309 ], [ -49.074634789008357, -5.312289364833276 ], [ -49.073447585287184, -5.312888662318914 ], [ -49.072324875949022, -5.313601337274058 ], [ -49.071277471843146, -5.314420526619628 ], [ -49.070315459221042, -5.315338341511743 ], [ -49.069448102631817, -5.316345943300052 ], [ -49.068683755705734, -5.31743362863346 ], [ -49.068029780684505, -5.31859092289293 ], [ -49.06749247747419, -5.31980668105296 ], [ -49.067077022905764, -5.32106919500104 ], [ -49.066787420790725, -5.322366306281216 ], [ -49.066626463256327, -5.323685523177478 ] ] ] } },
{ "type": "Feature", "properties": { "porto": "Marabá (orla)", "classe": "IP4 (pequeno porte)", "tipo": "IP4", "estado": "PA", "cidade": "Marabá", "fonte": "envelope estimado (800 m)", "osm_id": null, "osm_nome": null, "area_km2": 2.0073910339493608 }, "geometry": { "type": "Polygon", "coordinates": [ [ [ -49.107294120069817, -5.330866015380757 ], [ -49.107277904799048, -5.331574591462891 ], [ -49.107331290666515, -5.332281340808692 ], [ -49.107453764500555, -5.332979457018249 ], [ -49.107644147727633, -5.33366221681119 ], [ -49.107900607687355, -5.334323044777205 ], [ -49.108220675250003, -5.334955576703073 ], [ -49.10860126856786, -5.335553720866616 ], [ -49.109038722732919, -5.336111716706856 ], [ -49.109528825056053, -5.336624190305487 ], [ -49.110066855628503, -5.337086206144853 ], [ -49.110647632775468, -5.337493314644428 ], [ -49.111265562964114, -5.337841595016888 ], [ -49.111914694685055, -5.338127693031924 ], [ -49.112588775788005, -5.338348853322865 ], [ -49.113281313718687, -5.338502945925963 ], [ -49.113985638075796, -5.338588486795564 ], [ -49.114694964884556, -5.338604652098358 ], [ -49.115402461966482, -5.338551286148328 ], [ -49.116101314774362, -5.338428902906267 ], [ -49.116784792057167, -5.338238681029474 ], [ -49.117446310720872, -5.337982452519026 ], [ -49.118079499259302, -5.337662685074281 ], [ -49.118678259142918, -5.33728245832476 ], [ -49.119236823573154, -5.336845434167564 ], [ -49.119749813035746, -5.336355821497788 ], [ -49.120212287117397, -5.335818335669707 ], [ -49.120619792086323, -5.335238153081129 ], [ -49.120968403778477, -5.334620861317265 ], [ -49.121254765376698, -5.333972405335307 ], [ -49.12147611971929, -5.333299030206898 ], [ -49.121630335827717, -5.33260722097179 ], [ -49.121715929398995, -5.331903640180614 ], [ -49.121732077066348, -5.331195063728821 ], [ -49.121678624292372, -5.330488315600235 ], [ -49.121556086819908, -5.329790202148001 ], [ -49.121365645668078, -5.329107446546572 ], [ -49.12110913572328, -5.32844662404514 ], [ -49.120789028036157, -5.327814098646907 ], [ -49.120408405996365, -5.327215961823221 ], [ -49.119970935615683, -5.326657973852984 ], [ -49.119480830206399, -5.326145508352105 ], [ -49.118942809795875, -5.325683500527006 ], [ -49.118362055668378, -5.325276399650235 ], [ -49.117744160472135, -5.324928126216154 ], [ -49.11709507437179, -5.324642034188502 ], [ -49.116421047764447, -5.324420878703773 ], [ -49.115728571110161, -5.324266789541062 ], [ -49.115024312455397, -5.324181250613825 ], [ -49.114315053250053, -5.324165085680674 ], [ -49.113607623074643, -5.324218450413505 ], [ -49.11290883390518, -5.324340830898224 ], [ -49.112225414547133, -5.324531048583542 ], [ -49.111563945868497, -5.324787271629422 ], [ -49.110930797454543, -5.325107032546481 ], [ -49.110332066292877, -5.32548725195617 ], [ -49.109773518078264, -5.325924268243338 ], [ -49.109260531701814, -5.326413872815354 ], [ -49.108798047458244, -5.326951350629203 ], [ -49.108390519469843, -5.327531525595019 ], [ -49.108041872785286, -5.328148810420418 ], [ -49.10775546556647, -5.328797260415053 ], [ -49.107534056728262, -5.329470630737243 ], [ -49.107379779343439, -5.330162436531918 ], [ -49.107294120069817, -5.330866015380757 ] ] ] } },
{ "type": "Feature", "properties": { "porto": "Santa Terezinha", "classe": "Porto público", "tipo": "Porto Público", "estado": "MT", "cidade": "Santa Terezinha", "fonte": "envelope estimado (1500 m)", "osm_id": null, "osm_nome": null, "area_km2": 7.0572341037285042 }, "geometry": { "type": "Polygon", "coordinates": [ [ [ -50.488989557586379, -10.469169705762219 ], [ -50.488970641355607, -10.470468476434448 ], [ -50.489086836842418, -10.471762734791284 ], [ -50.489337028642765, -10.473040016287223 ], [ -50.489718810704886, -10.474288019726233 ], [ -50.49022850936899, -10.475494725739599 ], [ -50.490861218627039, -10.476648512555013 ], [ -50.491610847267729, -10.477738267940898 ], [ -50.492470177456454, -10.478753496247744 ], [ -50.493430934189355, -10.479684419514175 ], [ -50.49448386495478, -10.480522071663238 ], [ -50.495618828836058, -10.481258384880526 ], [ -50.496824894197879, -10.481886267340926 ], [ -50.498090444014267, -10.482399671535054 ], [ -50.499403287822155, -10.482793652535079 ], [ -50.50075077921931, -10.483064415639024 ], [ -50.502119937771361, -10.483209352933029 ], [ -50.50349757414947, -10.483227068419183 ], [ -50.504870417288501, -10.483117391466482 ], [ -50.50622524233593, -10.482881378454829 ], [ -50.507548998153567, -10.482521302596487 ], [ -50.508828933139156, -10.48204063203316 ], [ -50.51005271815081, -10.481443996419836 ], [ -50.511208565345932, -10.480737142318297 ], [ -50.512285341786203, -10.479926877829941 ], [ -50.513272676711487, -10.479021007002776 ], [ -50.514161061447098, -10.478028254645196 ], [ -50.514941940981437, -10.476958182271183 ], [ -50.515607796331516, -10.475821095988342 ], [ -50.516152216904402, -10.474627947216529 ], [ -50.516569962159416, -10.473390227194567 ], [ -50.516857011980264, -10.472119856291437 ], [ -50.517010605275644, -10.470829069189548 ], [ -50.517029266441149, -10.469530297045946 ], [ -50.516912819432378, -10.468236047766807 ], [ -50.516662389319251, -10.466958785548776 ], [ -50.516280391311732, -10.465710810847058 ], [ -50.515770507368295, -10.464504141926049 ], [ -50.515137650617135, -10.463350399132542 ], [ -50.514387917937654, -10.46226069300643 ], [ -50.513528531162599, -10.461245517304183 ], [ -50.512567767470415, -10.460314647965607 ], [ -50.511514879640202, -10.459477048995234 ], [ -50.510380006938625, -10.458740786163926 ], [ -50.50917407749705, -10.458112949360322 ], [ -50.50790870311809, -10.457599584339397 ], [ -50.506596067522857, -10.457205634523488 ], [ -50.505248809112082, -10.456934893416211 ], [ -50.503879899366616, -10.456789968086133 ], [ -50.502502518053781, -10.456772254071362 ], [ -50.501129926436697, -10.456881921946346 ], [ -50.499775339702062, -10.457117915680106 ], [ -50.498451799829816, -10.457477962801125 ], [ -50.497172050123567, -10.457958596272157 ], [ -50.495948412605024, -10.458555187863515 ], [ -50.494792669448692, -10.45926199270529 ], [ -50.493715949594744, -10.460072204589066 ], [ -50.492728621628743, -10.460978021488364 ], [ -50.491840193957913, -10.461970720667223 ], [ -50.491059223243866, -10.46304074265535 ], [ -50.490393231973542, -10.464177783281327 ], [ -50.489848635963227, -10.465370892879951 ], [ -50.489430682495559, -10.466608581717807 ], [ -50.489143399688338, -10.467878930624265 ], [ -50.488989557586379, -10.469169705762219 ] ] ] } },
{ "type": "Feature", "properties": { "porto": "Alenquer", "classe": "Porto público", "tipo": "Porto Público", "estado": "PA", "cidade": "Alenquer", "fonte": "OSM (área portuária mapeada)", "osm_id": "way/955081332", "osm_nome": null, "area_km2": 0.00028926037830973023 }, "geometry": { "type": "Polygon", "coordinates": [ [ [ -54.7347543, -1.9600615 ], [ -54.7346843, -1.960088300000032 ], [ -54.734773, -1.960359 ], [ -54.7348582, -1.960329799999977 ], [ -54.7348232, -1.960220200000022 ], [ -54.7348104, -1.9602225 ], [ -54.7347543, -1.9600615 ] ] ] } },
{ "type": "Feature", "properties": { "porto": "Afuá", "classe": "Porto público", "tipo": "Porto Público", "estado": "PA", "cidade": "Afuá", "fonte": "envelope estimado (1500 m)", "osm_id": null, "osm_nome": null, "area_km2": 7.0572341037287689 }, "geometry": { "type": "Polygon", "coordinates": [ [ [ -50.376354333845079, -0.156967154429211 ], [ -50.376335706772558, -0.158334985230836 ], [ -50.376443291969416, -0.159698158894597 ], [ -50.376676056492592, -0.161043547311476 ], [ -50.377031761688841, -0.162358193651641 ], [ -50.377506984638991, -0.163629437145854 ], [ -50.378097151018153, -0.16484503501584 ], [ -50.378796579059284, -0.16599328037925 ], [ -50.379598534200291, -0.167063114993747 ], [ -50.380495293891116, -0.168044235754254 ], [ -50.381478221938487, -0.168927193918228 ], [ -50.382537851673661, -0.169703486102542 ], [ -50.383663977142078, -0.170365636176413 ], [ -50.38484575143616, -0.170907267260992 ], [ -50.386071791222406, -0.171323163142887 ], [ -50.387330286453732, -0.17160931850922 ], [ -50.388609114207135, -0.171762977521862 ], [ -50.389895955546557, -0.171782660357345 ], [ -50.391178414281086, -0.171668177458779 ], [ -50.392444136470324, -0.171420631361363 ], [ -50.393680929521082, -0.171042406074352 ], [ -50.394876879723896, -0.17053714412139 ], [ -50.39602046709301, -0.169909711460791 ], [ -50.397100676399738, -0.169166150623204 ], [ -50.398107103326481, -0.168313622518488 ], [ -50.399030054716434, -0.167360337471499 ], [ -50.399860641951399, -0.166315476151725 ], [ -50.400590866557643, -0.165189101157894 ], [ -50.401213697214843, -0.163992060109149 ], [ -50.401723137427723, -0.162735881175907 ], [ -50.40211428320999, -0.161432662057168 ], [ -50.402383370227824, -0.160094953472371 ], [ -50.402527809951927, -0.158735638291112 ], [ -50.402546214474071, -0.157367807463859 ], [ -50.402438409753316, -0.156004633948756 ], [ -50.402205437168845, -0.154659245849126 ], [ -50.401849543369629, -0.153344599982627 ], [ -50.401374158522707, -0.152073357100244 ], [ -50.400783863174588, -0.150857759956772 ], [ -50.400084344048537, -0.149709515406641 ], [ -50.399282339206948, -0.148639681661 ], [ -50.398385573109891, -0.147658561791421 ], [ -50.397402682196791, -0.146775604506258 ], [ -50.396343131709358, -0.145999313154852 ], [ -50.395217124556702, -0.14533716383599 ], [ -50.394035503099602, -0.144795533399527 ], [ -50.392809644798099, -0.14437963803398 ], [ -50.391551352724932, -0.144093483032216 ], [ -50.390272741995851, -0.143939824218538 ], [ -50.388986123206799, -0.143920141408752 ], [ -50.387703883996181, -0.144034624158643 ], [ -50.386438369868223, -0.144282169938809 ], [ -50.385201765420462, -0.144660394752171 ], [ -50.384005977114406, -0.145165656093252 ], [ -50.382862518714234, -0.145793088027405 ], [ -50.38178240049244, -0.146536648051646 ], [ -50.380776023266264, -0.147389175287573 ], [ -50.379853078282558, -0.148342459443634 ], [ -50.379022453913301, -0.14938731988458 ], [ -50.378292150059316, -0.150513694045487 ], [ -50.377669201086356, -0.151710734339221 ], [ -50.377159608036507, -0.152966912624331 ], [ -50.376768280769497, -0.15427013122674 ], [ -50.376498990593504, -0.155607839446917 ], [ -50.376354333845079, -0.156967154429211 ] ] ] } },
{ "type": "Feature", "properties": { "porto": "Chaves", "classe": "Porto público", "tipo": "Porto Público", "estado": "PA", "cidade": "Chaves", "fonte": "envelope estimado (1500 m)", "osm_id": null, "osm_nome": null, "area_km2": 7.0572341037287689 }, "geometry": { "type": "Polygon", "coordinates": [ [ [ -49.968552916671747, -0.165639736719328 ], [ -49.968530822714698, -0.167007436091729 ], [ -49.968634959083737, -0.168370839949817 ], [ -49.96886432605308, -0.169716817967655 ], [ -49.969216717696199, -0.17103240763702 ], [ -49.969688743014693, -0.17230493910358 ], [ -49.970275858490673, -0.173522157184757 ], [ -49.970972411753216, -0.17467233939416 ], [ -49.971771695941818, -0.17574440883592 ], [ -49.972666014246037, -0.176728040881766 ], [ -49.973646754001784, -0.177613762603337 ], [ -49.974704469631732, -0.178393044002258 ], [ -49.975828973631252, -0.179058380159292 ], [ -49.977009434722866, -0.179603363511221 ], [ -49.978234482232288, -0.180022745559893 ], [ -49.979492315678385, -0.180312487418377 ], [ -49.98077081851828, -0.18046979870817 ], [ -49.982057674948578, -0.180493164432149 ], [ -49.983340488633253, -0.180382359565205 ], [ -49.984606902210345, -0.180138451221075 ], [ -49.985844716421788, -0.179763788375614 ], [ -49.987042007714344, -0.179261979244479 ], [ -49.988187243174771, -0.178637856533926 ], [ -49.989269391688062, -0.177897430898461 ], [ -49.99027803024515, -0.177047833054907 ], [ -49.991203444373092, -0.176097245108688 ], [ -49.992036721718932, -0.17505482175557 ], [ -49.992769837884651, -0.173930602115952 ], [ -49.993395733686647, -0.17273541305242 ], [ -49.993908383096134, -0.171480764900452 ], [ -49.994302851208147, -0.170178740617275 ], [ -49.994575341683266, -0.168841879416014 ], [ -49.994723233208248, -0.167483056005756 ], [ -49.994745104628599, -0.166115356601217 ], [ -49.994640748515003, -0.164751952894976 ], [ -49.994411173037932, -0.163405975207136 ], [ -49.994058592136724, -0.162090386033169 ], [ -49.993586404082883, -0.160817855208522 ], [ -49.992999158648111, -0.15960063789092 ], [ -49.992302513197579, -0.158450456537479 ], [ -49.991503178134529, -0.157378388011238 ], [ -49.990608852224483, -0.156394756905203 ], [ -49.989628148423797, -0.155509036111685 ], [ -49.988570510928085, -0.154729755593343 ], [ -49.98744612423932, -0.154064420235576 ], [ -49.986265815126792, -0.153519437570902 ], [ -49.985040948424299, -0.153100056071095 ], [ -49.983783317664695, -0.152810314601927 ], [ -49.982505031601704, -0.152653003527023 ], [ -49.981218397708112, -0.152629637835148 ], [ -49.979935803767994, -0.152740442550245 ], [ -49.978669598698644, -0.152984350564412 ], [ -49.97743197374529, -0.15335901291444 ], [ -49.976234845188088, -0.15386082140373 ], [ -49.975089739686446, -0.154484943350691 ], [ -49.97400768336113, -0.15522536813011 ], [ -49.972999095678489, -0.156074965058195 ], [ -49.972073689156382, -0.157025552064553 ], [ -49.971240375855473, -0.158067974489652 ], [ -49.970507181555504, -0.159192193248724 ], [ -49.969881168442754, -0.160387381512955 ], [ -49.969368367054194, -0.161642028977669 ], [ -49.968973718135231, -0.162944052711947 ], [ -49.96870102497364, -0.164280913523926 ], [ -49.968552916671747, -0.165639736719328 ] ] ] } },
{ "type": "Feature", "properties": { "porto": "Salvaterra", "classe": "Porto público", "tipo": "Porto Público", "estado": "PA", "cidade": "Salvaterra", "fonte": "OSM (área portuária mapeada)", "osm_id": "way/1429246748", "osm_nome": "Beiradão do ICMBio", "area_km2": 6.8107582957078813e-05 }, "geometry": { "type": "Polygon", "coordinates": [ [ [ -48.5177466, -0.735703 ], [ -48.5176661, -0.73597810000001 ], [ -48.5176847, -0.7359852 ], [ -48.5177643, -0.7357092 ], [ -48.5177466, -0.735703 ] ] ] } },
{ "type": "Feature", "properties": { "porto": "Soure", "classe": "Porto público", "tipo": "Porto Público", "estado": "PA", "cidade": "Soure", "fonte": "OSM (área portuária mapeada)", "osm_id": "way/512636657", "osm_nome": null, "area_km2": 0.00045835351001917375 }, "geometry": { "type": "Polygon", "coordinates": [ [ [ -48.5222712, -0.727897300000046 ], [ -48.5221708, -0.727850600000017 ], [ -48.5221486, -0.727900799999979 ], [ -48.5221851, -0.7279216 ], [ -48.5221311, -0.72809569999998 ], [ -48.5221206, -0.728088700000025 ], [ -48.5220412, -0.7283059 ], [ -48.5221333, -0.728335 ], [ -48.5221736, -0.728214699999967 ], [ -48.5222279, -0.7282329 ], [ -48.5222011, -0.728135400000017 ], [ -48.5221673, -0.728124900000015 ], [ -48.5222221, -0.7279393 ], [ -48.5222525, -0.727954499999984 ], [ -48.5222712, -0.727897300000046 ] ] ] } },
{ "type": "Feature", "properties": { "porto": "Terminal São Miguel", "classe": "Porto público", "tipo": "Porto Público", "estado": "SP", "cidade": "Boracéia", "fonte": "envelope estimado (1500 m)", "osm_id": null, "osm_nome": null, "area_km2": 7.0572341037286748 }, "geometry": { "type": "Polygon", "coordinates": [ [ [ -48.728332580766939, -22.216820901656263 ], [ -48.728294455300713, -22.218082825107725 ], [ -48.72840383759231, -22.219341808091261 ], [ -48.728659678560561, -22.22058572567699 ], [ -48.729059518440224, -22.221802597713594 ], [ -48.72959951031244, -22.222980704224508 ], [ -48.730274457008143, -22.224108698309838 ], [ -48.731077861034834, -22.225175715464982 ], [ -48.732001987050474, -22.226171478261971 ], [ -48.733037936286863, -22.227086395383065 ], [ -48.734175732208421, -22.227911654051248 ], [ -48.73540441658313, -22.228639304964325 ], [ -48.736712155040685, -22.229262338913088 ], [ -48.73808635110035, -22.229774754342834 ], [ -48.739513767568177, -22.230171615205261 ], [ -48.740980654131292, -22.230449098541726 ], [ -48.742472879915823, -22.230604531337924 ], [ -48.743976069727047, -22.230636416293315 ], [ -48.745475742653461, -22.230544446256093 ], [ -48.746957451693994, -22.230329507184564 ], [ -48.748406923057004, -22.229993669605687 ], [ -48.749810193783219, -22.22954016865382 ], [ -48.751153746361076, -22.228973372882407 ], [ -48.752424639032604, -22.228298742150557 ], [ -48.753610630530027, -22.227522774991279 ], [ -48.754700298037918, -22.226652945970553 ], [ -48.755683147242294, -22.22569763364255 ], [ -48.756549713404965, -22.224666039796926 ], [ -48.757291652489634, -22.223568100778884 ], [ -48.757901821462994, -22.222414391737626 ], [ -48.758374346999673, -22.221216024728481 ], [ -48.758704681932763, -22.21998454165109 ], [ -48.758889648910433, -22.21873180305753 ], [ -48.758927470843602, -22.21746987390193 ], [ -48.75881778785719, -22.21621090733316 ], [ -48.758561660587894, -22.214967027650257 ], [ -48.75816155980332, -22.213750213547996 ], [ -48.757621342448786, -22.212572182776501 ], [ -48.756946214358514, -22.211444279325086 ], [ -48.756142679995882, -22.210377364215354 ], [ -48.755218479711665, -22.209381710953721 ], [ -48.754182515128178, -22.208466906648493 ], [ -48.753044763370781, -22.207641759741332 ], [ -48.751816180974267, -22.206914215239419 ], [ -48.750508598389992, -22.206291278262686 ], [ -48.749134606108576, -22.205778946639274 ], [ -48.74770743349287, -22.205382153196844 ], [ -48.746240821484655, -22.205104718303094 ], [ -48.744748890406804, -22.204949313110717 ], [ -48.743246004128636, -22.204917433859485 ], [ -48.741746631897051, -22.205009387481926 ], [ -48.740265209157563, -22.205224288650662 ], [ -48.738815998699458, -22.205560068295199 ], [ -48.737412953455554, -22.206013493507598 ], [ -48.736069582272272, -22.206580198645089 ], [ -48.734798819936685, -22.207254727331513 ], [ -48.733612902707833, -22.208030584955427 ], [ -48.732523250547032, -22.20890030116027 ], [ -48.731540357178496, -22.209855501727297 ], [ -48.730673689037616, -22.210886989161779 ], [ -48.729931594079659, -22.211984831207779 ], [ -48.729321221328064, -22.213138456442678 ], [ -48.728848451939257, -22.214336756031859 ], [ -48.728517842451275, -22.21556819066657 ], [ -48.728332580766939, -22.216820901656263 ] ] ] } },
{ "type": "Feature", "properties": { "porto": "Eclusa Tietê Montante", "classe": "Porto público", "tipo": "Porto Público", "estado": "SP", "cidade": "Igaraçu do Tietê", "fonte": "envelope estimado (1500 m)", "osm_id": null, "osm_nome": null, "area_km2": 7.0572341037286748 }, "geometry": { "type": "Polygon", "coordinates": [ [ [ -48.519963482648748, -22.521248504801488 ], [ -48.519923192168356, -22.522510053076459 ], [ -48.520030768253527, -22.523768832189077 ], [ -48.520285179240418, -22.525012719173926 ], [ -48.520683979159159, -22.526229734170549 ], [ -48.521223331130521, -22.527408155817199 ], [ -48.521898044171778, -22.528536634166297 ], [ -48.5227016230629, -22.529604300032961 ], [ -48.523626330797775, -22.530600869721965 ], [ -48.524663263022788, -22.531516744122591 ], [ -48.525802433748822, -22.532343101214884 ], [ -48.527032871512667, -22.533071981093798 ], [ -48.528342725062259, -22.533696362690357 ], [ -48.529719377546982, -22.534210231448242 ], [ -48.531149568111083, -22.534608637301908 ], [ -48.532619519715936, -22.534887742395671 ], [ -48.534115071955874, -22.535044858082344 ], [ -48.53562181758312, -22.535078470843892 ], [ -48.53712524142135, -22.534988256883135 ], [ -48.538610860323587, -22.534775085245329 ], [ -48.540064362820196, -22.534441009439924 ], [ -48.541471747105625, -22.533989247642861 ], [ -48.542819456028781, -22.533424151671294 ], [ -48.54409450778153, -22.532751165030938 ], [ -48.545284621021921, -22.531976770441076 ], [ -48.546378333223039, -22.531108427345192 ], [ -48.54736511110513, -22.530154500010976 ], [ -48.548235452085777, -22.52912417691438 ], [ -48.548980975770775, -22.528027382186639 ], [ -48.549594504605579, -22.526874679979901 ], [ -48.550070132912637, -22.525677172673941 ], [ -48.55040328365331, -22.524446393906977 ], [ -48.550590752371818, -22.523194197462679 ], [ -48.550630737903397, -22.521932643084202 ], [ -48.550522859556708, -22.520673880316796 ], [ -48.550268160611346, -22.51943003149788 ], [ -48.549869098103251, -22.518213075021144 ], [ -48.549329519002825, -22.517034729999391 ], [ -48.54865462302125, -22.515906343435624 ], [ -48.547850912408826, -22.514838780987478 ], [ -48.546926129233647, -22.513842322375794 ], [ -48.545889180748453, -22.512926562442701 ], [ -48.544750053567242, -22.512100318809217 ], [ -48.543519717479825, -22.511371547020243 ], [ -48.542210019830875, -22.510747263990901 ], [ -48.540833571479844, -22.510233480489642 ], [ -48.539403625437764, -22.509835143305612 ], [ -48.537933949346389, -22.509556087655614 ], [ -48.536438693023577, -22.509399000286713 ], [ -48.534932252345151, -22.509365393628649 ], [ -48.533429130768447, -22.509455591244148 ], [ -48.531943799824681, -22.509668724716036 ], [ -48.530490559917418, -22.510002742001568 ], [ -48.529083402761053, -22.510454427173723 ], [ -48.527735876778223, -22.511019431359955 ], [ -48.526460956746774, -22.511692314581801 ], [ -48.525270918946688, -22.512466598094342 ], [ -48.524177223005736, -22.513334826722673 ], [ -48.523190401578816, -22.514288640598043 ], [ -48.522319958921749, -22.515318855604743 ], [ -48.521574279336086, -22.516415551765252 ], [ -48.52096054636759, -22.517568168715393 ], [ -48.520484673538526, -22.518765607351735 ], [ -48.520151247284367, -22.519996336674915 ], [ -48.519963482648748, -22.521248504801488 ] ] ] } },
{ "type": "Feature", "properties": { "porto": "Usina Diamante", "classe": "Porto público", "tipo": "Porto Público", "estado": "SP", "cidade": "Jaú", "fonte": "OSM (área portuária mapeada)", "osm_id": "way/290775343", "osm_nome": "Porto Intermodal de Pederneiras", "area_km2": 0.29648695864498636 }, "geometry": { "type": "Polygon", "coordinates": [ [ [ -48.7114864, -22.363166199999977 ], [ -48.710745, -22.3652917 ], [ -48.7083686, -22.3646079 ], [ -48.7090879, -22.362526800000019 ], [ -48.7117509, -22.358976600000013 ], [ -48.7149131, -22.355186 ], [ -48.7168719, -22.356344 ], [ -48.7127935, -22.3615159 ], [ -48.7121597, -22.3614646 ], [ -48.7114864, -22.363166199999977 ] ] ] } },
{ "type": "Feature", "properties": { "porto": "Santa Terezinha", "classe": "Porto público", "tipo": "Porto Público", "estado": "PR", "cidade": "Foz do Iguaçu", "fonte": "envelope estimado (1500 m)", "osm_id": null, "osm_nome": null, "area_km2": 7.0572341037281872 }, "geometry": { "type": "Polygon", "coordinates": [ [ [ -54.48568809009852, -25.365643940258362 ], [ -54.485707617732565, -25.366904385267944 ], [ -54.485878158911987, -25.368157195882485 ], [ -54.486198075721234, -25.369390306436983 ], [ -54.486664291392259, -25.370591840638106 ], [ -54.487272319773872, -25.371750225968377 ], [ -54.488016308391259, -25.372854305177874 ], [ -54.488889094686563, -25.373893443786951 ], [ -54.4898822749037, -25.374857632563401 ], [ -54.490986284957522, -25.375737583984321 ], [ -54.492190492511064, -25.376524821751634 ], [ -54.493483299375143, -25.377211762495929 ], [ -54.49485225324419, -25.377791788878909 ], [ -54.496284167690533, -25.378259313388615 ], [ -54.497765249258883, -25.378609832209296 ], [ -54.499281230433112, -25.378839968645579 ], [ -54.500817507189801, -25.378947505680699 ], [ -54.502359279808083, -25.378931407353559 ], [ -54.503891695573444, -25.378791828748078 ], [ -54.505399991994366, -25.37853011449759 ], [ -54.506869639145769, -25.378148785819509 ], [ -54.508286479761878, -25.377651516205059 ], [ -54.509636865722904, -25.377043095999664 ], [ -54.510907789615793, -25.376329386216916 ], [ -54.512087010097169, -25.375517262032261 ], [ -54.51316316984763, -25.374614546503757 ], [ -54.514125904978933, -25.373629935160253 ], [ -54.51496594483929, -25.372572912186186 ], [ -54.51567520125586, -25.37145365901312 ], [ -54.516246846356267, -25.370282956200697 ], [ -54.516675378222743, -25.369072079554872 ], [ -54.516956673750215, -25.367832691485717 ], [ -54.517088028204597, -25.366576728653616 ], [ -54.517068181105643, -25.365316286986616 ], [ -54.516897328191831, -25.364063505177899 ], [ -54.51657711935853, -25.362830447785406 ], [ -54.516110642596068, -25.361628989059511 ], [ -54.515502394089239, -25.360470698617256 ], [ -54.514758234772174, -25.359366730062003 ], [ -54.513885333762602, -25.358327713621051 ], [ -54.512892099225006, -25.357363653831779 ], [ -54.511788097332037, -25.356483833260125 ], [ -54.510583960107063, -25.355696723175736 ], [ -54.509291283036575, -25.355009902041274 ], [ -54.507922513438238, -25.354429982598457 ], [ -54.506490830658308, -25.353962548249601 ], [ -54.505010019249262, -25.353612099345604 ], [ -54.503494336345163, -25.353382009895032 ], [ -54.501958374507069, -25.35327449510898 ], [ -54.500416921353704, -25.353290590093525 ], [ -54.498884817322732, -25.353430139893192 ], [ -54.497376812925893, -25.353691800981661 ], [ -54.495907426865919, -25.354073054184489 ], [ -54.494490806375019, -25.354570228910951 ], [ -54.493140591113679, -25.355178538462098 ], [ -54.491869781935058, -25.355892126076693 ], [ -54.490690615774128, -25.356704121274177 ], [ -54.489614447862799, -25.357606705953405 ], [ -54.488651642402921, -25.358591189613986 ], [ -54.487811472748973, -25.359648092978233 ], [ -54.487102032061692, -25.360767239211114 ], [ -54.486530155294865, -25.361937851862713 ], [ -54.486101353269092, -25.363148658591836 ], [ -54.485819759471489, -25.364387999675309 ], [ -54.48568809009852, -25.365643940258362 ] ] ] } },
{ "type": "Feature", "properties": { "porto": "Eclusa Tietê Jusante", "classe": "Porto público", "tipo": "Porto Público", "estado": "SP", "cidade": "Ilha Solteira", "fonte": "envelope estimado (1500 m)", "osm_id": null, "osm_nome": null, "area_km2": 7.0572341037284074 }, "geometry": { "type": "Polygon", "coordinates": [ [ [ -51.304053835575658, -20.672871975503341 ], [ -51.304041434907525, -20.674136437636019 ], [ -51.304174693843287, -20.675395843547285 ], [ -51.304452333229897, -20.676638064201011 ], [ -51.304871683222089, -20.677851135780234 ], [ -51.305428708841731, -20.679023374926505 ], [ -51.306118048698785, -20.680143491288518 ], [ -51.306933066506367, -20.68120069629429 ], [ -51.307865914898244, -20.682184807098903 ], [ -51.308907610937894, -20.683086344703842 ], [ -51.310048122594303, -20.683896625301713 ], [ -51.31127646535311, -20.684607843963867 ], [ -51.312580808032834, -20.685213149863248 ], [ -51.313948586785919, -20.685706712305517 ], [ -51.31536662618435, -20.686083776930744 ], [ -51.316821266220487, -20.686340711541828 ], [ -51.3182984939954, -20.686475041117959 ], [ -51.319784078821456, -20.686485471673247 ], [ -51.321263709432152, -20.686371902730837 ], [ -51.322723131971735, -20.686135428291529 ], [ -51.324148287429182, -20.685778326287686 ], [ -51.325525447186955, -20.685304036623915 ], [ -51.326841345373154, -20.684717128017649 ], [ -51.32808330673712, -20.68402325395963 ], [ -51.329239368812487, -20.683229098219858 ], [ -51.330298397187612, -20.682342310426026 ], [ -51.331250192770625, -20.681371432336924 ], [ -51.332085590014927, -20.680325815522473 ], [ -51.332796545158971, -20.679215531246093 ], [ -51.333376213631652, -20.678051273418951 ], [ -51.333819015880252, -20.676844255563203 ], [ -51.334120690990311, -20.675606102777966 ], [ -51.334278337585545, -20.674348739750346 ], [ -51.334290441618954, -20.673084275891188 ], [ -51.334156890793494, -20.671824888702702 ], [ -51.333878975479358, -20.670582706501552 ], [ -51.33345937612556, -20.669369691626908 ], [ -51.332902137293054, -20.668197525258098 ], [ -51.332212628565522, -20.66707749494978 ], [ -51.331397492719468, -20.666020385966764 ], [ -51.330464581657246, -20.66503637746392 ], [ -51.329422880723783, -20.664134944508412 ], [ -51.328282422138159, -20.663324766885975 ], [ -51.327054188375257, -20.662613645567976 ], [ -51.325750006427889, -20.662008427640625 ], [ -51.32438243396679, -20.661514940417447 ], [ -51.322964638492259, -20.661137935367872 ], [ -51.321510270638093, -20.660881042399453 ], [ -51.320033332843416, -20.660746734932726 ], [ -51.318548044652083, -20.660736306103917 ], [ -51.317068705931092, -20.660849856323534 ], [ -51.315609559319036, -20.661086292310273 ], [ -51.314184653223208, -20.661443337609562 ], [ -51.312807706678299, -20.661917554495826 ], [ -51.311491977362572, -20.662504377048439 ], [ -51.310250134037084, -20.663198155083673 ], [ -51.309094134632048, -20.663992208521677 ], [ -51.308035111150723, -20.664878891666074 ], [ -51.307083262496924, -20.665849666779756 ], [ -51.306247756256717, -20.66689518625002 ], [ -51.305536640380303, -20.66800538255443 ], [ -51.304956765615643, -20.669169565162424 ], [ -51.304513719443136, -20.670376523442556 ], [ -51.304211772151106, -20.67161463458514 ], [ -51.304053835575658, -20.672871975503341 ] ] ] } },
{ "type": "Feature", "properties": { "porto": "Mundo Novo", "classe": "Porto público", "tipo": "Porto Público", "estado": "MS", "cidade": "Mundo Novo", "fonte": "envelope estimado (1500 m)", "osm_id": null, "osm_nome": null, "area_km2": 7.0572341037281427 }, "geometry": { "type": "Polygon", "coordinates": [ [ [ -54.260854787286682, -24.043957754439685 ], [ -54.260871843512284, -24.045218525606078 ], [ -54.26103833157071, -24.046471843323747 ], [ -54.261352652488732, -24.047705637073637 ], [ -54.261811783306833, -24.048908024032691 ], [ -54.262411306033499, -24.050067423539343 ], [ -54.263145450051056, -24.051172668660779 ], [ -54.26400714757014, -24.05221311378569 ], [ -54.264988101603393, -24.053178737205016 ], [ -54.266078865807224, -24.054060237689935 ], [ -54.267268935425264, -24.05484912413506 ], [ -54.268546848458726, -24.055537797400433 ], [ -54.269900296089276, -24.056119623562211 ], [ -54.271316241289519, -24.056588997863336 ], [ -54.272781044476105, -24.0569413987463 ], [ -54.274280594991581, -24.057173431445367 ], [ -54.275800447143837, -24.057282860716718 ], [ -54.277325959487577, -24.057268632389729 ], [ -54.278842436, -24.057130883531055 ], [ -54.280335267784757, -24.056870941122892 ], [ -54.28179007393264, -24.056491309268967 ], [ -54.283192840176163, -24.055995645050679 ], [ -54.284530053996363, -24.05538872326839 ], [ -54.285788834875461, -24.054676390408254 ], [ -54.28695705843613, -24.0538655082796 ], [ -54.288023473268559, -24.052963887868277 ], [ -54.288977809317501, -24.051980214045646 ], [ -54.289810876784543, -24.050923961860043 ], [ -54.290514654593245, -24.049805305220573 ], [ -54.291082367566467, -24.048635018854103 ], [ -54.291508551575589, -24.04742437448331 ], [ -54.291789106037768, -24.046185032226447 ], [ -54.291921333260653, -24.044928928267865 ], [ -54.291903964261202, -24.043668159881058 ], [ -54.291737170816084, -24.042414868913788 ], [ -54.291422563634363, -24.04118112485714 ], [ -54.290963176676506, -24.039978808624486 ], [ -54.290363437777344, -24.038819498159391 ], [ -54.289629125861943, -24.03771435697292 ], [ -54.288767315171867, -24.036674026682139 ], [ -54.287786307043596, -24.035708524583146 ], [ -54.286695549899548, -24.034827147242481 ], [ -54.285505548224783, -24.034038381033216 ], [ -54.284227761407088, -24.033349820474609 ], [ -54.282874493414369, -24.032768095159298 ], [ -54.281458774370662, -24.032298805968903 ], [ -54.279994235168239, -24.031946471190103 ], [ -54.278494976319799, -24.031714483048319 ], [ -54.276975432308824, -24.03160507507506 ], [ -54.27545023273894, -24.031619300622491 ], [ -54.273934061613211, -24.031757022730801 ], [ -54.272441516092165, -24.032016915445681 ], [ -54.270986966084031, -24.032396476573233 ], [ -54.269584416013011, -24.032892051749908 ], [ -54.268247370090648, -24.033498869597263 ], [ -54.266988702382534, -24.03421108762323 ], [ -54.265820532916877, -24.035021848431558 ], [ -54.264754111024665, -24.035923345698627 ], [ -54.26379970703244, -24.036906899285462 ], [ -54.262966513349632, -24.037963038764232 ], [ -54.262262555903092, -24.039081594557324 ], [ -54.26169461677334, -24.040251795813067 ], [ -54.261268168780056, -24.0414623740797 ], [ -54.260987322650855, -24.042701671779209 ], [ -54.260854787286682, -24.043957754439685 ] ] ] } },
{ "type": "Feature", "properties": { "porto": "São Pedro", "classe": "Porto público", "tipo": "Porto Público", "estado": "SP", "cidade": "São Pedro", "fonte": "envelope estimado (1500 m)", "osm_id": null, "osm_nome": null, "area_km2": 7.0572341037284092 }, "geometry": { "type": "Polygon", "coordinates": [ [ [ -48.014118806740889, -22.650649774190558 ], [ -48.014073436623676, -22.651911072495515 ], [ -48.014176094289063, -22.653170015631098 ], [ -48.01442579545327, -22.654414479061742 ], [ -48.01482013952279, -22.655632477382571 ], [ -48.015355332553312, -22.656812279766264 ], [ -48.01602622364129, -22.657942522969368 ], [ -48.016826354403086, -22.65901232080893 ], [ -48.017748021070368, -22.660011369053276 ], [ -48.018782348607417, -22.660930044714604 ], [ -48.019919376139548, -22.661759498785671 ], [ -48.021148152871561, -22.662491741524178 ], [ -48.022456843572876, -22.663119719461527 ], [ -48.023832842612514, -22.663637383392263 ], [ -48.025262895443703, -22.664039746686147 ], [ -48.026733226364811, -22.664322933360204 ], [ -48.02822967132181, -22.664484215444972 ], [ -48.02973781446822, -22.664522039284378 ], [ -48.031243127161531, -22.664436040514662 ], [ -48.03273110805106, -22.664227047576912 ], [ -48.034187422901745, -22.663897073730404 ], [ -48.035598042800814, -22.663449297642607 ], [ -48.036949379410139, -22.662888032744767 ], [ -48.038228415956098, -22.662218685648746 ], [ -48.039422832690569, -22.66144770402758 ], [ -48.040521125610908, -22.660582514463098 ], [ -48.041512717292633, -22.659631450862406 ], [ -48.042388058765958, -22.6586036741339 ], [ -48.043138721454383, -22.657509083899281 ], [ -48.043757478291162, -22.656358223094646 ], [ -48.044238373234315, -22.655162176381157 ], [ -48.044576778514092, -22.653932463345754 ], [ -48.044769439065973, -22.652680927522884 ], [ -48.04481450372635, -22.651419622306953 ], [ -48.044711542896437, -22.650160694855217 ], [ -48.044461552510462, -22.648916269100564 ], [ -48.044066944276572, -22.647698328999951 ], [ -48.043531522290749, -22.646518603143424 ], [ -48.042860446255183, -22.645388451833462 ], [ -48.042060181660915, -22.644318757721667 ], [ -48.041138437419406, -22.643319821053502 ], [ -48.040104091547498, -22.642401260528892 ], [ -48.038967105624486, -22.641571920730495 ], [ -48.037738428846545, -22.640839787009227 ], [ -48.036429892603074, -22.640211908644137 ], [ -48.035054096589342, -22.63969433101423 ], [ -48.033624287549934, -22.639292037433162 ], [ -48.032154231817699, -22.63900890120501 ], [ -48.030658082871334, -22.638847648360542 ], [ -48.029150245181761, -22.638809831432106 ], [ -48.027645235652969, -22.638895814517987 ], [ -48.026157543985207, -22.639104769779728 ], [ -48.024701493298906, -22.639434685405984 ], [ -48.023291102355138, -22.639882384966612 ], [ -48.021939950693408, -22.640443557971324 ], [ -48.020661047979907, -22.64111280133956 ], [ -48.019466708819664, -22.641883671384591 ], [ -48.018368434234183, -22.642748745812323 ], [ -48.017376800943332, -22.643699695140295 ], [ -48.016501359515928, -22.644727362851619 ], [ -48.015750542369652, -22.645821853513983 ], [ -48.01513158250696, -22.646972628017789 ], [ -48.014650443772034, -22.64816860501843 ], [ -48.014311763303382, -22.649398267608007 ], [ -48.014118806740889, -22.650649774190558 ] ] ] } },
{ "type": "Feature", "properties": { "porto": "Terra Roxa", "classe": "Porto público", "tipo": "Porto Público", "estado": "PR", "cidade": "Terra Roxa", "fonte": "envelope estimado (1500 m)", "osm_id": null, "osm_nome": null, "area_km2": 7.0572341037281427 }, "geometry": { "type": "Polygon", "coordinates": [ [ [ -54.149074789789687, -24.063576279513487 ], [ -54.149090722346841, -24.064837051464568 ], [ -54.149256116762501, -24.066090461219705 ], [ -54.149569384598649, -24.067324437375671 ], [ -54.150027513041501, -24.068527095354522 ], [ -54.150626093757928, -24.069686851885777 ], [ -54.151359365208108, -24.07079253659893 ], [ -54.152220268012357, -24.071833499649252 ], [ -54.153200512843569, -24.072799714339194 ], [ -54.154290660194953, -24.073681873744565 ], [ -54.155480211257384, -24.074471480412466 ], [ -54.156757709032242, -24.075160928264726 ], [ -54.158110848705896, -24.075743575915247 ], [ -54.159526596221376, -24.076213810692739 ], [ -54.160991313902727, -24.076567102749898 ], [ -54.162490891918331, -24.076800048735265 ], [ -54.164010884312354, -24.076910404606704 ], [ -54.165536648288651, -24.076897107266923 ], [ -54.167053485399492, -24.076760284814156 ], [ -54.168546783272937, -24.076501255306585 ], [ -54.170002156507145, -24.07612251405445 ], [ -54.171405585368291, -24.07562770956093 ], [ -54.172743550950251, -24.07502160834618 ], [ -54.17400316548899, -24.07431004899377 ], [ -54.175172296571887, -24.073499885864237 ], [ -54.176239684042372, -24.072598923020255 ], [ -54.177195048471553, -24.071615839002167 ], [ -54.178029190150973, -24.070560103180302 ], [ -54.178734077653402, -24.06944188449339 ], [ -54.179302925110122, -24.068271953453433 ], [ -54.17973025746322, -24.067061578364161 ], [ -54.180011963068303, -24.065822416753623 ], [ -54.180145333145802, -24.064566403069346 ], [ -54.180129087706575, -24.063305633718354 ], [ -54.179963387708383, -24.062052250560292 ], [ -54.179649833332604, -24.060818323976324 ], [ -54.179191448404588, -24.059615736639369 ], [ -54.178592651114037, -24.058456069105077 ], [ -54.1778592113236, -24.057350488323983 ], [ -54.176998194882181, -24.056309640146662 ], [ -54.176017895483909, -24.055343546856211 ], [ -54.174927754732543, -24.054461510711526 ], [ -54.173738271183566, -24.053672024428614 ], [ -54.172460899241116, -24.052982689459334 ], [ -54.171107938883146, -24.052400142851777 ], [ -54.169692417275627, -24.051929993394193 ], [ -54.168227963412988, -24.051576767655149 ], [ -54.166728676988456, -24.051343866437392 ], [ -54.16520899275217, -24.051233532062781 ], [ -54.163683541657967, -24.051246826802483 ], [ -54.162167010129664, -24.051383622658161 ], [ -54.160673998795843, -24.051642602593702 ], [ -54.159218882046808, -24.052021273204005 ], [ -54.157815669759792, -24.052515988700527 ], [ -54.156477872518082, -24.053121985983235 ], [ -54.155218371616506, -24.053833430462628 ], [ -54.15404929510067, -24.054643472192677 ], [ -54.152981901030159, -24.055544311775957 ], [ -54.152026469087509, -24.056527275409039 ], [ -54.151192201575675, -24.057582898347913 ], [ -54.150487134757562, -24.058701015991897 ], [ -54.149918061392889, -24.059870861711904 ], [ -54.149490465221078, -24.061081170483149 ], [ -54.149208468024923, -24.062320287326042 ], [ -54.149074789789687, -24.063576279513487 ] ] ] } },
{ "type": "Feature", "properties": { "porto": "Base Logística de Dutos", "classe": "Terminal privado (TUP)", "tipo": "Terminal de uso privado", "estado": null, "cidade": null, "fonte": "OSM (área portuária mapeada)", "osm_id": "way/1039485744", "osm_nome": "Nova área portuária", "area_km2": 0.3241188554940832 }, "geometry": { "type": "Polygon", "coordinates": [ [ [ -46.3001913, -24.002456300000024 ], [ -46.3002487, -24.0023824 ], [ -46.3005635, -24.001566899999982 ], [ -46.300562, -24.001465800000016 ], [ -46.3005185, -24.001005500000019 ], [ -46.3004895, -24.0008793 ], [ -46.3004476, -24.000787899999981 ], [ -46.3003974, -24.0007201 ], [ -46.2991297, -23.999443 ], [ -46.2991135, -23.9993943 ], [ -46.2989563, -23.9971893 ], [ -46.2989463, -23.9970462 ], [ -46.2989231, -23.9966853 ], [ -46.2989084, -23.996481 ], [ -46.298841, -23.9955483 ], [ -46.2960285, -23.9941106 ], [ -46.2954677, -23.9955426 ], [ -46.2954548, -23.995578 ], [ -46.2954548, -23.9956016 ], [ -46.2954806, -23.995660500000014 ], [ -46.2954921, -23.9957296 ], [ -46.2953535, -23.995773400000026 ], [ -46.2956034, -23.9966369 ], [ -46.2953803, -23.996681800000015 ], [ -46.29616510000001, -23.998917 ], [ -46.29708870000001, -24.0013908 ], [ -46.2971772, -24.001647399999985 ], [ -46.297132, -24.0027369 ], [ -46.2971061, -24.003359700000015 ], [ -46.297102, -24.0038529 ], [ -46.2999362, -24.003849200000012 ], [ -46.2999028, -24.003651100000017 ], [ -46.2998384, -24.0033826 ], [ -46.2998126, -24.0029249 ], [ -46.2998734, -24.002718699999985 ], [ -46.2999529, -24.002676299999976 ], [ -46.3001913, -24.002456300000024 ] ] ] } },
{ "type": "Feature", "properties": { "porto": "TERMINAL TECHNIP BRASIL AÇU", "classe": "Terminal privado (TUP)", "tipo": "Terminal de uso privado", "estado": null, "cidade": null, "fonte": "OSM (área portuária mapeada)", "osm_id": "way/572181713", "osm_nome": "Technip", "area_km2": 0.29391133390637264 }, "geometry": { "type": "Polygon", "coordinates": [ [ [ -41.0186603, -21.8719585 ], [ -41.01632690000001, -21.8759161 ], [ -41.0113343, -21.873366800000028 ], [ -41.0136973, -21.8694104 ], [ -41.0186603, -21.8719585 ] ] ] } },
{ "type": "Feature", "properties": { "porto": "TUP Intermoor - Base de Apoio Marítimo Intermoor Açú", "classe": "Terminal privado (TUP)", "tipo": "Terminal de uso privado", "estado": null, "cidade": null, "fonte": "OSM (área portuária mapeada)", "osm_id": "way/572181714", "osm_nome": "T-NOV", "area_km2": 0.12244511750013186 }, "geometry": { "type": "Polygon", "coordinates": [ [ [ -41.0186603, -21.8719585 ], [ -41.0136973, -21.8694104 ], [ -41.01469680000001, -21.867761400000028 ], [ -41.019634, -21.870298200000022 ], [ -41.0186603, -21.8719585 ] ] ] } },
{ "type": "Feature", "properties": { "porto": "Ronav", "classe": "Estação de transbordo", "tipo": "Estação de transbordo de cargas", "estado": null, "cidade": null, "fonte": "OSM (área portuária mapeada)", "osm_id": "way/166764250", "osm_nome": null, "area_km2": 0.016120846538879637 }, "geometry": { "type": "Polygon", "coordinates": [ [ [ -59.938572, -3.133344400000021 ], [ -59.9391693, -3.133033400000018 ], [ -59.9393187, -3.1329482 ], [ -59.9395234, -3.1326799 ], [ -59.9393946, -3.132096 ], [ -59.9393142, -3.131897800000018 ], [ -59.9392391, -3.131801400000016 ], [ -59.9391363, -3.1317377 ], [ -59.9390084, -3.131705 ], [ -59.9388747, -3.1317046 ], [ -59.93828640000001, -3.1320259 ], [ -59.9386157, -3.1331668 ], [ -59.9385436, -3.133202100000022 ], [ -59.938572, -3.133344400000021 ] ] ] } },
{ "type": "Feature", "properties": { "porto": "Porto Belo", "classe": "Turismo", "tipo": "Instalação portuária de turismo", "estado": null, "cidade": null, "fonte": "envelope estimado (800 m)", "osm_id": null, "osm_nome": null, "area_km2": 2.0073910339494119 }, "geometry": { "type": "Polygon", "coordinates": [ [ [ -48.535688721361311, -27.153925686662991 ], [ -48.535666504121494, -27.154598088625164 ], [ -48.535726141981989, -27.155269008728283 ], [ -48.535867061931384, -27.155931985562191 ], [ -48.536087908104243, -27.156580634104206 ], [ -48.536386554789999, -27.15720870721772 ], [ -48.536760126860109, -27.157810155826979 ], [ -48.537205027418672, -27.158379187187869 ], [ -48.537716972411374, -27.158910320693089 ], [ -48.538291031861029, -27.159398440673552 ], [ -48.53892167733305, -27.159838845686739 ], [ -48.539602835174605, -27.160227293816437 ], [ -48.540327945014567, -27.160560043546834 ], [ -48.541090022960695, -27.160833889816359 ], [ -48.541881728884846, -27.16104619490363 ], [ -48.542695437146953, -27.161194913846366 ], [ -48.54352331007567, -27.161278614149222 ], [ -48.544357373496105, -27.161296489589077 ], [ -48.545189593575728, -27.161248367984733 ], [ -48.546011954246296, -27.161134712856459 ], [ -48.546816534454202, -27.160956618958984 ], [ -48.547595584493436, -27.160715801730539 ], [ -48.548341600684019, -27.160414580761284 ], [ -48.549047397675047, -27.160055857439257 ], [ -48.549706177674601, -27.159643086990499 ], [ -48.550311595938496, -27.159180245183222 ], [ -48.550857821886439, -27.158671790017344 ], [ -48.551339595256422, -27.158122618769195 ], [ -48.551752276756531, -27.157538020806001 ], [ -48.552091892726608, -27.156923626625279 ], [ -48.552355173380292, -27.156285353610805 ], [ -48.552539584260224, -27.155629349028612 ], [ -48.552643350604747, -27.154961930811773 ], [ -48.552665474393159, -27.15428952670592 ], [ -48.552605743906938, -27.153618612360891 ], [ -48.552464735717024, -27.152955648965467 ], [ -48.552243809079904, -27.152307021025969 ], [ -48.551945092798356, -27.151678974887218 ], [ -48.551571464675426, -27.151077558588337 ], [ -48.551126523761106, -27.150508563631835 ], [ -48.550614555660552, -27.149977469225949 ], [ -48.550040491238995, -27.149489389537212 ], [ -48.549409859122051, -27.149049024459778 ], [ -48.548728732449341, -27.14866061437511 ], [ -48.548003670394209, -27.148327899337037 ], [ -48.547241655012513, -27.148054083073809 ], [ -48.546450024028125, -27.147841802153838 ], [ -48.54563640020119, -27.147693100610539 ], [ -48.544808617958267, -27.147609410270661 ], [ -48.543974647989238, -27.147591536974485 ], [ -48.543142520535348, -27.147639652820772 ], [ -48.542320248105284, -27.147753294510515 ], [ -48.541515748361633, -27.147931367805519 ], [ -48.540736767918197, -27.148172158059172 ], [ -48.539990807780441, -27.14847334671801 ], [ -48.539285051145164, -27.148832033635678 ], [ -48.538626294253454, -27.149244764985113 ], [ -48.538020880961476, -27.149707566500659 ], [ -48.537474641658456, -27.150215981730771 ], [ -48.53699283711962, -27.150765114933908 ], [ -48.536580107834681, -27.151349678204781 ], [ -48.536240429300165, -27.151964042379184 ], [ -48.535977073706725, -27.152602291226387 ], [ -48.535792578391629, -27.153258278409147 ], [ -48.535688721361311, -27.153925686662991 ] ] ] } },
{ "type": "Feature", "properties": { "porto": "Terminal de Expedição de Grãos Portochuelo", "classe": "Terminal privado (TUP)", "tipo": "Terminal de uso privado", "estado": null, "cidade": null, "fonte": "OSM (área portuária mapeada)", "osm_id": "way/394193135", "osm_nome": "PORTOCHUELO - AMAGGI", "area_km2": 0.69197429363974106 }, "geometry": { "type": "Polygon", "coordinates": [ [ [ -63.7975695, -8.616230299999986 ], [ -63.7937135, -8.621536800000012 ], [ -63.8008348, -8.6267425 ], [ -63.8042647, -8.621176400000033 ], [ -63.7990695, -8.6171009 ], [ -63.7975695, -8.616230299999986 ] ] ] } },
{ "type": "Feature", "properties": { "porto": "Estaleiro Jurong", "classe": "Terminal privado (TUP)", "tipo": "Terminal de uso privado", "estado": null, "cidade": null, "fonte": "OSM (área portuária mapeada)", "osm_id": "way/1425627792", "osm_nome": "Imetame Porto", "area_km2": 0.38861337141538571 }, "geometry": { "type": "Polygon", "coordinates": [ [ [ -40.0761695, -19.8546477 ], [ -40.0765279, -19.856227699999963 ], [ -40.076538, -19.8565447 ], [ -40.0765479, -19.8575527 ], [ -40.0678146, -19.8602923 ], [ -40.06773410000001, -19.8597827 ], [ -40.0675196, -19.8593942 ], [ -40.0672996, -19.8585062 ], [ -40.0670904, -19.858006700000022 ], [ -40.0667963, -19.857454400000016 ], [ -40.0664762, -19.857015299999969 ], [ -40.0660575, -19.8565867 ], [ -40.0658941, -19.8564259 ], [ -40.0631365, -19.857273200000019 ], [ -40.05616890000001, -19.8593464 ], [ -40.0560942, -19.8590741 ], [ -40.0659156, -19.856049099999964 ], [ -40.0664091, -19.8558927 ], [ -40.0668007, -19.8557211 ], [ -40.06721910000001, -19.855701 ], [ -40.0674874, -19.8559835 ], [ -40.067997, -19.856604100000034 ], [ -40.0682545, -19.8569169 ], [ -40.0688714, -19.856987600000014 ], [ -40.069263, -19.856816 ], [ -40.0704002, -19.8564275 ], [ -40.0761695, -19.8546477 ] ] ] } },
{ "type": "Feature", "properties": { "porto": "Estação Juruti", "classe": "Estação de transbordo", "tipo": "Estação de transbordo de cargas", "estado": null, "cidade": null, "fonte": "OSM (área portuária mapeada)", "osm_id": "way/357957127", "osm_nome": null, "area_km2": 0.53027291119998576 }, "geometry": { "type": "Polygon", "coordinates": [ [ [ -56.1071881, -2.176886100000017 ], [ -56.1050397, -2.178107799999977 ], [ -56.0997631, -2.171011400000025 ], [ -56.0993406, -2.170706 ], [ -56.0988192, -2.170580300000022 ], [ -56.0980821, -2.1708048 ], [ -56.0978304, -2.1709485 ], [ -56.0967247, -2.169601100000017 ], [ -56.0970663, -2.169143 ], [ -56.0978574, -2.1687747 ], [ -56.1014441, -2.1665021 ], [ -56.1023879, -2.168370500000013 ], [ -56.1060645, -2.1741015 ], [ -56.1071881, -2.176886100000017 ] ] ] } },
{ "type": "Feature", "properties": { "porto": "Estação EAG - Bertolini", "classe": "Estação de transbordo", "tipo": "Estação de transbordo de cargas", "estado": null, "cidade": null, "fonte": "envelope estimado (800 m)", "osm_id": null, "osm_nome": null, "area_km2": 2.0073910339493457 }, "geometry": { "type": "Polygon", "coordinates": [ [ [ -59.905651124902739, -3.117495618496265 ], [ -59.905685002843846, -3.11821185548607 ], [ -59.905787181530762, -3.11892123573034 ], [ -59.905956677833174, -3.119616927489498 ], [ -59.906191860244554, -3.120292230838835 ], [ -59.906490464562324, -3.120940642193854 ], [ -59.906849615665209, -3.121555916944902 ], [ -59.907265855179133, -3.122132129598428 ], [ -59.907735174765975, -3.122663730844711 ], [ -59.908253054715551, -3.123145601003796 ], [ -59.908814507469224, -3.123573099333113 ], [ -59.909414125656284, -3.123942108723289 ], [ -59.910046134180519, -3.124249075350452 ], [ -59.910704445854591, -3.124491042904129 ], [ -59.911382720045999, -3.124665681060121 ], [ -59.91207442376902, -3.124771307924536 ], [ -59.91277289463293, -3.124806906232566 ], [ -59.913471405039338, -3.124772133146115 ], [ -59.914163227008807, -3.124667323555733 ], [ -59.914841697011227, -3.124493486855396 ], [ -59.915500280174037, -3.124252297220256 ], [ -59.916132633248807, -3.123946077482754 ], [ -59.91673266572829, -3.123577776760272 ], [ -59.917294598524464, -3.123150942051609 ], [ -59.917813019641507, -3.122669684075221 ], [ -59.918282936306838, -3.122138637677869 ], [ -59.918699823057906, -3.121562917196198 ], [ -59.919059665321271, -3.120948067199966 ], [ -59.919358998064666, -3.120300009092214 ], [ -59.919594939150009, -3.11962498408073 ], [ -59.919765217066875, -3.118929493069604 ], [ -59.919868192780356, -3.118220234050388 ], [ -59.919902875483686, -3.117504037595275 ], [ -59.919868932105544, -3.116787801074482 ], [ -59.919766690481467, -3.116078422230462 ], [ -59.919597136160384, -3.115382732748881 ], [ -59.91936190287845, -3.114707432466974 ], [ -59.919063256793187, -3.114059024851324 ], [ -59.918704074630952, -3.113443754367864 ], [ -59.918287815959445, -3.11286754634623 ], [ -59.917818489852948, -3.112335949918055 ], [ -59.917300616272222, -3.111854084578207 ], [ -59.916739182531188, -3.111426590883953 ], [ -59.916139595269854, -3.111057585766744 ], [ -59.915507628396, -3.110750622886028 ], [ -59.91484936749638, -3.110508658408405 ], [ -59.914171151252212, -3.110334022539797 ], [ -59.913479510422391, -3.110228397086242 ], [ -59.912781104980652, -3.110192799258345 ], [ -59.912082660011265, -3.110227571875785 ], [ -59.911390900978972, -3.110332380065915 ], [ -59.910712488995223, -3.11050621448876 ], [ -59.910053956702967, -3.110747401056403 ], [ -59.909421645395689, -3.111053617054553 ], [ -59.90882164397555, -3.111421913509447 ], [ -59.908259730336979, -3.111848743586218 ], [ -59.907741315739578, -3.112329996744463 ], [ -59.907271392705375, -3.112861038322579 ], [ -59.90685448694169, -3.113436754169153 ], [ -59.906494613752599, -3.114051599892519 ], [ -59.906195239358809, -3.114699654253808 ], [ -59.905959247499041, -3.115374676189287 ], [ -59.905788911634907, -3.11607016491298 ], [ -59.905685873028254, -3.116779422521319 ], [ -59.905651124902739, -3.117495618496265 ] ] ] } },
{ "type": "Feature", "properties": { "porto": "Estação Cujubinzinho", "classe": "Estação de transbordo", "tipo": "Estação de transbordo de cargas", "estado": null, "cidade": null, "fonte": "OSM (área portuária mapeada)", "osm_id": "way/394193138", "osm_nome": "Terminal Portuário Bertolini", "area_km2": 0.16196634632552565 }, "geometry": { "type": "Polygon", "coordinates": [ [ [ -63.7235857, -8.5888589 ], [ -63.721306, -8.588240700000018 ], [ -63.7228692, -8.584363500000011 ], [ -63.7252662, -8.584672699999958 ], [ -63.7258393, -8.5832042 ], [ -63.7245366, -8.5826246 ], [ -63.7250186, -8.581491 ], [ -63.7255228, -8.581729800000021 ], [ -63.7265688, -8.5822253 ], [ -63.7260087, -8.5836679 ], [ -63.7235857, -8.5888589 ] ] ] } },
{ "type": "Feature", "properties": { "porto": "ETC Miritituba", "classe": "Estação de transbordo", "tipo": "Estação de transbordo de cargas", "estado": null, "cidade": null, "fonte": "OSM (área portuária mapeada)", "osm_id": "way/628304297", "osm_nome": "ETC Miritituba Bunge", "area_km2": 0.22566453555236077 }, "geometry": { "type": "Polygon", "coordinates": [ [ [ -55.9519338, -4.275286299999986 ], [ -55.9516847, -4.274881200000018 ], [ -55.9502792, -4.273592 ], [ -55.9496653, -4.273273599999943 ], [ -55.9480809, -4.274011500000013 ], [ -55.9457208, -4.2752958 ], [ -55.9440538, -4.276778800000017 ], [ -55.9462303, -4.277406700000013 ], [ -55.9478557, -4.277772399999979 ], [ -55.9497972, -4.2766521 ], [ -55.9519338, -4.275286299999986 ] ] ] } },
{ "type": "Feature", "properties": { "porto": "LDC São Simão", "classe": "Estação de transbordo", "tipo": "Estação de transbordo de cargas", "estado": null, "cidade": null, "fonte": "envelope estimado (800 m)", "osm_id": null, "osm_nome": null, "area_km2": 2.0073910339494612 }, "geometry": { "type": "Polygon", "coordinates": [ [ [ -50.500912740561596, -19.051739222538615 ], [ -50.500902058729075, -19.052415254736509 ], [ -50.500968112954894, -19.053088935558559 ], [ -50.501110268269024, -19.053753777023879 ], [ -50.501327156745049, -19.054403376204981 ], [ -50.501616690631465, -19.055031476896755 ], [ -50.501976082419354, -19.055632029875316 ], [ -50.502401871654484, -19.056199251165452 ], [ -50.502889958237091, -19.056727677756285 ], [ -50.503435641889439, -19.05721222022645 ], [ -50.504033667412031, -19.05764821177306 ], [ -50.504678275292711, -19.058031453170607 ], [ -50.505363257181685, -19.058358253226679 ], [ -50.506082015697487, -19.058625464344452 ], [ -50.506827627987711, -19.058830512848548 ], [ -50.50759291243115, -19.058971423781887 ], [ -50.50837049783793, -19.059046839934368 ], [ -50.509152894479691, -19.059056034919877 ], [ -50.509932566264176, -19.058998920174897 ], [ -50.510702003357473, -19.058876045812028 ], [ -50.511453794552743, -19.05868859531952 ], [ -50.512180698686734, -19.058438374158094 ], [ -50.512875714414683, -19.058127792365458 ], [ -50.513532147670155, -19.05775984133582 ], [ -50.514143676158952, -19.057338064998682 ], [ -50.514704410264748, -19.056866525675122 ], [ -50.515208949779463, -19.056349764940773 ], [ -50.51565243591142, -19.055792759872453 ], [ -50.516030598070479, -19.055200875101601 ], [ -50.516339794979892, -19.05457981113565 ], [ -50.516577049719494, -19.053935549446184 ], [ -50.516740078363725, -19.053274294853185 ], [ -50.51682731193992, -19.052602415760468 ], [ -50.516837911496793, -19.051926382818159 ], [ -50.516771776139535, -19.051252706603726 ], [ -50.516629543956007, -19.050587874920872 ], [ -50.516412585826671, -19.049938290321172 ], [ -50.516122992179753, -19.049310208449409 ], [ -50.515763552820765, -19.048709677806247 ], [ -50.515337730032051, -19.048142481508428 ], [ -50.514849625202828, -19.047614081606579 ], [ -50.514303939312022, -19.047129566496299 ], [ -50.513705927645184, -19.046693601929075 ], [ -50.513061349181967, -19.046310386093648 ], [ -50.512376411141688, -19.045983609200025 ], [ -50.511657709220728, -19.045716417954978 ], [ -50.510912164096588, -19.045511385270139 ], [ -50.510146954809315, -19.045370485494693 ], [ -50.509369449660568, -19.045295075409904 ], [ -50.508587135294462, -19.045285881168791 ], [ -50.507807544641423, -19.045342991306171 ], [ -50.507038184417517, -19.045465855886576 ], [ -50.506286462875558, -19.04565329179767 ], [ -50.505559618502055, -19.045903494139072 ], [ -50.504864650345212, -19.046214053596355 ], [ -50.504208250643316, -19.046581979633661 ], [ -50.50359674040115, -19.047003729281847 ], [ -50.503036008533797, -19.047475241245476 ], [ -50.502531455163336, -19.04799197500046 ], [ -50.502087939613922, -19.048548954506682 ], [ -50.50170973360617, -19.049140816115056 ], [ -50.501400480101907, -19.049761860208285 ], [ -50.501163158196228, -19.050406106078487 ], [ -50.501000054395831, -19.051067349513602 ], [ -50.500912740561596, -19.051739222538615 ] ] ] } },
{ "type": "Feature", "properties": { "porto": "Terminal de Regaseificação de GNL da Bahia - TRBA", "classe": "Terminal privado (TUP)", "tipo": "Terminal de uso privado", "estado": null, "cidade": null, "fonte": "envelope estimado (1000 m)", "osm_id": null, "osm_nome": null, "area_km2": 3.1365484905461627 }, "geometry": { "type": "Polygon", "coordinates": [ [ [ -38.65391185641127, -12.810992720088951 ], [ -38.653826159900589, -12.811847775698787 ], [ -38.653832018720685, -12.812706435482493 ], [ -38.653929378135942, -12.813560430071931 ], [ -38.654117302173439, -12.81440153494577 ], [ -38.654393982573467, -12.815221649639646 ], [ -38.654756756144373, -12.816012875764281 ], [ -38.65520213035709, -12.816767593080311 ], [ -38.65572581693479, -12.817478532897049 ], [ -38.656322773115932, -12.818138848087159 ], [ -38.656987250194724, -12.818742179043394 ], [ -38.657712848872471, -12.819282714940684 ], [ -38.658492580887078, -12.819755249713785 ], [ -38.659318936327324, -12.820155232210201 ], [ -38.660183955982944, -12.820478810035111 ], [ -38.66107930803296, -12.820722866665101 ], [ -38.661996368332069, -12.82088505147355 ], [ -38.662926303520351, -12.820963802376829 ], [ -38.663860156153575, -12.820958360884378 ], [ -38.664788931032078, -12.820868779405957 ], [ -38.665703681894428, -12.820695920747081 ], [ -38.666595597638192, -12.820441449796013 ], [ -38.667456087235365, -12.820107817483878 ], [ -38.668276862522184, -12.819698237171721 ], [ -38.669050018063892, -12.819216653692584 ], [ -38.669768107323847, -12.818667705346899 ], [ -38.670424214401713, -12.818056679218509 ], [ -38.671012020649286, -12.817389460241165 ], [ -38.671525865521602, -12.816672474507278 ], [ -38.671960801077674, -12.815912627365591 ], [ -38.672312639606204, -12.815117236904007 ], [ -38.672577993918821, -12.81429396345912 ], [ -38.672754309924045, -12.813450735831978 ], [ -38.672839891170241, -12.812595674920404 ], [ -38.672833915123022, -12.811737015504558 ], [ -38.672736441023005, -12.81088302693848 ], [ -38.672548409250354, -12.810041933511965 ], [ -38.67227163220501, -12.809221835249517 ], [ -38.671908776792627, -12.808430629908923 ], [ -38.671463338687396, -12.807675936930815 ], [ -38.670939608621516, -12.806965024070623 ], [ -38.670342631027744, -12.806304737419763 ], [ -38.669678155434738, -12.805701435488714 ], [ -38.668952581084113, -12.805160927987144 ], [ -38.668172895303066, -12.804688419889009 ], [ -38.667346606226111, -12.804288461321741 ], [ -38.666481670513193, -12.803964903760653 ], [ -38.665586416759425, -12.803720862950286 ], [ -38.664669465332636, -12.803558688909451 ], [ -38.663739645408853, -12.803479943307861 ], [ -38.662805910002746, -12.803485384432452 ], [ -38.661877249809002, -12.803574959887502 ], [ -38.6609626066818, -12.803747807099056 ], [ -38.660070787583365, -12.804002261618738 ], [ -38.659210379827663, -12.804335873146831 ], [ -38.658389668433358, -12.80474542912102 ], [ -38.657616556379828, -12.805226985643639 ], [ -38.656898488532512, -12.805775905450071 ], [ -38.656242379968845, -12.806386902553268 ], [ -38.655654549394157, -12.807054093134919 ], [ -38.655140658288275, -12.807771052193806 ], [ -38.654705656368911, -12.808530875406333 ], [ -38.654353733897679, -12.809326245604144 ], [ -38.654088281288821, -12.810149503229374 ], [ -38.65391185641127, -12.810992720088951 ] ] ] } },
{ "type": "Feature", "properties": { "porto": "TNA ITAITUBA", "classe": "Terminal de navegação (TNA)", "tipo": "TNA", "estado": null, "cidade": null, "fonte": "OSM (área portuária mapeada)", "osm_id": "relation/19838997", "osm_nome": "Terminal Flutuante Bertolini", "area_km2": 0.018608217032710598 }, "geometry": { "type": "Polygon", "coordinates": [ [ [ -55.962978, -4.2890697 ], [ -55.9627385, -4.2889958 ], [ -55.9627858, -4.288837500000058 ], [ -55.962543, -4.28876889999997 ], [ -55.9625934, -4.288662699999978 ], [ -55.9623325, -4.2886013 ], [ -55.962285, -4.288762800000017 ], [ -55.9621164, -4.288713399999967 ], [ -55.9619639, -4.2892839 ], [ -55.9619591, -4.2900809 ], [ -55.9618251, -4.2908797 ], [ -55.9620284, -4.2910333 ], [ -55.9622275, -4.2907957 ], [ -55.9624504, -4.290196 ], [ -55.9628821, -4.2896312 ], [ -55.962978, -4.2890697 ] ] ] } },
{ "type": "Feature", "properties": { "porto": "Terminal Vila do Conde", "classe": "Terminal privado (TUP)", "tipo": "Terminal de uso privado", "estado": null, "cidade": null, "fonte": "envelope estimado (1000 m)", "osm_id": null, "osm_nome": null, "area_km2": 3.1365484905461636 }, "geometry": { "type": "Polygon", "coordinates": [ [ [ -48.728152181558713, -1.505147629835287 ], [ -48.728130241618175, -1.506051953027794 ], [ -48.728193183339691, -1.506954165362567 ], [ -48.728340401993876, -1.507845578034017 ], [ -48.728570481149895, -1.508717606233112 ], [ -48.728881206263942, -1.509561851824239 ], [ -48.729269585958733, -1.510370184225043 ], [ -48.729731880790702, -1.511134818709724 ], [ -48.730263639229726, -1.511848391381788 ], [ -48.730859740505778, -1.512504030094318 ], [ -48.731514443911188, -1.513095420634455 ], [ -48.732221444083933, -1.51361686753486 ], [ -48.732973931739792, -1.514063348926187 ], [ -48.733764659268182, -1.514430564902339 ], [ -48.734586010559134, -1.51471497893277 ], [ -48.735430074387949, -1.514913851922852 ], [ -48.73628872064932, -1.515025268593728 ], [ -48.737153678704978, -1.515048155928872 ], [ -48.738016617088533, -1.514982293507986 ], [ -48.738869223797643, -1.514828315630036 ], [ -48.739703286398246, -1.514587705204174 ], [ -48.740510771167322, -1.514262779467993 ], [ -48.741283900509814, -1.51385666767007 ], [ -48.742015227902463, -1.513373280932162 ], [ -48.742697709641149, -1.512817274581364 ], [ -48.743324772699495, -1.512194003314977 ], [ -48.743890378044313, -1.511509469629624 ], [ -48.744389078797568, -1.510770266012035 ], [ -48.744816072684735, -1.509983511447572 ], [ -48.745167248264586, -1.509156782858789 ], [ -48.745439224496081, -1.508298042133613 ], [ -48.745629383262262, -1.507415559446475 ], [ -48.745735894539436, -1.506517833610906 ], [ -48.745757733971033, -1.50561351023024 ], [ -48.745694692678661, -1.504711298435587 ], [ -48.745547379218173, -1.503819887011732 ], [ -48.745317213663753, -1.502947860719731 ], [ -48.74500641387943, -1.502103617621972 ], [ -48.744617974112053, -1.501295288204927 ], [ -48.744155636113724, -1.500530657079779 ], [ -48.743623853073437, -1.49981708801392 ], [ -48.743027746706623, -1.499161453015631 ], [ -48.742373057916595, -1.498570066155085 ], [ -48.741666091503703, -1.4980486227582 ], [ -48.740913655454804, -1.4976021445597 ], [ -48.740122995397257, -1.497234931342968 ], [ -48.739301724848161, -1.496950519532438 ], [ -48.73845775192936, -1.496751648137598 ], [ -48.737599203252529, -1.496640232375816 ], [ -48.736734345705806, -1.496617345228815 ], [ -48.735871506893098, -1.496683207109581 ], [ -48.735018994990305, -1.496837183739952 ], [ -48.734185018788104, -1.497077792258721 ], [ -48.733377608689295, -1.497402715501551 ], [ -48.732604539419398, -1.497808824315733 ], [ -48.731873255193108, -1.498292207694089 ], [ -48.731190798055678, -1.498848210438683 ], [ -48.730563740088087, -1.499471477990812 ], [ -48.729998120127895, -1.500156007996574 ], [ -48.729499385614787, -1.50089520811066 ], [ -48.729072340120659, -1.501681959482279 ], [ -48.728721097069958, -1.502508685311643 ], [ -48.728449040096599, -1.503367423816883 ], [ -48.728258790420426, -1.504249904908846 ], [ -48.728152181558713, -1.505147629835287 ] ] ] } },
{ "type": "Feature", "properties": { "porto": "Terminal Nov Flexibles", "classe": "Terminal privado (TUP)", "tipo": "Terminal de uso privado", "estado": null, "cidade": null, "fonte": "OSM (área portuária mapeada)", "osm_id": "way/572181714", "osm_nome": "T-NOV", "area_km2": 0.12244511750013186 }, "geometry": { "type": "Polygon", "coordinates": [ [ [ -41.0186603, -21.8719585 ], [ -41.0136973, -21.8694104 ], [ -41.01469680000001, -21.867761400000028 ], [ -41.019634, -21.870298200000022 ], [ -41.0186603, -21.8719585 ] ] ] } },
{ "type": "Feature", "properties": { "porto": "Estação Cianport Miritituba", "classe": "Estação de transbordo", "tipo": "Estação de transbordo de cargas", "estado": null, "cidade": null, "fonte": "OSM (área portuária mapeada)", "osm_id": "way/628304298", "osm_nome": "CIANPORTE", "area_km2": 0.24977912821486878 }, "geometry": { "type": "Polygon", "coordinates": [ [ [ -55.9555985, -4.2819751 ], [ -55.9549245, -4.2804147 ], [ -55.9538517, -4.2788369 ], [ -55.9537139, -4.278802 ], [ -55.9521014, -4.2785105 ], [ -55.9508738, -4.2792339 ], [ -55.9511276, -4.279613 ], [ -55.949434, -4.280966299999983 ], [ -55.9501993, -4.2825705 ], [ -55.9509134, -4.2840283 ], [ -55.9521997, -4.2834226 ], [ -55.9555985, -4.2819751 ] ] ] } },
{ "type": "Feature", "properties": { "porto": "Hidrovias do Brasil Miritituba", "classe": "Estação de transbordo", "tipo": "Estação de transbordo de cargas", "estado": null, "cidade": null, "fonte": "OSM (área portuária mapeada)", "osm_id": "way/628304295", "osm_nome": "ETC Hidrovias do Brasil Miritituba", "area_km2": 0.10525157822413075 }, "geometry": { "type": "Polygon", "coordinates": [ [ [ -55.946833, -4.271728799999988 ], [ -55.9467334, -4.271174 ], [ -55.9462613, -4.2707193 ], [ -55.9457547, -4.2704649 ], [ -55.9454515, -4.2708869 ], [ -55.9452414, -4.2713065 ], [ -55.9446247, -4.272506299999971 ], [ -55.9439394, -4.272056199999944 ], [ -55.9436046, -4.2727447 ], [ -55.943675, -4.2737386 ], [ -55.9437845, -4.274810399999953 ], [ -55.9438983, -4.276148100000013 ], [ -55.9439941, -4.276389100000014 ], [ -55.946833, -4.271728799999988 ] ] ] } },
{ "type": "Feature", "properties": { "porto": "Ipiranga Manaus", "classe": "Terminal privado (TUP)", "tipo": "Terminal de uso privado", "estado": null, "cidade": null, "fonte": "OSM (área portuária mapeada)", "osm_id": "way/166764250", "osm_nome": null, "area_km2": 0.016120846538879637 }, "geometry": { "type": "Polygon", "coordinates": [ [ [ -59.938572, -3.133344400000021 ], [ -59.9391693, -3.133033400000018 ], [ -59.9393187, -3.1329482 ], [ -59.9395234, -3.1326799 ], [ -59.9393946, -3.132096 ], [ -59.9393142, -3.131897800000018 ], [ -59.9392391, -3.131801400000016 ], [ -59.9391363, -3.1317377 ], [ -59.9390084, -3.131705 ], [ -59.9388747, -3.1317046 ], [ -59.93828640000001, -3.1320259 ], [ -59.9386157, -3.1331668 ], [ -59.9385436, -3.133202100000022 ], [ -59.938572, -3.133344400000021 ] ] ] } },
{ "type": "Feature", "properties": { "porto": "Porto Praia Norte", "classe": "Estação de transbordo", "tipo": "Estação de transbordo de cargas", "estado": null, "cidade": null, "fonte": "envelope estimado (800 m)", "osm_id": null, "osm_nome": null, "area_km2": 2.0073910339493608 }, "geometry": { "type": "Polygon", "coordinates": [ [ [ -47.810013109626539, -5.388030478861587 ], [ -47.809990809136295, -5.388738686888928 ], [ -47.810038149142777, -5.389445664363294 ], [ -47.810154674702382, -5.390144602689499 ], [ -47.810339264532935, -5.390828770671274 ], [ -47.810590141776785, -5.39149157933781 ], [ -47.810904891080497, -5.392126645401317 ], [ -47.811280481827929, -5.392727852734822 ], [ -47.811713297303932, -5.393289411277053 ], [ -47.812199169508865, -5.393805912798292 ], [ -47.812733419289032, -5.394272382988775 ], [ -47.81331090139718, -5.394684329368614 ], [ -47.813926054048999, -5.39503778455732 ], [ -47.814572952498303, -5.395329344486126 ], [ -47.815245366114389, -5.39555620118501 ], [ -47.81593681841121, -5.395716169828329 ], [ -47.816640649449269, -5.395807709778652 ], [ -47.817350080008154, -5.395829939425981 ], [ -47.818058276910364, -5.395782644679227 ], [ -47.818758418865947, -5.395666281028382 ], [ -47.819443762202447, -5.395481969157317 ], [ -47.82010770584553, -5.395231484149346 ], [ -47.820743854923485, -5.394917238390137 ], [ -47.821346082381297, -5.394542258332032 ], [ -47.821908588010402, -5.394110155343903 ], [ -47.822425954324288, -5.393625090927864 ], [ -47.82289319874144, -5.393091736637127 ], [ -47.823305821572696, -5.392515229082075 ], [ -47.823659849350705, -5.39190112045713 ], [ -47.823951873084425, -5.391255325066073 ], [ -47.82417908107076, -5.390584062359907 ], [ -47.824339285947978, -5.389893797036928 ], [ -47.824430945731393, -5.389191176781344 ], [ -47.824453178629902, -5.388482968240398 ], [ -47.824405771501809, -5.387775991856808 ], [ -47.824289181870178, -5.387077056183751 ], [ -47.824104533479435, -5.386392892315596 ], [ -47.82385360543767, -5.385730089065063 ], [ -47.823538815050441, -5.385095029511736 ], [ -47.823163194512738, -5.384493829532492 ], [ -47.822730361684492, -5.383932278905936 ], [ -47.822244485232211, -5.383415785557568 ], [ -47.821710244472797, -5.382949323483169 ], [ -47.821132784306855, -5.382537384850637 ], [ -47.820517665675453, -5.382183936742747 ], [ -47.819870812017392, -5.381892382956213 ], [ -47.819198452242091, -5.38166553122499 ], [ -47.818507060766514, -5.381505566183759 ], [ -47.817803295192824, -5.381414028331629 ], [ -47.817093932225688, -5.381391799197873 ], [ -47.81638580244509, -5.381439092853866 ], [ -47.815685724561511, -5.381555453851572 ], [ -47.815000439785209, -5.381739761609031 ], [ -47.814336546940034, -5.381990241201002 ], [ -47.813700438945602, -5.382304480450022 ], [ -47.813098241278063, -5.382679453153883 ], [ -47.812535753001185, -5.383111548226347 ], [ -47.812018390934661, -5.383596604469479 ], [ -47.81155113749675, -5.38412995064414 ], [ -47.811138492723302, -5.384706450451904 ], [ -47.810784430924876, -5.385320551995981 ], [ -47.810492362399906, -5.385966341244774 ], [ -47.810265100572785, -5.386637598983304 ], [ -47.810104834874323, -5.387327860704162 ], [ -47.810013109626539, -5.388030478861587 ] ] ] } },
{ "type": "Feature", "properties": { "porto": "TUP Enseada Naval", "classe": "Terminal privado (TUP)", "tipo": "Terminal de uso privado", "estado": null, "cidade": null, "fonte": "envelope estimado (1000 m)", "osm_id": null, "osm_nome": null, "area_km2": 3.1365484905461627 }, "geometry": { "type": "Polygon", "coordinates": [ [ [ -38.826684969981315, -12.860724807519343 ], [ -38.826600304390396, -12.861579811785026 ], [ -38.826607231279993, -12.862438323582053 ], [ -38.826705685629562, -12.863292074966354 ], [ -38.826894720921743, -12.864132843757595 ], [ -38.827172518194395, -12.86495253272661 ], [ -38.827536403498605, -12.86574324758236 ], [ -38.827982873596795, -12.866497373007608 ], [ -38.828507629655554, -12.867207646009975 ], [ -38.829105618610534, -12.867867225882215 ], [ -38.8297710818062, -12.868469760096795 ], [ -38.830497610443146, -12.869009445500263 ], [ -38.831278207299221, -12.869481084216757 ], [ -38.832105354130285, -12.869880133722283 ], [ -38.83297108410072, -12.870202750606392 ], [ -38.833867058545245, -12.870445827599807 ], [ -38.834784647321463, -12.870607023510205 ], [ -38.835715011977378, -12.870684785777922 ], [ -38.836649190930856, -12.87067836543422 ], [ -38.837578185838467, -12.870587824316683 ], [ -38.83849304831935, -12.870414034473837 ], [ -38.83938496619659, -12.870158669763374 ], [ -38.840245348422812, -12.869824189725435 ], [ -38.841065907870203, -12.869413815886912 ], [ -38.841838741185256, -12.868931500724631 ], [ -38.842556404937682, -12.868381889587477 ], [ -38.843211987328573, -12.867770275944023 ], [ -38.843799174766616, -12.867102550387511 ], [ -38.844312312670368, -12.866385143890421 ], [ -38.844746459911335, -12.865624965854664 ], [ -38.845097436373976, -12.864829337555555 ], [ -38.845361863175661, -12.864005921620651 ], [ -38.845537195160446, -12.86316264822319 ], [ -38.845621745355878, -12.862307638701566 ], [ -38.845614701159064, -12.861449127340293 ], [ -38.845516132098631, -12.860595382066633 ], [ -38.845326989100187, -12.859754624826079 ], [ -38.845049095264955, -12.858934952403954 ], [ -38.844685128252713, -12.858144258455372 ], [ -38.844238594441023, -12.857390157494157 ], [ -38.843713795111775, -12.856679911572506 ], [ -38.843115784992172, -12.856020360357023 ], [ -38.842450323551091, -12.855417855273892 ], [ -38.841723819520531, -12.854878198357175 ], [ -38.840943269177018, -12.854406586387912 ], [ -38.840116188977227, -12.85400756086228 ], [ -38.839250543196194, -12.85368496426911 ], [ -38.838354667263843, -12.853441903097995 ], [ -38.837437187536807, -12.853280717933179 ], [ -38.836506938276379, -12.853202960921353 ], [ -38.835572876630096, -12.853209380829336 ], [ -38.834643996433371, -12.853299915836292 ], [ -38.833729241658745, -12.853473694128372 ], [ -38.832837420344092, -12.853729042291997 ], [ -38.831977119825893, -12.854063501422731 ], [ -38.831156624092003, -12.854473850797261 ], [ -38.830383834047439, -12.854956138878773 ], [ -38.829666191459637, -12.855505721359217 ], [ -38.829010607314153, -12.856117305871193 ], [ -38.828423395269731, -12.856785002940962 ], [ -38.827910210853425, -12.8575023826908 ], [ -38.827475996981178, -12.858262536746699 ], [ -38.82712493632912, -12.859058144754849 ], [ -38.826860411015275, -12.859881544867489 ], [ -38.826684969981315, -12.860724807519343 ] ] ] } },
{ "type": "Feature", "properties": { "porto": "LDC Pederneiras", "classe": "Estação de transbordo", "tipo": "Estação de transbordo de cargas", "estado": null, "cidade": null, "fonte": "OSM (área portuária mapeada)", "osm_id": "way/290775343", "osm_nome": "Porto Intermodal de Pederneiras", "area_km2": 0.29648695864498636 }, "geometry": { "type": "Polygon", "coordinates": [ [ [ -48.7114864, -22.363166199999977 ], [ -48.710745, -22.3652917 ], [ -48.7083686, -22.3646079 ], [ -48.7090879, -22.362526800000019 ], [ -48.7117509, -22.358976600000013 ], [ -48.7149131, -22.355186 ], [ -48.7168719, -22.356344 ], [ -48.7127935, -22.3615159 ], [ -48.7121597, -22.3614646 ], [ -48.7114864, -22.363166199999977 ] ] ] } },
{ "type": "Feature", "properties": { "porto": "Caramuru Alimentos São Simão", "classe": "Terminal privado (TUP)", "tipo": "Terminal de uso privado", "estado": null, "cidade": null, "fonte": "envelope estimado (1000 m)", "osm_id": null, "osm_nome": null, "area_km2": 3.136548490545898 }, "geometry": { "type": "Polygon", "coordinates": [ [ [ -50.50727417052007, -19.067793711072191 ], [ -50.507260857668115, -19.068638727822712 ], [ -50.507343476732132, -19.069480801704856 ], [ -50.507521233871259, -19.070311822983133 ], [ -50.507792418917091, -19.071123788248251 ], [ -50.508154421777043, -19.071908877502608 ], [ -50.508603757510734, -19.072659529483715 ], [ -50.509136099840148, -19.073368514499737 ], [ -50.509746322772884, -19.074029004074518 ], [ -50.510428549939242, -19.074634636731254 ], [ -50.511176211169079, -19.075179579280146 ], [ -50.51198210576419, -19.075658583018814 ], [ -50.512838471856917, -19.076067034303573 ], [ -50.513737061186667, -19.076400999003479 ], [ -50.514669218573047, -19.076657260408229 ], [ -50.515625965319025, -19.076833350224021 ], [ -50.516598085738693, -19.07692757235834 ], [ -50.517576215974458, -19.076939019263904 ], [ -50.518550934245546, -19.076867580684027 ], [ -50.519512851656053, -19.076713944715149 ], [ -50.52045270268534, -19.076479591176177 ], [ -50.521361434486593, -19.076166777348305 ], [ -50.522230294130928, -19.075778516223853 ], [ -50.523050912954538, -19.075318547472865 ], [ -50.523815387194681, -19.074791301408922 ], [ -50.524516354136232, -19.074201856301094 ], [ -50.525147063034403, -19.073555889444297 ], [ -50.525701440130014, -19.07285962246009 ], [ -50.526174147131137, -19.072119761355822 ], [ -50.526560632598212, -19.071343431919868 ], [ -50.526857175739046, -19.070538111076534 ], [ -50.527060922192987, -19.06971155486174 ], [ -50.527169911461975, -19.068871723714697 ], [ -50.52718309572608, -19.06802670580479 ], [ -50.52710034986525, -19.067184639132879 ], [ -50.526922472593078, -19.06635363315727 ], [ -50.526651178694614, -19.065541690699259 ], [ -50.526289082445579, -19.064756630879938 ], [ -50.525839672375248, -19.064006013830646 ], [ -50.52530727761836, -19.06329706790083 ], [ -50.524697026182075, -19.062636620064559 ], [ -50.524014795531464, -19.062031030194625 ], [ -50.523267155970558, -19.061486129836549 ], [ -50.522461307364857, -19.06100716607143 ], [ -50.521605009814657, -19.060598751006715 ], [ -50.52070650894651, -19.060264817381462 ], [ -50.519774456541256, -19.060008580711752 ], [ -50.518817827261593, -19.059832508340889 ], [ -50.517845832279257, -19.059738295690899 ], [ -50.516867830631334, -19.059726849944727 ], [ -50.515893239157059, -19.059798281314407 ], [ -50.514931441879611, -19.059951901980586 ], [ -50.513991699702949, -19.060186232712457 ], [ -50.513083061290779, -19.060499017105293 ], [ -50.512214275983077, -19.060887243297909 ], [ -50.51139370958694, -19.061347172962723 ], [ -50.51062926385034, -19.061874377288152 ], [ -50.509928300393049, -19.062463779609192 ], [ -50.509297569825947, -19.063109704275117 ], [ -50.508743146740926, -19.063805931285817 ], [ -50.508270371197284, -19.064545756170045 ], [ -50.507883797268597, -19.06532205453135 ], [ -50.50758714914663, -19.066127350639661 ], [ -50.507383285226368, -19.06695388940955 ], [ -50.50727417052007, -19.067793711072191 ] ] ] } },
{ "type": "Feature", "properties": { "porto": "Estação Caramuru", "classe": "Estação de transbordo", "tipo": "Estação de transbordo de cargas", "estado": null, "cidade": null, "fonte": "envelope estimado (800 m)", "osm_id": null, "osm_nome": null, "area_km2": 2.0073910339494612 }, "geometry": { "type": "Polygon", "coordinates": [ [ [ -50.507596938124166, -19.064568535849673 ], [ -50.507586289786964, -19.065244553200252 ], [ -50.507652384914032, -19.06591821630224 ], [ -50.507794588141685, -19.066583037345438 ], [ -50.508011531082225, -19.067232613598836 ], [ -50.508301125459795, -19.067860689078021 ], [ -50.508660583182987, -19.068461214801633 ], [ -50.509086443162637, -19.069028407056742 ], [ -50.509574604617661, -19.06955680311183 ], [ -50.510120366549224, -19.070041313839329 ], [ -50.510718473003848, -19.070477272741766 ], [ -50.511363163689836, -19.070860480907783 ], [ -50.512048229459715, -19.071187247464724 ], [ -50.512767072124028, -19.071454425138239 ], [ -50.513512768019702, -19.071659440574852 ], [ -50.514278134720143, -19.07180031913574 ], [ -50.515055800243033, -19.071875703922593 ], [ -50.515838274088175, -19.071884868851221 ], [ -50.516618019419596, -19.071827725647701 ], [ -50.517387525694872, -19.071704824698728 ], [ -50.518139381040712, -19.071517349748742 ], [ -50.518866343675931, -19.071267106494169 ], [ -50.519561411692251, -19.070956505185674 ], [ -50.520217890519646, -19.070588537405687 ], [ -50.520829457425023, -19.070166747245263 ], [ -50.521390222422141, -19.069695197158961 ], [ -50.521894785005507, -19.069178428826167 ], [ -50.522338286161428, -19.068621419397278 ], [ -50.522716455155255, -19.068029533545939 ], [ -50.523025650644641, -19.067408471790159 ], [ -50.523262895723313, -19.066764215580456 ], [ -50.523425906559012, -19.066102969684113 ], [ -50.523513114350848, -19.065431102421275 ], [ -50.523523680396075, -19.064755084328272 ], [ -50.523457504122874, -19.064081425839376 ], [ -50.523315224013338, -19.063416614587595 ], [ -50.523098211409696, -19.062767052927651 ], [ -50.522808557264909, -19.06213899628311 ], [ -50.522449051967222, -19.061538492911549 ], [ -50.522023158434045, -19.060971325666877 ], [ -50.521534978735907, -19.060442956319552 ], [ -50.520989214572715, -19.059958472970731 ], [ -50.520391121983721, -19.059522541065732 ], [ -50.51974646072776, -19.059139358478479 ], [ -50.519061438821332, -19.058812615098528 ], [ -50.518342652768247, -19.058545457309663 ], [ -50.517597024056016, -19.058340457701185 ], [ -50.516831732529454, -19.058199590303595 ], [ -50.516054147281963, -19.058124211586271 ], [ -50.515271755728797, -19.058115047400118 ], [ -50.514492091543502, -19.058172185990525 ], [ -50.513722662150109, -19.05829507714806 ], [ -50.512970876467371, -19.058482537504606 ], [ -50.512243973599368, -19.058732761924546 ], [ -50.511548953157551, -19.059043340880987 ], [ -50.510892507883675, -19.059411283650515 ], [ -50.510280959221411, -19.059833047103169 ], [ -50.509720196455916, -19.060304569810821 ], [ -50.509215620006927, -19.060821311146132 ], [ -50.50877208942098, -19.06137829499631 ], [ -50.508393876563701, -19.061970157670618 ], [ -50.508084624463095, -19.062591199541739 ], [ -50.507847312200973, -19.06323543992335 ], [ -50.507684226191394, -19.063896674656355 ], [ -50.507596938124166, -19.064568535849673 ] ] ] } },
{ "type": "Feature", "properties": { "porto": "Terminal Amazongás", "classe": "Terminal privado (TUP)", "tipo": "Terminal de uso privado", "estado": null, "cidade": null, "fonte": "envelope estimado (1000 m)", "osm_id": null, "osm_nome": null, "area_km2": 3.136548490546164 }, "geometry": { "type": "Polygon", "coordinates": [ [ [ -63.904088540273968, -8.747451373134016 ], [ -63.904156425551029, -8.748320935962811 ], [ -63.904312688252396, -8.749179914762676 ], [ -63.904555824982744, -8.750020036999544 ], [ -63.904883495568029, -8.750833211686679 ], [ -63.905292545540192, -8.751611607311103 ], [ -63.905779036471074, -8.752347727262931 ], [ -63.906338283865246, -8.753034482040849 ], [ -63.906964902248184, -8.753665257537971 ], [ -63.907652857016615, -8.754233978750127 ], [ -63.908395522552112, -8.754735168292857 ], [ -63.909185746038631, -8.755163999162548 ], [ -63.910015916368749, -8.755516341233683 ], [ -63.910878037474497, -8.755788801043831 ], [ -63.911763805375102, -8.755978754483039 ], [ -63.912664688198213, -8.756084372071683 ], [ -63.9135720084019, -8.756104636584563 ], [ -63.914477026403702, -8.756039352849765 ], [ -63.915371024808785, -8.755889149628915 ], [ -63.916245392423789, -8.755655473560106 ], [ -63.917091707245, -8.755340575222306 ], [ -63.917901817619402, -8.754947487455089 ], [ -63.918667920794753, -8.754479996143278 ], [ -63.919382638100785, -8.753942603747698 ], [ -63.920039086035871, -8.753340485934061 ], [ -63.920630942573631, -8.752679441717241 ], [ -63.921152508050334, -8.751965837602784 ], [ -63.921598760046621, -8.751206546262527 ], [ -63.921965401735321, -8.750408880336771 ], [ -63.922248903230575, -8.749580521999745 ], [ -63.922446535541312, -8.748729448967969 ], [ -63.922556396803571, -8.74786385766375 ], [ -63.922577430541047, -8.7469920842744 ], [ -63.92250943578, -8.746122524467516 ], [ -63.922353068923634, -8.745263552535693 ], [ -63.922109837369881, -8.744423440749163 ], [ -63.92178208493678, -8.743610279692959 ], [ -63.92137296923778, -8.742831900356327 ], [ -63.920886431226869, -8.742095798723124 ], [ -63.920327157208739, -8.741409063590741 ], [ -63.919700533681038, -8.740778308311132 ], [ -63.919012595444777, -8.74020960711146 ], [ -63.918269967483049, -8.73970843660711 ], [ -63.917479801167985, -8.73927962307012 ], [ -63.916649705409903, -8.738927295959884 ], [ -63.915787673411018, -8.738654848163881 ], [ -63.914902005727782, -8.738464903330408 ], [ -63.914001230381281, -8.738359290608324 ], [ -63.913094020783106, -8.738339027035824 ], [ -63.912189112265274, -8.738404307748738 ], [ -63.911295218015191, -8.73855450410151 ], [ -63.910420945223613, -8.738788169719978 ], [ -63.909574712250198, -8.73910305442684 ], [ -63.908764667602647, -8.7394961259063 ], [ -63.907998611507324, -8.739963598899458 ], [ -63.907283920825265, -8.740500971649489 ], [ -63.906627478034927, -8.741103069245646 ], [ -63.906035604964991, -8.741764093449973 ], [ -63.905514001914504, -8.74247767852604 ], [ -63.905067692746783, -8.743236952533593 ], [ -63.904700976486055, -8.744034603498489 ], [ -63.904417385883932, -8.744862949821364 ], [ -63.90421965335581, -8.745714014247387 ], [ -63.904109684616962, -8.746579600685081 ], [ -63.904088540273968, -8.747451373134016 ] ] ] } },
{ "type": "Feature", "properties": { "porto": "Terminal Portuário da Glória - TPG", "classe": "Terminal privado (TUP)", "tipo": "Terminal de uso privado", "estado": null, "cidade": null, "fonte": "OSM (área portuária mapeada)", "osm_id": "way/443688617", "osm_nome": "Companhia Portuária de Vila Velha", "area_km2": 0.057283413186274633 }, "geometry": { "type": "Polygon", "coordinates": [ [ [ -40.325781, -20.327476 ], [ -40.3256733, -20.327391200000015 ], [ -40.3256185, -20.327348099999988 ], [ -40.3256325, -20.327231500000014 ], [ -40.3256662, -20.327199400000019 ], [ -40.3253, -20.326860299999961 ], [ -40.3253295, -20.3267545 ], [ -40.3253534, -20.3266686 ], [ -40.3252962, -20.3266546 ], [ -40.3253003, -20.326639800000031 ], [ -40.3250471, -20.326577799999981 ], [ -40.3250387, -20.326607899999981 ], [ -40.3250195, -20.3266032 ], [ -40.3249998, -20.326673699999986 ], [ -40.3249653, -20.3266671 ], [ -40.3248862, -20.326716100000038 ], [ -40.3247816, -20.326717399999978 ], [ -40.3246093, -20.326662100000014 ], [ -40.3245315, -20.326598499999971 ], [ -40.3244772, -20.326514299999978 ], [ -40.324439, -20.3264099 ], [ -40.3244564, -20.3263017 ], [ -40.32452880000001, -20.326094900000022 ], [ -40.3244992, -20.3256693 ], [ -40.324377, -20.325664400000015 ], [ -40.3242509, -20.325659400000024 ], [ -40.3241644, -20.325655900000012 ], [ -40.3238804, -20.325649700000024 ], [ -40.3236236, -20.3254667 ], [ -40.3235726, -20.325434 ], [ -40.3235317, -20.3253875 ], [ -40.3235324, -20.32527870000003 ], [ -40.323003300000011, -20.3244034 ], [ -40.322727, -20.324541100000022 ], [ -40.3226917, -20.324551699999965 ], [ -40.3226553, -20.3245581 ], [ -40.3226224, -20.32456029999998 ], [ -40.3225895, -20.324559100000027 ], [ -40.3224991, -20.3245461 ], [ -40.3224398, -20.324544900000017 ], [ -40.3224378, -20.3246292 ], [ -40.3224367, -20.324647200000015 ], [ -40.3224119, -20.3246474 ], [ -40.3224126, -20.324758 ], [ -40.3224474, -20.3247606 ], [ -40.3225768, -20.325016500000029 ], [ -40.3224514, -20.325169300000013 ], [ -40.322312599999989, -20.325185600000033 ], [ -40.3219438, -20.3253114 ], [ -40.3218245, -20.325393800000018 ], [ -40.3217594, -20.325474900000014 ], [ -40.3216019, -20.3258289 ], [ -40.3215294, -20.326045200000014 ], [ -40.3216461, -20.326321199999988 ], [ -40.3220753, -20.326325 ], [ -40.3221588, -20.326326199999965 ], [ -40.3222422, -20.3263225 ], [ -40.3223233, -20.326314299999989 ], [ -40.32240370000001, -20.326301499999975 ], [ -40.3227557, -20.3262481 ], [ -40.3229289, -20.3262219 ], [ -40.3229587, -20.326217599999989 ], [ -40.3229889, -20.326217599999989 ], [ -40.3230187, -20.3262219 ], [ -40.3230588, -20.326235199999974 ], [ -40.3230949, -20.3262562 ], [ -40.3231924, -20.3263361 ], [ -40.323295, -20.3264203 ], [ -40.3242377, -20.3271672 ], [ -40.3243139, -20.3272277 ], [ -40.32500430000001, -20.327788700000013 ], [ -40.3251196, -20.327658699999983 ], [ -40.3251665, -20.327603399999969 ], [ -40.3252085, -20.3275539 ], [ -40.3252428, -20.327577399999985 ], [ -40.32528, -20.3275967 ], [ -40.3253194, -20.327611500000035 ], [ -40.32536240000001, -20.327622 ], [ -40.3255943, -20.32765740000001 ], [ -40.3256152, -20.327657799999987 ], [ -40.3256359, -20.3276555 ], [ -40.3256566, -20.3276507 ], [ -40.3258257, -20.327594500000014 ], [ -40.3258449, -20.327574 ], [ -40.3258692, -20.327546300000012 ], [ -40.3258426, -20.32752570000002 ], [ -40.325781, -20.327476 ] ] ] } },
{ "type": "Feature", "properties": { "porto": "Porto Crai", "classe": "Terminal privado (TUP)", "tipo": "Terminal de uso privado", "estado": null, "cidade": null, "fonte": "envelope estimado (1000 m)", "osm_id": null, "osm_nome": null, "area_km2": 3.1365484905461636 }, "geometry": { "type": "Polygon", "coordinates": [ [ [ -48.981151178592832, -2.502666832549315 ], [ -48.98113055361825, -2.503566010763819 ], [ -48.981195346641059, -2.504462942969921 ], [ -48.981344935120426, -2.505348991207271 ], [ -48.981577879818552, -2.506215622317376 ], [ -48.981891938608278, -2.5070544901236 ], [ -48.982284088017593, -2.507857515811321 ], [ -48.98275055230566, -2.508616965733304 ], [ -48.983286839791674, -2.509325525892038 ], [ -48.983887786088204, -2.509976372380319 ], [ -48.984547603823415, -2.510563237102521 ], [ -48.98525993837395, -2.511080468143321 ], [ -48.986017929071807, -2.511523084202111 ], [ -48.986814275295373, -2.51188682256848 ], [ -48.987641306807582, -2.51216818017783 ], [ -48.988491057662316, -2.512364447350107 ], [ -48.989355342966292, -2.512473733887531 ], [ -48.990225837755084, -2.512494987279643 ], [ -48.991094157221781, -2.512428002840525 ], [ -48.991951937523709, -2.512273425680071 ], [ -48.992790916386532, -2.512032744490748 ], [ -48.993603012727547, -2.511708277209501 ], [ -48.994380404529331, -2.511303148693116 ], [ -48.995115604211726, -2.510821260621658 ], [ -48.995801530774841, -2.510267253920521 ], [ -48.996431578017003, -2.509646464062834 ], [ -48.996999678169644, -2.508964869682368 ], [ -48.997500360335948, -2.508229034992739 ], [ -48.997928803170097, -2.507446046567167 ], [ -48.998280881290427, -2.506623445087664 ], [ -48.998553204979956, -2.505769152721229 ], [ -48.998743152793281, -2.504891396822554 ], [ -48.998848896757103, -2.503998630698071 ], [ -48.998869419923622, -2.503099452194675 ], [ -48.99880452610951, -2.50220252089682 ], [ -48.998654841728971, -2.501316474729903 ], [ -48.998421809705214, -2.500449846772937 ], [ -48.998107675521297, -2.499610983081266 ], [ -48.99771546554657, -2.498807962311544 ], [ -48.997248957849372, -2.498048517921841 ], [ -48.996712645778686, -2.49733996369717 ], [ -48.99611169466673, -2.496689123316737 ], [ -48.995451892070399, -2.496102264641299 ], [ -48.994739592031259, -2.495585039353922 ], [ -48.993981653891069, -2.495142428534098 ], [ -48.993185376251645, -2.494778694690856 ], [ -48.992358426714453, -2.494497340715022 ], [ -48.991508768075335, -2.494301076147017 ], [ -48.990644581683775, -2.49419179108449 ], [ -48.989774188703059, -2.494170537981271 ], [ -48.988905970027652, -2.494237521512142 ], [ -48.988048285626903, -2.494392096602179 ], [ -48.98720939408971, -2.494632774638397 ], [ -48.986397373142879, -2.49495723780504 ], [ -48.985620041906508, -2.495362361403477 ], [ -48.984884885633242, -2.495844243942655 ], [ -48.984198983654792, -2.496398244709645 ], [ -48.983568941228057, -2.497019028459568 ], [ -48.983000825936543, -2.497700616793219 ], [ -48.982500109258844, -2.498436445729493 ], [ -48.982071613867035, -2.499219428916099 ], [ -48.981719467162549, -2.500042025872458 ], [ -48.98144706149801, -2.500896314605326 ], [ -48.981257021469069, -2.501774067899779 ], [ -48.981151178592832, -2.502666832549315 ] ] ] } },
{ "type": "Feature", "properties": { "porto": "Porto CPA", "classe": "Terminal privado (TUP)", "tipo": "Terminal de uso privado", "estado": null, "cidade": null, "fonte": "envelope estimado (1000 m)", "osm_id": null, "osm_nome": null, "area_km2": 3.1365484905461636 }, "geometry": { "type": "Polygon", "coordinates": [ [ [ -48.577000009946055, -2.253196455059833 ], [ -48.576977098044836, -2.254096847829462 ], [ -48.577039473659774, -2.254995227235273 ], [ -48.57718653752751, -2.255882941381323 ], [ -48.577416874721877, -2.256751441068797 ], [ -48.577728268227403, -2.257592362130423 ], [ -48.578117720242012, -2.258397605983649 ], [ -48.578581481005749, -2.259159417626316 ], [ -48.579115084879291, -2.259870460324129 ], [ -48.579713393326315, -2.260523886270013 ], [ -48.580370644386484, -2.261113402535457 ], [ -48.581080508163367, -2.261633331677695 ], [ -48.581836147792785, -2.262078666419706 ], [ -48.58263028530434, -2.26244511787596 ], [ -48.583455271740959, -2.262729156859317 ], [ -48.584303160860166, -2.262928047871367 ], [ -48.585165785705769, -2.263039875448538 ], [ -48.586034837310905, -2.263063562610437 ], [ -48.586901944772357, -2.262998881232619 ], [ -48.587758755923204, -2.262846454243473 ], [ -48.588597017824313, -2.262607749624964 ], [ -48.589408656297735, -2.262285066273724 ], [ -48.59018585373375, -2.261881511860219 ], [ -48.590921124420547, -2.26140097289796 ], [ -48.591607386669367, -2.260848077311786 ], [ -48.592238031039244, -2.260228149865677 ], [ -48.59280698400336, -2.259547160879376 ], [ -48.593308766443435, -2.258811668727843 ], [ -48.593738546408474, -2.258028756677557 ], [ -48.594092185630409, -2.257205964667875 ], [ -48.59436627934906, -2.256351216694657 ], [ -48.594558189064266, -2.255472744495599 ], [ -48.59466606790096, -2.254579008272267 ], [ -48.594688878344925, -2.253678615212392 ], [ -48.594626402180062, -2.25278023659735 ], [ -48.594479242533801, -2.251892524292743 ], [ -48.594248818013035, -2.251024027426575 ], [ -48.593937348989137, -2.250183110057708 ], [ -48.593547836166309, -2.249377870626769 ], [ -48.593084031641332, -2.248616063966006 ], [ -48.592550402735249, -2.247905026618292 ], [ -48.591952088946378, -2.247251606184987 ], [ -48.591294852440313, -2.24666209538284 ], [ -48.590585022554215, -2.246142171444664 ], [ -48.589829434849833, -2.245696841447411 ], [ -48.589035365302131, -2.245330394094402 ], [ -48.588210460256356, -2.245046358414993 ], [ -48.587362662827196, -2.24484746978069 ], [ -48.586500136447228, -2.244735643563659 ], [ -48.585631186299359, -2.244711956691972 ], [ -48.584764179387825, -2.244776637278987 ], [ -48.583907464015503, -2.244929062426688 ], [ -48.5830692894408, -2.245167764223926 ], [ -48.58225772648575, -2.245490443882424 ], [ -48.581480589857954, -2.245893993873591 ], [ -48.58074536293239, -2.246374527853998 ], [ -48.580059125716112, -2.246927418090107 ], [ -48.579428486688094, -2.247547340023653 ], [ -48.578859519169853, -2.248228323546623 ], [ -48.578357702839, -2.248963810494143 ], [ -48.577927870948919, -2.249746717799588 ], [ -48.577574163763131, -2.250569505706058 ], [ -48.577299988653628, -2.251424250375261 ], [ -48.57710798724839, -2.252302720196606 ], [ -48.577000009946055, -2.253196455059833 ] ] ] } },
{ "type": "Feature", "properties": { "porto": "TUP Zemax", "classe": "Terminal privado (TUP)", "tipo": "Terminal de uso privado", "estado": null, "cidade": null, "fonte": "OSM (área portuária mapeada)", "osm_id": "way/51399825", "osm_nome": "Terminal Aquaviário Dom Bosco", "area_km2": 0.0003343865436761346 }, "geometry": { "type": "Polygon", "coordinates": [ [ [ -40.3200023, -20.318252400000013 ], [ -40.31977830000001, -20.318214799999989 ], [ -40.3197546, -20.318338600000033 ], [ -40.3198099, -20.318347899999985 ], [ -40.3198532, -20.3183586 ], [ -40.3199786, -20.3183763 ], [ -40.3200023, -20.318252400000013 ] ] ] } },
{ "type": "Feature", "properties": { "porto": "Santarém (orla)", "classe": "IP4 (pequeno porte)", "tipo": "IP4", "estado": "PA", "cidade": "Santarém", "fonte": "envelope estimado (800 m)", "osm_id": null, "osm_nome": null, "area_km2": 2.0073910339493906 }, "geometry": { "type": "Polygon", "coordinates": [ [ [ -54.663626086550842, -2.447387715194284 ], [ -54.663635724126202, -2.448107416147577 ], [ -54.663713558860309, -2.448822672129141 ], [ -54.663858842077303, -2.44952659482076 ], [ -54.664070175477306, -2.450212405039621 ], [ -54.664345524569875, -2.450873498026692 ], [ -54.664682238237852, -2.451503507055024 ], [ -54.665077074244238, -2.452096364746635 ], [ -54.665526230437543, -2.452646361506354 ], [ -54.666025381355666, -2.453148200510292 ], [ -54.666569719876406, -2.453597048719335 ], [ -54.667154003513701, -2.453988583426057 ], [ -54.667772604913587, -2.454319033886684 ], [ -54.66841956606347, -2.454585217637588 ], [ -54.669088655691901, -2.454784571145741 ], [ -54.669773429305309, -2.454915174498524 ], [ -54.670467291282556, -2.454975769894459 ], [ -54.671163558428084, -2.454965773757446 ], [ -54.671855524370308, -2.454885282357397 ], [ -54.672536524183684, -2.454735070882703 ], [ -54.673199998610798, -2.454516585974576 ], [ -54.673839557264522, -2.454231931794068 ], [ -54.674449040200344, -2.453883849756735 ], [ -54.675022577264819, -2.453475692129625 ], [ -54.675554644647562, -2.453011389745411 ], [ -54.676040118091393, -2.452495414144319 ], [ -54.676474322247827, -2.451932734508707 ], [ -54.676853075702176, -2.451328769804727 ], [ -54.677172731234883, -2.450689336593077 ], [ -54.67743021093149, -2.450020593010052 ], [ -54.677623035803727, -2.449328979459788 ], [ -54.677749349637367, -2.448621156588085 ], [ -54.677807936838008, -2.447903941135745 ], [ -54.677798234104195, -2.447184240288768 ], [ -54.677720335816822, -2.446468985158145 ], [ -54.677574993094062, -2.445765064029358 ], [ -54.677363606522569, -2.445079256025095 ], [ -54.677088212636129, -2.44441816581945 ], [ -54.676751464273316, -2.443788160032315 ], [ -54.676356605004415, -2.4431953059172 ], [ -54.675907437874891, -2.442645312931866 ], [ -54.675408288767123, -2.44214347775502 ], [ -54.674863964733717, -2.441694633278803 ], [ -54.674279707704031, -2.441303102067262 ], [ -54.673661144009493, -2.440972654729665 ], [ -54.673014230213695, -2.440706473609777 ], [ -54.672345195768308, -2.440507122139415 ], [ -54.671660483046246, -2.440376520152955 ], [ -54.670966685328629, -2.440315925399418 ], [ -54.67027048334154, -2.440325921430064 ], [ -54.669578580952589, -2.440406411979172 ], [ -54.668897640644978, -2.440556621891067 ], [ -54.668234219389355, -2.440775104584545 ], [ -54.667594705529503, -2.441059755983712 ], [ -54.666985257288523, -2.441407834779814 ], [ -54.666411743486563, -2.441815988830429 ], [ -54.665879687040039, -2.44228028744031 ], [ -54.665394211785852, -2.442796259214208 ], [ -54.664959993142077, -2.443358935117059 ], [ -54.664581213080119, -2.443962896325893 ], [ -54.664261519842071, -2.444602326414496 ], [ -54.664003992791379, -2.445271067366505 ], [ -54.663811112736092, -2.445962678878927 ], [ -54.663684738011106, -2.44667050038429 ], [ -54.663626086550842, -2.447387715194284 ] ] ] } },
{ "type": "Feature", "properties": { "porto": "Careiro da Várzea (Novo)", "classe": "IP4 (pequeno porte)", "tipo": "IP4", "estado": "AM", "cidade": "Careiro da Várzea", "fonte": "envelope estimado (800 m)", "osm_id": null, "osm_nome": null, "area_km2": 2.0073910339493461 }, "geometry": { "type": "Polygon", "coordinates": [ [ [ -59.811319308773022, -3.200661070046056 ], [ -59.811352769448753, -3.201377000598225 ], [ -59.811454571635288, -3.202086121172101 ], [ -59.811623735829528, -3.202781602528483 ], [ -59.811858633724796, -3.20345674676811 ], [ -59.812157003860101, -3.204105051837831 ], [ -59.812515973371006, -3.204720274150182 ], [ -59.812932085633776, -3.205296488715022 ], [ -59.813401333537257, -3.205828146202618 ], [ -59.813919198062869, -3.206310126389651 ], [ -59.814480691801556, -3.206737787472 ], [ -59.815080406988805, -3.207107010771148 ], [ -59.81571256759478, -3.207414240401598 ], [ -59.816371084967734, -3.207656517518533 ], [ -59.817049616494224, -3.207831508815352 ], [ -59.817741626709847, -3.207937528996216 ], [ -59.818440450271595, -3.207973557007834 ], [ -59.819139356183484, -3.20793924587361 ], [ -59.819831612656053, -3.207834926035392 ], [ -59.820510551973342, -3.207661602170783 ], [ -59.821169634741615, -3.207420943517121 ], [ -59.82180251289941, -3.20711526779406 ], [ -59.822403090881096, -3.20674751888117 ], [ -59.822965584343642, -3.206321238464678 ], [ -59.823484575890284, -3.205840531926502 ], [ -59.8239550672536, -3.205310028804609 ], [ -59.824372527435315, -3.204734838205359 ], [ -59.824732936338712, -3.20412049959711 ], [ -59.825032823473904, -3.203472929459722 ], [ -59.825269301363434, -3.202798364302969 ], [ -59.825440093327195, -3.202103300603519 ], [ -59.825543555380037, -3.201394432238541 ], [ -59.82557869203216, -3.200678586018731 ], [ -59.825545165841334, -3.199962655941514 ], [ -59.825443300626475, -3.199253536798035 ], [ -59.825274078312795, -3.198558057772541 ], [ -59.825039129440505, -3.197882916674633 ], [ -59.824740717429613, -3.197234615436847 ], [ -59.824381716753784, -3.196619397499286 ], [ -59.823965585234426, -3.196043187684005 ], [ -59.823496330722712, -3.195511535138181 ], [ -59.82297847249118, -3.195029559895306 ], [ -59.822416997706966, -3.194601903569448 ], [ -59.821817313406228, -3.19423268465632 ], [ -59.821185194431834, -3.193925458872886 ], [ -59.820526727835613, -3.19368318491612 ], [ -59.819848254279755, -3.193508195971165 ], [ -59.819156307000831, -3.193402177243512 ], [ -59.818457548923242, -3.193366149730588 ], [ -59.817758708526441, -3.193400460389793 ], [ -59.81706651508221, -3.193504778797665 ], [ -59.816387633884354, -3.193678100331387 ], [ -59.81572860209311, -3.193918755843261 ], [ -59.815095765810902, -3.194224427734438 ], [ -59.814495218994139, -3.194592172272519 ], [ -59.813932744788168, -3.195018447939454 ], [ -59.813413759849773, -3.195499149535858 ], [ -59.812943262192384, -3.196029647713594 ], [ -59.812525783056181, -3.196604833556386 ], [ -59.812165343266265, -3.197219167778598 ], [ -59.811865414499508, -3.197866734068972 ], [ -59.811628885833237, -3.198541296065555 ], [ -59.811458035898866, -3.199236357413106 ], [ -59.811354510909311, -3.199945224324925 ], [ -59.811319308773022, -3.200661070046056 ] ] ] } },
{ "type": "Feature", "properties": { "porto": "Terminal de Combustíveis Marítimos do Açu - TECMA", "classe": "Terminal privado (TUP)", "tipo": "Terminal de uso privado", "estado": null, "cidade": null, "fonte": "OSM (área portuária mapeada)", "osm_id": "way/572181709", "osm_nome": "TECMA", "area_km2": 0.12682171774366138 }, "geometry": { "type": "Polygon", "coordinates": [ [ [ -41.0142589, -21.8482947 ], [ -41.0135937, -21.850246499999979 ], [ -41.0082936, -21.848603499999989 ], [ -41.0089696, -21.846771100000048 ], [ -41.0142589, -21.8482947 ] ] ] } },
{ "type": "Feature", "properties": { "porto": "Terminais Fluviais do Brasil", "classe": "Terminal privado (TUP)", "tipo": "Terminal de uso privado", "estado": null, "cidade": null, "fonte": "envelope estimado (1000 m)", "osm_id": null, "osm_nome": null, "area_km2": 3.1365484905461796 }, "geometry": { "type": "Polygon", "coordinates": [ [ [ -58.423868176326764, -3.151571204313866 ], [ -58.423901984315144, -3.15246671399666 ], [ -58.424021264874561, -3.153354510519291 ], [ -58.424224870692861, -3.154226043886419 ], [ -58.424510842254172, -3.155072920705468 ], [ -58.424876426659374, -3.155886985021902 ], [ -58.425318104093307, -3.15666039686764 ], [ -58.425831621685589, -3.157385707767884 ], [ -58.426412034440105, -3.158055932477432 ], [ -58.427053752840429, -3.15866461625646 ], [ -58.427750596673192, -3.159205897037532 ], [ -58.428495854551251, -3.159674561884667 ], [ -58.429282348563405, -3.160066097200803 ], [ -58.430102503427378, -3.160376732200008 ], [ -58.430948419479122, -3.160603475225774 ], [ -58.431811948794007, -3.160744142564678 ], [ -58.432684773705518, -3.160797379479134 ], [ -58.433558486962973, -3.160762673255488 ], [ -58.434424672754375, -3.160640358142166 ], [ -58.435274987812122, -3.160431612130454 ], [ -58.436101241817887, -3.16013844560853 ], [ -58.436895476330612, -3.159763681998574 ], [ -58.437650041475422, -3.159310930562782 ], [ -58.438357669653008, -3.158784551641261 ], [ -58.439011545558429, -3.158189614655622 ], [ -58.43960537183392, -3.157531849283722 ], [ -58.440133429722522, -3.156817590275657 ], [ -58.440590634138516, -3.156053716442113 ], [ -58.440972582624099, -3.155247584403824 ], [ -58.441275597721749, -3.154406957739568 ], [ -58.441496762354916, -3.1535399322151 ], [ -58.441633947877847, -3.152654857813933 ], [ -58.441685834526048, -3.151760258320297 ], [ -58.441651924072218, -3.150864749229301 ], [ -58.441532544567963, -3.149976954774182 ], [ -58.441328847127849, -3.149105424870962 ], [ -58.441042794788721, -3.148258552778935 ], [ -58.440677143553948, -3.147444494271162 ], [ -58.440235415806868, -3.146671089092369 ], [ -58.439721866351434, -3.145945785461211 ], [ -58.439141441408225, -3.145275568343527 ], [ -58.438499730962043, -3.144666892187393 ], [ -58.43780291492061, -3.144125618767281 ], [ -58.437057703603081, -3.143656960736362 ], [ -58.436271273131311, -3.143265431429691 ], [ -58.435451196345774, -3.142954801402222 ], [ -58.434605369910045, -3.142728062119488 ], [ -58.433741938304813, -3.142587397151054 ], [ -58.432869215441677, -3.142534161143357 ], [ -58.431995604649693, -3.142568866775273 ], [ -58.431129517803107, -3.142691179820997 ], [ -58.430279294367182, -3.142899922368902 ], [ -58.429453121139254, -3.143193084163737 ], [ -58.4286589534561, -3.143567841965082 ], [ -58.427904438624402, -3.144020586733897 ], [ -58.427196842309982, -3.144546958386331 ], [ -58.426542978593261, -3.145141887780105 ], [ -58.425949144363628, -3.145799645529112 ], [ -58.425421058683689, -3.146513897176201 ], [ -58.424963807707194, -3.147277764193613 ], [ -58.424581795681213, -3.148083890222438 ], [ -58.424278702505113, -3.148924511914888 ], [ -58.424057448255958, -3.149791533696341 ], [ -58.423920165023354, -3.150676605727057 ], [ -58.423868176326764, -3.151571204313866 ] ] ] } },
{ "type": "Feature", "properties": { "porto": "Porto Veleiro Búzios", "classe": "Turismo", "tipo": "Instalação portuária de turismo", "estado": null, "cidade": null, "fonte": "envelope estimado (800 m)", "osm_id": null, "osm_nome": null, "area_km2": 2.0073910339494612 }, "geometry": { "type": "Polygon", "coordinates": [ [ [ -41.874075388845121, -22.746958190334897 ], [ -41.874018561341174, -22.747629459764283 ], [ -41.874040737160229, -22.748302151525639 ], [ -41.874141703990375, -22.748969787203546 ], [ -41.874320490681683, -22.749625936983485 ], [ -41.874575376552116, -22.750264281578936 ], [ -41.874903907915225, -22.750878673097557 ], [ -41.875302921671839, -22.751463194259543 ], [ -41.875768575740274, -22.752012215398025 ], [ -41.87629638603314, -22.752520448691481 ], [ -41.876881269625542, -22.752982999105463 ], [ -41.877517593699601, -22.753395411552688 ], [ -41.878199229794291, -22.753753713815986 ], [ -41.878919612837819, -22.754054454820782 ], [ -41.879671804393716, -22.7542947378872 ], [ -41.880448559510818, -22.754472248641306 ], [ -41.881242396532016, -22.754585277315794 ], [ -41.882045669188244, -22.75463273522562 ], [ -41.882850640281752, -22.754614165258271 ], [ -41.883649556247327, -22.754529746278944 ], [ -41.884434721871585, -22.754380291406765 ], [ -41.885198574448765, -22.754167240179395 ], [ -41.885933756657217, -22.753892644681819 ], [ -41.886633187453057, -22.753559149772517 ], [ -41.88729013029662, -22.753169967598488 ], [ -41.887898258053589, -22.752728846644757 ], [ -41.888451713944733, -22.752240035617248 ], [ -41.888945167956649, -22.751708242507359 ], [ -41.889373868170054, -22.751138589233189 ], [ -41.889733686511335, -22.750536562294968 ], [ -41.890021158487251, -22.749907959920645 ], [ -41.890233516520901, -22.749258836211222 ], [ -41.89036871656905, -22.748595442824325 ], [ -41.890425457765851, -22.747924168757887 ], [ -41.890403194905396, -22.747251478814828 ], [ -41.890302143644519, -22.746583851340642 ], [ -41.890123278377786, -22.745927715834693 ], [ -41.889868322806841, -22.745289391034856 ], [ -41.889539733296694, -22.744675024072809 ], [ -41.889140675181075, -22.744090531284616 ], [ -41.888674992246337, -22.743541541246771 ], [ -41.888147169689198, -22.743033340585644 ], [ -41.887562290905869, -22.742570823081593 ], [ -41.886925988529406, -22.742158442557223 ], [ -41.886244390187017, -22.741800170002929 ], [ -41.885524059499708, -22.741499455351544 ], [ -41.884771932891908, -22.741259194270242 ], [ -41.88399525281887, -22.741081700288095 ], [ -41.883201498053793, -22.740968682527789 ], [ -41.882398311704712, -22.740921229255054 ], [ -41.881593427652611, -22.740939797404067 ], [ -41.880794596117752, -22.741024208179638 ], [ -41.88000950906892, -22.741173648777867 ], [ -41.879245726192252, -22.741386680209619 ], [ -41.878510602130838, -22.741661251150614 ], [ -41.877811215694024, -22.741994717686115 ], [ -41.877154301716764, -22.742383868759518 ], [ -41.876546186224054, -22.742824957080952 ], [ -41.875992725523851, -22.74331373519848 ], [ -41.875499249814318, -22.743845496385518 ], [ -41.875070511848605, -22.744415119950698 ], [ -41.874710641151111, -22.745017120535515 ], [ -41.874423104227098, -22.745645700924715 ], [ -41.874210671149392, -22.746294807862196 ], [ -41.874075388845121, -22.746958190334897 ] ] ] } },
{ "type": "Feature", "properties": { "porto": "Ponta Negra", "classe": "Estação de transbordo", "tipo": "Estação de transbordo de cargas", "estado": null, "cidade": null, "fonte": "envelope estimado (800 m)", "osm_id": null, "osm_nome": null, "area_km2": 2.0073910339493457 }, "geometry": { "type": "Polygon", "coordinates": [ [ [ -60.068053164490237, -3.094834456737972 ], [ -60.068087786578317, -3.095550745619885 ], [ -60.068190692243753, -3.096260101766538 ], [ -60.068360891354175, -3.096955693670488 ], [ -60.068596745633428, -3.097630822368703 ], [ -60.068895984406993, -3.098278985958954 ], [ -60.069255726441689, -3.09889394221793 ], [ -60.069672507670489, -3.09946976871963 ], [ -60.070142314536291, -3.100000919873743 ], [ -60.070660622634065, -3.100482280335384 ], [ -60.071222440279882, -3.100909214271137 ], [ -60.07182235658707, -3.101277610007447 ], [ -60.072454593586706, -3.101583919630879 ], [ -60.073113061889657, -3.101825193158787 ], [ -60.073791419354002, -3.101999106951213 ], [ -60.07448313219129, -3.102103986090636 ], [ -60.075181537922717, -3.102138820513438 ], [ -60.075879909577225, -3.10210327473851 ], [ -60.076571520512104, -3.101997691097814 ], [ -60.077249709230465, -3.10182308643981 ], [ -60.077907943569897, -3.10158114233564 ], [ -60.078539883642812, -3.101274188883206 ], [ -60.079139442921139, -3.100905182265818 ], [ -60.07970084687598, -3.100477676280053 ], [ -60.08021868860655, -3.099995788108681 ], [ -60.080687980922129, -3.099464158667262 ], [ -60.081104204374995, -3.098887907906759 ], [ -60.081463350781505, -3.098272585503385 ], [ -60.081761961812518, -3.097624117409147 ], [ -60.081997162281837, -3.096948748779925 ], [ -60.082166687812638, -3.096252983828441 ], [ -60.082268906616619, -3.095543523184158 ], [ -60.082302835176812, -3.094827199360716 ], [ -60.082268147684616, -3.094110910954812 ], [ -60.082165179141306, -3.09340155620834 ], [ -60.08199492209561, -3.092705966575101 ], [ -60.081759017050103, -3.092030840930647 ], [ -60.081459736630229, -3.091382681060024 ], [ -60.081099963669608, -3.090767729043495 ], [ -60.080683163423714, -3.090191907144029 ], [ -60.0802133501805, -3.089660760775159 ], [ -60.079695048590054, -3.089179405097823 ], [ -60.079133250086251, -3.088752475761601 ], [ -60.07853336482011, -3.088384084263186 ], [ -60.07790116956771, -3.088077778353273 ], [ -60.077242752113818, -3.087836507871795 ], [ -60.076564452646295, -3.087662596341591 ], [ -60.075872802724781, -3.087557718593279 ], [ -60.075174462410253, -3.087522884636932 ], [ -60.074476156159875, -3.087558429935901 ], [ -60.073784608102862, -3.087664012176348 ], [ -60.073106477319783, -3.087838614563659 ], [ -60.072448293746604, -3.088080555614084 ], [ -60.071816395320006, -3.088387505346924 ], [ -60.071216866967596, -3.088756507721899 ], [ -60.070655482029842, -3.089184009105345 ], [ -60.070137646676699, -3.089665892491509 ], [ -60.069668347853778, -3.090197517148671 ], [ -60.069252105258904, -3.090773763309645 ], [ -60.068892927811333, -3.091389081475089 ], [ -60.068594275033099, -3.092037545855725 ], [ -60.068359023714713, -3.092712911438567 ], [ -60.068189440187098, -3.09340867412783 ], [ -60.068087158467343, -3.09411813338107 ], [ -60.068053164490237, -3.094834456737972 ] ] ] } },
{ "type": "Feature", "properties": { "porto": "Base de Distribuição Secundária de Itaituba", "classe": "Estação de transbordo", "tipo": "Estação de transbordo de cargas", "estado": null, "cidade": null, "fonte": "envelope estimado (800 m)", "osm_id": null, "osm_nome": null, "area_km2": 2.0073910339493422 }, "geometry": { "type": "Polygon", "coordinates": [ [ [ -56.02036844892752, -4.284589333222575 ], [ -56.020384514611074, -4.285301732690487 ], [ -56.020469550016379, -4.286009106569022 ], [ -56.020622737139163, -4.286704642438545 ], [ -56.020842601574032, -4.287381641868293 ], [ -56.021127026680318, -4.288033584927477 ], [ -56.02147327393677, -4.288654192978174 ], [ -56.021878009290077, -4.289237489144541 ], [ -56.022337335244508, -4.289777855876463 ], [ -56.022846828384388, -4.290270089053243 ], [ -56.023401581968429, -4.290709448105647 ], [ -56.02399625318602, -4.291091701673709 ], [ -56.024625114620285, -4.291413168360783 ], [ -56.025282109421866, -4.291670752190564 ], [ -56.025960909661656, -4.291861972425929 ], [ -56.026654977299458, -4.291984987462526 ], [ -56.027357627180528, -4.292038612566033 ], [ -56.028062091452021, -4.292022331283029 ], [ -56.028761584777634, -4.291936300415667 ], [ -56.029449369721021, -4.291781348510944 ], [ -56.030118821666818, -4.291558967880574 ], [ -56.030763492652838, -4.291271300227964 ], [ -56.031377173497148, -4.290921116019867 ], [ -56.031953953620814, -4.29051178780281 ], [ -56.03248827798911, -4.29004725772055 ], [ -56.032975000622102, -4.28953199954537 ], [ -56.033409434158756, -4.288970975589855 ], [ -56.033787394997127, -4.28836958891347 ], [ -56.034105243575837, -4.287733631284363 ], [ -56.03435991940939, -4.287069227398464 ], [ -56.034548970540371, -4.286382775892107 ], [ -56.034670577125858, -4.285680887717527 ], [ -56.034723568931881, -4.284970322473655 ], [ -56.034707436568681, -4.284257923306273 ], [ -56.034622336359867, -4.283550551004433 ], [ -56.034469088800066, -4.282855017927211 ], [ -56.034249170617251, -4.2821780223981 ], [ -56.033964700517565, -4.281526084197919 ], [ -56.033618418751345, -4.280905481777934 ], [ -56.033213660698102, -4.280322191797565 ], [ -56.032754324725907, -4.279781831569205 ], [ -56.032244834635399, -4.279289604963539 ], [ -56.031690097050706, -4.278850252297445 ], [ -56.031095454167556, -4.27846800468536 ], [ -56.030466632313988, -4.27814654329507 ], [ -56.029809686818275, -4.27788896389939 ], [ -56.029130943714726, -4.277697747064829 ], [ -56.028436938847832, -4.27757473426531 ], [ -56.027734354960089, -4.277521110149073 ], [ -56.027029957368242, -4.277537391131481 ], [ -56.026330528846138, -4.277623420422131 ], [ -56.025642804339768, -4.277778369534603 ], [ -56.024973406141925, -4.278000746264319 ], [ -56.024328780149297, -4.278288409057907 ], [ -56.023715133814754, -4.278638587635345 ], [ -56.023138376391024, -4.279047909666406 ], [ -56.022604062040493, -4.279512433245169 ], [ -56.022117336358129, -4.280027684849134 ], [ -56.021682886822134, -4.280588702418324 ], [ -56.021304897649308, -4.281190083138729 ], [ -56.0209870094899, -4.281826035471053 ], [ -56.02073228435048, -4.28249043492297 ], [ -56.020543176083258, -4.283176883028407 ], [ -56.020421506726869, -4.283878768965906 ], [ -56.02036844892752, -4.284589333222575 ] ] ] } },
{ "type": "Feature", "properties": { "porto": "Brasil Logística Offshore e Estaleiro Naval", "classe": "Terminal privado (TUP)", "tipo": "Terminal de uso privado", "estado": null, "cidade": null, "fonte": "OSM (área portuária mapeada)", "osm_id": "way/572181711", "osm_nome": "Terminal B-Port", "area_km2": 0.58032864942132212 }, "geometry": { "type": "Polygon", "coordinates": [ [ [ -41.0199736, -21.858941899999987 ], [ -41.0248697, -21.861444 ], [ -41.0200712, -21.869581300000011 ], [ -41.0151141, -21.867053200000012 ], [ -41.016581, -21.8645915 ], [ -41.0167033, -21.864659599999989 ], [ -41.0182688, -21.8620464 ], [ -41.0181588, -21.8620041 ], [ -41.0185135, -21.861360699999981 ], [ -41.01909220000001, -21.8603984 ], [ -41.0193323, -21.85999140000003 ], [ -41.0204896, -21.8606075 ], [ -41.0209322, -21.8599105 ], [ -41.0197735, -21.859293200000025 ], [ -41.0199736, -21.858941899999987 ] ] ] } },
{ "type": "Feature", "properties": { "porto": "Terminal Portuário da Nuclep", "classe": "Terminal privado (TUP)", "tipo": "Terminal de uso privado", "estado": null, "cidade": null, "fonte": "OSM (área portuária mapeada)", "osm_id": "way/136531708", "osm_nome": null, "area_km2": 0.012388502031838515 }, "geometry": { "type": "Polygon", "coordinates": [ [ [ -43.8471552, -22.9038507 ], [ -43.848151, -22.9049405 ], [ -43.8479562, -22.9050988 ], [ -43.8468266, -22.905054399999965 ], [ -43.8467415, -22.904037599999967 ], [ -43.8471552, -22.9038507 ] ] ] } },
{ "type": "Feature", "properties": { "porto": "Unidade Misturadora de Porto Alegre", "classe": "Estação de transbordo", "tipo": "Estação de transbordo de cargas", "estado": null, "cidade": null, "fonte": "envelope estimado (800 m)", "osm_id": null, "osm_nome": null, "area_km2": 2.0073910339494341 }, "geometry": { "type": "Polygon", "coordinates": [ [ [ -51.169600795435279, -29.96802950460475 ], [ -51.169592908240105, -29.968704066240754 ], [ -51.169668760105289, -29.969375991032713 ], [ -51.169827621925485, -29.970038807861371 ], [ -51.170067965088684, -29.970686133197947 ], [ -51.170387476147077, -29.97131173259044 ], [ -51.170783079051169, -29.9719095807184 ], [ -51.171250964734739, -29.972473919437437 ], [ -51.171786627767204, -29.972999313254352 ], [ -51.17238490972175, -29.973480701696772 ], [ -51.173040048842168, -29.973913448073162 ], [ -51.173745735530737, -29.974293384151963 ], [ -51.174495173122665, -29.974616850328662 ], [ -51.175281143361573, -29.974880730893553 ], [ -51.176096075944514, -29.975082484058941 ], [ -51.176932121465804, -29.975220166455955 ], [ -51.177781227055675, -29.975292451864988 ], [ -51.178635213983497, -29.975298643997867 ], [ -51.179485856476532, -29.97523868320885 ], [ -51.180324960992863, -29.975113147069646 ], [ -51.181144445183044, -29.974923244802465 ], [ -51.181936415778139, -29.974670805625372 ], [ -51.182693244651823, -29.974358261122241 ], [ -51.183407642322528, -29.973988621807674 ], [ -51.184072728186038, -29.973565448113458 ], [ -51.184682096801225, -29.973092816076299 ], [ -51.185229879589436, -29.972575278058795 ], [ -51.185710801353132, -29.972017818882296 ], [ -51.186120231069275, -29.971425807795629 ], [ -51.186454226468783, -29.970804946742614 ], [ -51.186709571973395, -29.970161215427989 ], [ -51.186883809625769, -29.969500813711509 ], [ -51.186975262716409, -29.968830101885334 ], [ -51.186983051881498, -29.968155539410944 ], [ -51.186907103518742, -29.967483622705647 ], [ -51.186748150441829, -29.966820822577962 ], [ -51.186507724769704, -29.96617352191484 ], [ -51.186188143120951, -29.965547954220106 ], [ -51.185792484257817, -29.964950143596063 ], [ -51.185324559397003, -29.964385846745845 ], [ -51.184788875474638, -29.963860497553725 ], [ -51.184190591720331, -29.96337915477709 ], [ -51.183535469959452, -29.962946453352568 ], [ -51.18282981912261, -29.96256655978431 ], [ -51.182080434496825, -29.962243132043103 ], [ -51.181294532303028, -29.961979284361615 ], [ -51.180479680229219, -29.961777557263865 ], [ -51.179643724587173, -29.961639893116992 ], [ -51.178794714792652, -29.961567617439179 ], [ -51.177940825894908, -29.961561426144719 ], [ -51.177090279899438, -29.961621378847031 ], [ -51.176251266639838, -29.961746898285288 ], [ -51.175431864958576, -29.961936775878996 ], [ -51.17463996495384, -29.962189183358351 ], [ -51.173883192039192, -29.962501690357545 ], [ -51.173168833545745, -29.962871287803232 ], [ -51.172503768572128, -29.963294416872724 ], [ -51.171894401756703, -29.963767003244072 ], [ -51.171346601608946, -29.964284496309681 ], [ -51.17086564399353, -29.964841912975682 ], [ -51.170456161311236, -29.965433885626851 ], [ -51.170122097866624, -29.966054713796463 ], [ -51.169866671852873, -29.966698419043432 ], [ -51.169692344321255, -29.967358802509807 ], [ -51.169600795435279, -29.96802950460475 ] ] ] } },
{ "type": "Feature", "properties": { "porto": "Estaleiro Renave", "classe": "Terminal privado (TUP)", "tipo": "Terminal de uso privado", "estado": null, "cidade": null, "fonte": "envelope estimado (1000 m)", "osm_id": null, "osm_nome": null, "area_km2": 3.1365484905458985 }, "geometry": { "type": "Polygon", "coordinates": [ [ [ -43.107490902570852, -22.873211997089737 ], [ -43.107427986950484, -22.874051461769056 ], [ -43.107463938379311, -22.874892031792569 ], [ -43.107598412585709, -22.875725611958348 ], [ -43.107830116404877, -22.876544174236564 ], [ -43.108156820159884, -22.877339835091149 ], [ -43.10857537906714, -22.878104931415482 ], [ -43.109081763462719, -22.878832094349978 ], [ -43.109671097560707, -22.879514320269653 ], [ -43.110337706372341, -22.880145038258014 ], [ -43.111075170335333, -22.88071817341562 ], [ -43.11187638712839, -22.881228205393214 ], [ -43.112733640075795, -22.881670221584375 ], [ -43.113638672483162, -22.88203996446412 ], [ -43.114582767187798, -22.882333872617085 ], [ -43.115556830556031, -22.882549115058289 ], [ -43.116551480116996, -22.882683618516115 ], [ -43.117557134986605, -22.882736087413029 ], [ -43.11856410820841, -22.88270601635196 ], [ -43.119562700119204, -22.882593694987015 ], [ -43.120543291837507, -22.882400205231949 ], [ -43.121496437971452, -22.882127410832958 ], [ -43.122412957650674, -22.881777939407296 ], [ -43.123284023002739, -22.881355157119945 ], [ -43.124101244219823, -22.880863136244091 ], [ -43.124856750394578, -22.880306615917888 ], [ -43.125543265345023, -22.879690956476804 ], [ -43.126154177697615, -22.87902208780211 ], [ -43.126683604552916, -22.878306452184287 ], [ -43.127126448121118, -22.877550942252753 ], [ -43.127478444782767, -22.876762834570226 ], [ -43.127736206103272, -22.87594971953283 ], [ -43.127897251408356, -22.875119428251782 ], [ -43.127960031608644, -22.874279957121342 ], [ -43.127923944046508, -22.873439390799955 ], [ -43.127789338225135, -22.872605824347289 ], [ -43.127557512367183, -22.87178728526618 ], [ -43.127230700839462, -22.870991656201276 ], [ -43.126812052567217, -22.870226599037455 ], [ -43.126305600648642, -22.869499481129498 ], [ -43.12571622346448, -22.868817304371969 ], [ -43.125049597659313, -22.868186637792132 ], [ -43.124312143448449, -22.867613554313781 ], [ -43.123510962778418, -22.867103572300195 ], [ -43.122653770936779, -22.866661602437723 ], [ -43.121748822269616, -22.866291900470866 ], [ -43.120804830721553, -22.865998026242877 ], [ -43.119830885962024, -22.865782809434922 ], [ -43.118836365903803, -22.86564832233358 ], [ -43.117830846454268, -22.865595859887797 ], [ -43.116824009365764, -22.865625927246736 ], [ -43.11582554906996, -22.865738234898522 ], [ -43.114845079390449, -22.865931701456518 ], [ -43.11389204102921, -22.866204464065842 ], [ -43.112975610714969, -22.866553896330945 ], [ -43.112104612885915, -22.866976633591779 ], [ -43.111287434754992, -22.867468605305479 ], [ -43.110531945573783, -22.868025074223155 ], [ -43.109845420871196, -22.868640681985003 ], [ -43.109234472395578, -22.869309500695703 ], [ -43.108704984434524, -22.870025089984836 ], [ -43.108262057126105, -22.870780559003411 ], [ -43.107909957307889, -22.871568632761015 ], [ -43.107652077378681, -22.872381722165173 ], [ -43.107490902570852, -22.873211997089737 ] ] ] } },
{ "type": "Feature", "properties": { "porto": "Companhia Brasileira de Asfalto da Amazônia", "classe": "Estação de transbordo", "tipo": "Estação de transbordo de cargas", "estado": null, "cidade": null, "fonte": "envelope estimado (800 m)", "osm_id": null, "osm_nome": null, "area_km2": 2.0073910339493608 }, "geometry": { "type": "Polygon", "coordinates": [ [ [ -50.481812903964965, -1.685814364254058 ], [ -50.481803356456687, -1.68653722274516 ], [ -50.481861768617918, -1.687257573754979 ], [ -50.481987578823968, -1.687968479903043 ], [ -50.482179576322089, -1.688663094761085 ], [ -50.482435912858286, -1.689334728787932 ], [ -50.482754120446828, -1.689976913754363 ], [ -50.483131135112231, -1.690583465037004 ], [ -50.483563326376476, -1.691148541180372 ], [ -50.484046532207849, -1.691666700154929 ], [ -50.484576099095641, -1.692132951768163 ], [ -50.485146926865077, -1.692542805724227 ], [ -50.485753517800681, -1.692892314869638 ], [ -50.48639002960514, -1.693178113207742 ], [ -50.487050331682767, -1.693397448316425 ], [ -50.487728064205122, -1.693548207856355 ], [ -50.488416699388701, -1.69362893991515 ], [ -50.489109604393761, -1.693638866990375 ], [ -50.489800105237009, -1.693577893477834 ], [ -50.490481551101411, -1.693446606592192 ], [ -50.491147378422419, -1.69324627071176 ], [ -50.491791174132089, -1.692978815200985 ], [ -50.492406737450658, -1.692646815829077 ], [ -50.492988139629382, -1.69225346996288 ], [ -50.49352978106829, -1.691802565773137 ], [ -50.494026445257965, -1.691298445751192 ], [ -50.49447334902532, -1.690745964886783 ], [ -50.494866188599111, -1.690150443910407 ], [ -50.49520118105162, -1.689517618050449 ], [ -50.495475100717513, -1.688853581798326 ], [ -50.495685310239807, -1.688164730213943 ], [ -50.495829785944395, -1.68745769733656 ], [ -50.495907137300044, -1.686739292294985 ], [ -50.49591662027732, -1.686016433730837 ], [ -50.4958581444792, -1.685296083168127 ], [ -50.495732273975882, -1.68458517797004 ], [ -50.49554022183731, -1.683890564528539 ], [ -50.495283838417265, -1.683218932330241 ], [ -50.494965593503252, -1.682576749533949 ], [ -50.494588552505093, -1.681970200679956 ], [ -50.494156346912796, -1.681405127130179 ], [ -50.493673139308676, -1.68088697081452 ], [ -50.493143583271568, -1.680420721823412 ], [ -50.492572778559278, -1.680010870351816 ], [ -50.491966222001189, -1.679661363457807 ], [ -50.491329754573513, -1.679375567051486 ], [ -50.490669505166565, -1.679156233480794 ], [ -50.489991831584682, -1.679005475025843 ], [ -50.489303259346308, -1.678924743557438 ], [ -50.488610418872241, -1.67891481655524 ], [ -50.48791998166589, -1.67897578962069 ], [ -50.487238596098763, -1.67910707555627 ], [ -50.486572823418207, -1.679307410020246 ], [ -50.485929074592363, -1.679574863702506 ], [ -50.485313548599287, -1.679906860904173 ], [ -50.484732172753311, -1.68030020434179 ], [ -50.484190545642456, -1.680751105937977 ], [ -50.483693883225527, -1.681255223300973 ], [ -50.483246968607475, -1.681807701543306 ], [ -50.48285410597655, -1.682403220035197 ], [ -50.482519079146535, -1.683036043643719 ], [ -50.482245115103844, -1.683700077964008 ], [ -50.482034852910871, -1.684388928010519 ], [ -50.481890318265826, -1.685095959802855 ], [ -50.481812903964965, -1.685814364254058 ] ] ] } },
{ "type": "Feature", "properties": { "porto": "Terminal CCPN", "classe": "Terminal privado (TUP)", "tipo": "Terminal de uso privado", "estado": null, "cidade": null, "fonte": "envelope estimado (1000 m)", "osm_id": null, "osm_nome": null, "area_km2": 3.1365484905458985 }, "geometry": { "type": "Polygon", "coordinates": [ [ [ -43.120490526016255, -22.864273722288164 ], [ -43.120427701178663, -22.865113196857969 ], [ -43.120463736513621, -22.86595376969067 ], [ -43.120598286941124, -22.866787345557253 ], [ -43.120830058561978, -22.867605896469172 ], [ -43.121156821045886, -22.868401538999887 ], [ -43.121575429043247, -22.869166610219352 ], [ -43.122081852416912, -22.869893741509873 ], [ -43.12267121500517, -22.870575929551464 ], [ -43.123337841544469, -22.871206603792668 ], [ -43.124075312301436, -22.87177968975563 ], [ -43.124876524889011, -22.872289667565258 ], [ -43.125733762671736, -22.872731625137039 ], [ -43.126638769101099, -22.873101305510968 ], [ -43.12758282726449, -22.873395147873904 ], [ -43.128556843880126, -22.873610321874782 ], [ -43.129551436927485, -22.873744754901374 ], [ -43.130557026066889, -22.873797152054653 ], [ -43.131563924975133, -22.873767008628736 ], [ -43.132562434705015, -22.873654614974615 ], [ -43.133542937166823, -22.873461053702268 ], [ -43.134495987828707, -22.873188189246722 ], [ -43.135412406740166, -22.872838649899787 ], [ -43.136283366999656, -22.872415802480337 ], [ -43.137100479811885, -22.871923719888702 ], [ -43.13785587531391, -22.871367141857053 ], [ -43.138542278389956, -22.8707514292763 ], [ -43.139153078744194, -22.870082512539209 ], [ -43.139682394556061, -22.869366834398772 ], [ -43.140125129105343, -22.868611287893533 ], [ -43.140477019822569, -22.867823149938101 ], [ -43.14073467929348, -22.867010011219929 ], [ -43.140895627824591, -22.866179703077957 ], [ -43.140958317258345, -22.865340222068593 ], [ -43.140922145811025, -22.864499652945284 ], [ -43.140787463793345, -22.863666090794592 ], [ -43.140555570161453, -22.862847563077857 ], [ -43.140228699934461, -22.862051952330294 ], [ -43.139810002602474, -22.861286920260515 ], [ -43.139303511735712, -22.860559833981767 ], [ -43.138714106089623, -22.859877695084176 ], [ -43.138047462582428, -22.859247072230708 ], [ -43.137310001599587, -22.858674037924349 ], [ -43.136508825152532, -22.858164110055121 ], [ -43.13565164848788, -22.857722198788263 ], [ -43.134746725805371, -22.85735255930442 ], [ -43.133802770799321, -22.857058750845283 ], [ -43.132828872787186, -22.856843602458991 ], [ -43.131834409231658, -22.856709185773468 ], [ -43.130828955496099, -22.856656795059727 ], [ -43.129822192700225, -22.856686934776238 ], [ -43.128823814560512, -22.856799314714507 ], [ -43.127843434109742, -22.856992852791652 ], [ -43.126890491190942, -22.857265685464021 ], [ -43.12597416161411, -22.857615185661295 ], [ -43.125103268847724, -22.858037988068993 ], [ -43.124286199093319, -22.858530021516625 ], [ -43.123530820559196, -22.859086548160537 ], [ -43.122844407709017, -22.859702209084652 ], [ -43.122233571214252, -22.860371075881421 ], [ -43.12170419428432, -22.861086707716865 ], [ -43.121261375988169, -22.86184221333205 ], [ -43.120909382113616, -22.862630317383683 ], [ -43.120651604039196, -22.86344343048729 ], [ -43.120490526016255, -22.864273722288164 ] ] ] } },
{ "type": "Feature", "properties": { "porto": "TNA TEXACO MACAPÁ", "classe": "Terminal de navegação (TNA)", "tipo": "TNA", "estado": null, "cidade": null, "fonte": "envelope estimado (800 m)", "osm_id": null, "osm_nome": null, "area_km2": 2.0073910339493906 }, "geometry": { "type": "Polygon", "coordinates": [ [ [ -51.177730570647569, -0.056366940564229 ], [ -51.177724272624481, -0.057096950974319 ], [ -51.177785232084162, -0.057824099939498 ], [ -51.177912862850079, -0.058541384617646 ], [ -51.178105936615928, -0.059241897164857 ], [ -51.178362594742261, -0.059918891261728 ], [ -51.178680366126784, -0.060565847084121 ], [ -51.179056190977214, -0.061176534092695 ], [ -51.179486450258757, -0.061745071036527 ], [ -51.179967000533409, -0.062265982592845 ], [ -51.180493213856039, -0.06273425209701 ], [ -51.181060022343409, -0.063145369856495 ], [ -51.18166196698688, -0.063495376581077 ], [ -51.182293250238388, -0.063780901513482 ], [ -51.182947791862958, -0.063999194891481 ], [ -51.183619287518958, -0.064148154429682 ], [ -51.184301269501127, -0.064226345565702 ], [ -51.184987169060193, -0.064233015275811 ], [ -51.185670379697719, -0.064168099327077 ], [ -51.186344320825334, -0.064032222895821 ], [ -51.187002501173801, -0.063826694546905 ], [ -51.187638581340082, -0.063553493631391 ], [ -51.188246434868766, -0.063215251224572 ], [ -51.188820207278312, -0.062815224786894 ], [ -51.189354372462937, -0.062357266792909 ], [ -51.18984378592598, -0.061845787629889 ], [ -51.190283734331693, -0.061285713123137 ], [ -51.190669980897859, -0.060682437097709 ], [ -51.190998806192098, -0.060041769432606 ], [ -51.19126704393927, -0.059369880109012 ], [ -51.191472111495465, -0.058673239789135 ], [ -51.191612034696021, -0.05795855750082 ], [ -51.191685466838997, -0.057232716025632 ], [ -51.191691701622631, -0.056502705613873 ], [ -51.191630679913168, -0.055775556664874 ], [ -51.191502990279361, -0.055058272020099 ], [ -51.191309863289774, -0.054357759522271 ], [ -51.19105315962922, -0.053680765488813 ], [ -51.190735352149837, -0.05303380974146 ], [ -51.190359502031022, -0.052423122816569 ], [ -51.189929229278604, -0.051854585961947 ], [ -51.189448677848297, -0.051333674496988 ], [ -51.188922475729612, -0.050865405082684 ], [ -51.188355690375232, -0.050454287408244 ], [ -51.187753779904817, -0.05010428076054 ], [ -51.187122540553176, -0.049818755893891 ], [ -51.186468050868243, -0.049600462567983 ], [ -51.185796613195627, -0.049451503066273 ], [ -51.185114693012324, -0.049373311949722 ], [ -51.184428856692705, -0.049366642241282 ], [ -51.183745708304954, -0.049431558173837 ], [ -51.183071826045229, -0.049567434571704 ], [ -51.182413698920506, -0.04977296287127 ], [ -51.181777664288454, -0.05004616372332 ], [ -51.181169846854623, -0.050384406055166 ], [ -51.180596099713462, -0.050784432409093 ], [ -51.180061947999697, -0.051242390313817 ], [ -51.179572535692316, -0.05175386938553 ], [ -51.179132576082658, -0.052313943802386 ], [ -51.178746306383509, -0.052917219742888 ], [ -51.178417446916207, -0.053557887331028 ], [ -51.178149165269168, -0.054229776588934 ], [ -51.177944045773344, -0.054926416856635 ], [ -51.177804064589409, -0.055641099108461 ], [ -51.177730570647569, -0.056366940564229 ] ] ] } },
{ "type": "Feature", "properties": { "porto": "Terminal Ilha do Governador", "classe": "Terminal privado (TUP)", "tipo": "Terminal de uso privado", "estado": null, "cidade": null, "fonte": "OSM (área portuária mapeada)", "osm_id": "way/1233021143", "osm_nome": null, "area_km2": 0.00019446433337705129 }, "geometry": { "type": "Polygon", "coordinates": [ [ [ -43.1773055, -22.801546 ], [ -43.177051, -22.801582599999971 ], [ -43.1769645, -22.8015004 ], [ -43.1773218, -22.8015185 ], [ -43.1773055, -22.801546 ] ] ] } },
{ "type": "Feature", "properties": { "porto": "Belo Monte Logística de Terminal", "classe": "Estação de transbordo", "tipo": "Estação de transbordo de cargas", "estado": null, "cidade": null, "fonte": "envelope estimado (800 m)", "osm_id": null, "osm_nome": null, "area_km2": 2.0073910339493906 }, "geometry": { "type": "Polygon", "coordinates": [ [ [ -51.744095065936506, -3.109442905754316 ], [ -51.74409126086303, -3.110160005951687 ], [ -51.74415601355998, -3.110874032763483 ], [ -51.744288701353881, -3.11157810970854 ], [ -51.744488047267218, -3.112265456115084 ], [ -51.744752132282684, -3.112929452423513 ], [ -51.745078413793856, -3.113563703937914 ], [ -51.745463750065909, -3.114162102411964 ], [ -51.745904430471697, -3.114718884877282 ], [ -51.746396211212776, -3.115228689146237 ], [ -51.746934356182088, -3.115686605455435 ], [ -51.747513682574805, -3.116088223752023 ], [ -51.748128610808294, -3.116429676167616 ], [ -51.748773218270117, -3.116707674270389 ], [ -51.749441296375899, -3.116919540736854 ], [ -51.750126410386841, -3.117063235137799 ], [ -51.750821961409791, -3.117137373590196 ], [ -51.751521249981678, -3.117141242085909 ], [ -51.752217540624613, -3.117074803368423 ], [ -51.752904126748582, -3.116938697291794 ], [ -51.753574395275386, -3.116734234657904 ], [ -51.754221890359908, -3.11646338459181 ], [ -51.754840375593936, -3.116128755576402 ], [ -51.755423894092196, -3.115733570329672 ], [ -51.755966825880904, -3.115281634765545 ], [ -51.756463942035516, -3.1147773013387 ], [ -51.756910455045578, -3.114225427125474 ], [ -51.757302064921475, -3.113631327044561 ], [ -51.757635000598931, -3.113000722669099 ], [ -51.757906056242874, -3.112339687122249 ], [ -51.758112622101507, -3.11165458658723 ], [ -51.758252709614119, -3.110952018995984 ], [ -51.758324970532065, -3.110238750485665 ], [ -51.758328709869616, -3.109521650236229 ], [ -51.758263892561487, -3.108807624315593 ], [ -51.758131143764089, -3.108103549170858 ], [ -51.757931742799286, -3.107416205404495 ], [ -51.757667610799992, -3.106752212474663 ], [ -51.757341292178168, -3.106117964947522 ], [ -51.75695593009479, -3.105519570916032 ], [ -51.756515236168937, -3.104962793177933 ], [ -51.756023454718594, -3.104452993739177 ], [ -51.755485321878098, -3.103995082177515 ], [ -51.754906019986159, -3.103593468363426 ], [ -51.754291127683857, -3.103252019992949 ], [ -51.753646566202832, -3.102974025342493 ], [ -51.752978542360424, -3.102762161602824 ], [ -51.752293488810132, -3.102618469098497 ], [ -51.751598002121639, -3.102544331639523 ], [ -51.750898779285677, -3.102540463195925 ], [ -51.750202553253935, -3.102606901022217 ], [ -51.749516028133449, -3.102743005298558 ], [ -51.748845814658118, -3.102947465292266 ], [ -51.748198366557425, -3.103218311979762 ], [ -51.747579918434042, -3.103552937007911 ], [ -51.746996425747106, -3.103948117812149 ], [ -51.746453507478464, -3.104400048649057 ], [ -51.745956392033115, -3.104904377245636 ], [ -51.745509866894238, -3.105456246711359 ], [ -51.745118232517562, -3.106050342309758 ], [ -51.74478526090892, -3.106680942640102 ], [ -51.744514159284172, -3.107341974734687 ], [ -51.744307539162179, -3.108027072542808 ], [ -51.74416739118891, -3.108729638237471 ], [ -51.744095065936506, -3.109442905754316 ] ] ] } },
{ "type": "Feature", "properties": { "porto": "TNA PETROLEO SABBA MANAUS", "classe": "Terminal de navegação (TNA)", "tipo": "TNA", "estado": null, "cidade": null, "fonte": "OSM (área portuária mapeada)", "osm_id": "way/166764250", "osm_nome": null, "area_km2": 0.016120846538879637 }, "geometry": { "type": "Polygon", "coordinates": [ [ [ -59.938572, -3.133344400000021 ], [ -59.9391693, -3.133033400000018 ], [ -59.9393187, -3.1329482 ], [ -59.9395234, -3.1326799 ], [ -59.9393946, -3.132096 ], [ -59.9393142, -3.131897800000018 ], [ -59.9392391, -3.131801400000016 ], [ -59.9391363, -3.1317377 ], [ -59.9390084, -3.131705 ], [ -59.9388747, -3.1317046 ], [ -59.93828640000001, -3.1320259 ], [ -59.9386157, -3.1331668 ], [ -59.9385436, -3.133202100000022 ], [ -59.938572, -3.133344400000021 ] ] ] } },
{ "type": "Feature", "properties": { "porto": "ATEM Manaus", "classe": "Terminal privado (TUP)", "tipo": "Terminal de uso privado", "estado": null, "cidade": null, "fonte": "OSM (área portuária mapeada)", "osm_id": "way/166764250", "osm_nome": null, "area_km2": 0.016120846538879637 }, "geometry": { "type": "Polygon", "coordinates": [ [ [ -59.938572, -3.133344400000021 ], [ -59.9391693, -3.133033400000018 ], [ -59.9393187, -3.1329482 ], [ -59.9395234, -3.1326799 ], [ -59.9393946, -3.132096 ], [ -59.9393142, -3.131897800000018 ], [ -59.9392391, -3.131801400000016 ], [ -59.9391363, -3.1317377 ], [ -59.9390084, -3.131705 ], [ -59.9388747, -3.1317046 ], [ -59.93828640000001, -3.1320259 ], [ -59.9386157, -3.1331668 ], [ -59.9385436, -3.133202100000022 ], [ -59.938572, -3.133344400000021 ] ] ] } },
{ "type": "Feature", "properties": { "porto": "TNA ATEM MANAUS", "classe": "Terminal de navegação (TNA)", "tipo": "TNA", "estado": null, "cidade": null, "fonte": "OSM (área portuária mapeada)", "osm_id": "way/166764250", "osm_nome": null, "area_km2": 0.016120846538879637 }, "geometry": { "type": "Polygon", "coordinates": [ [ [ -59.938572, -3.133344400000021 ], [ -59.9391693, -3.133033400000018 ], [ -59.9393187, -3.1329482 ], [ -59.9395234, -3.1326799 ], [ -59.9393946, -3.132096 ], [ -59.9393142, -3.131897800000018 ], [ -59.9392391, -3.131801400000016 ], [ -59.9391363, -3.1317377 ], [ -59.9390084, -3.131705 ], [ -59.9388747, -3.1317046 ], [ -59.93828640000001, -3.1320259 ], [ -59.9386157, -3.1331668 ], [ -59.9385436, -3.133202100000022 ], [ -59.938572, -3.133344400000021 ] ] ] } },
{ "type": "Feature", "properties": { "porto": "TNA PETROBRAS MANAUS", "classe": "Terminal de navegação (TNA)", "tipo": "TNA", "estado": null, "cidade": null, "fonte": "OSM (área portuária mapeada)", "osm_id": "way/166764250", "osm_nome": null, "area_km2": 0.016120846538879637 }, "geometry": { "type": "Polygon", "coordinates": [ [ [ -59.938572, -3.133344400000021 ], [ -59.9391693, -3.133033400000018 ], [ -59.9393187, -3.1329482 ], [ -59.9395234, -3.1326799 ], [ -59.9393946, -3.132096 ], [ -59.9393142, -3.131897800000018 ], [ -59.9392391, -3.131801400000016 ], [ -59.9391363, -3.1317377 ], [ -59.9390084, -3.131705 ], [ -59.9388747, -3.1317046 ], [ -59.93828640000001, -3.1320259 ], [ -59.9386157, -3.1331668 ], [ -59.9385436, -3.133202100000022 ], [ -59.938572, -3.133344400000021 ] ] ] } },
{ "type": "Feature", "properties": { "porto": "TNA IPIRANGA MANAUS", "classe": "Terminal de navegação (TNA)", "tipo": "TNA", "estado": null, "cidade": null, "fonte": "OSM (área portuária mapeada)", "osm_id": "way/166764250", "osm_nome": null, "area_km2": 0.016120846538879637 }, "geometry": { "type": "Polygon", "coordinates": [ [ [ -59.938572, -3.133344400000021 ], [ -59.9391693, -3.133033400000018 ], [ -59.9393187, -3.1329482 ], [ -59.9395234, -3.1326799 ], [ -59.9393946, -3.132096 ], [ -59.9393142, -3.131897800000018 ], [ -59.9392391, -3.131801400000016 ], [ -59.9391363, -3.1317377 ], [ -59.9390084, -3.131705 ], [ -59.9388747, -3.1317046 ], [ -59.93828640000001, -3.1320259 ], [ -59.9386157, -3.1331668 ], [ -59.9385436, -3.133202100000022 ], [ -59.938572, -3.133344400000021 ] ] ] } },
{ "type": "Feature", "properties": { "porto": "J A Leite Navegação", "classe": "Estação de transbordo", "tipo": "Estação de transbordo de cargas", "estado": null, "cidade": null, "fonte": "OSM (área portuária mapeada)", "osm_id": "way/948435300", "osm_nome": "Plataforma Malcher", "area_km2": 0.01713349117779181 }, "geometry": { "type": "Polygon", "coordinates": [ [ [ -60.029926, -3.134653299999965 ], [ -60.0303635, -3.1356193 ], [ -60.0291188, -3.1361362 ], [ -60.0289278, -3.1356501 ], [ -60.0288353, -3.1355824 ], [ -60.0287799, -3.1355516 ], [ -60.0287121, -3.135404 ], [ -60.0286998, -3.1352625 ], [ -60.0290449, -3.135164 ], [ -60.0289956, -3.1350594 ], [ -60.029926, -3.134653299999965 ] ] ] } },
{ "type": "Feature", "properties": { "porto": "Itaqui", "classe": "Porto organizado", "tipo": "Porto Organizado", "estado": "MA", "cidade": "São Luís", "fonte": "OSM (área portuária mapeada)", "osm_id": "way/574993397", "osm_nome": "Terminal da Ponta da Madeira", "area_km2": 0.003233258224153612 }, "geometry": { "type": "Polygon", "coordinates": [ [ [ -44.3794934, -2.5554736 ], [ -44.3806028, -2.556621400000011 ], [ -44.3804258, -2.5567821 ], [ -44.3801791, -2.5565303 ], [ -44.3802488, -2.5564392 ], [ -44.3800074, -2.5561605 ], [ -44.3799377, -2.5562248 ], [ -44.3795675, -2.5558497 ], [ -44.379648, -2.5557639 ], [ -44.3795436, -2.5556598 ], [ -44.3794934, -2.5554736 ] ] ] } },
{ "type": "Feature", "properties": { "porto": "Itaguaí (Sepetiba) ", "classe": "Porto organizado", "tipo": "Porto Organizado", "estado": "RJ", "cidade": "Itaguaí", "fonte": "OSM (área portuária mapeada)", "osm_id": "way/136531708", "osm_nome": null, "area_km2": 0.012388502031838515 }, "geometry": { "type": "Polygon", "coordinates": [ [ [ -43.8471552, -22.9038507 ], [ -43.848151, -22.9049405 ], [ -43.8479562, -22.9050988 ], [ -43.8468266, -22.905054399999965 ], [ -43.8467415, -22.904037599999967 ], [ -43.8471552, -22.9038507 ] ] ] } },
{ "type": "Feature", "properties": { "porto": "Base de Cruzeiro do Sul - BASUL II", "classe": "Estação de transbordo", "tipo": "Estação de transbordo de cargas", "estado": null, "cidade": null, "fonte": "OSM (área portuária mapeada)", "osm_id": "way/915379021", "osm_nome": null, "area_km2": 0.00062086106664941006 }, "geometry": { "type": "Polygon", "coordinates": [ [ [ -72.6453875, -7.619652899999977 ], [ -72.6453365, -7.6196538 ], [ -72.6453352, -7.6197283 ], [ -72.6451649, -7.619733500000027 ], [ -72.6451615, -7.619870499999984 ], [ -72.6455173, -7.619855600000012 ], [ -72.6455169, -7.6197309 ], [ -72.6453862, -7.619728299999979 ], [ -72.6453875, -7.619652899999977 ] ] ] } },
{ "type": "Feature", "properties": { "porto": "Itaipava Itaituba", "classe": "Estação de transbordo", "tipo": "Estação de transbordo de cargas", "estado": null, "cidade": null, "fonte": "envelope estimado (800 m)", "osm_id": null, "osm_nome": null, "area_km2": 2.0073910339493422 }, "geometry": { "type": "Polygon", "coordinates": [ [ [ -56.011737485337655, -4.284041918878962 ], [ -56.011753510806827, -4.284754321322438 ], [ -56.011838506033826, -4.285461702138234 ], [ -56.011991653401338, -4.286157248839864 ], [ -56.012211478886883, -4.286834262892146 ], [ -56.012495866224967, -4.287486224223663 ], [ -56.012842077258107, -4.288106854020458 ], [ -56.01324677828196, -4.288690175197233 ], [ -56.013706072131491, -4.289230569963133 ], [ -56.014215535700338, -4.289722833927411 ], [ -56.014770262532096, -4.290162226224297 ], [ -56.015364910073906, -4.290544515173802 ], [ -56.015993751137003, -4.290866019038453 ], [ -56.01665072906831, -4.29112364148386 ], [ -56.017329516101256, -4.291314901401199 ], [ -56.018023574322903, -4.291437956803767 ], [ -56.018726218669244, -4.291491622568526 ], [ -56.019430681340751, -4.291475381850609 ], [ -56.02013017701654, -4.291389391061264 ], [ -56.020817968237587, -4.291234478361613 ], [ -56.021487430328058, -4.291012135685848 ], [ -56.02213211522799, -4.29072450437173 ], [ -56.022745813621384, -4.290374354536056 ], [ -56.023322614760204, -4.2899650583944 ], [ -56.023856963407255, -4.289500557781489 ], [ -56.024343713348642, -4.288985326185845 ], [ -56.024778176960254, -4.288424325664108 ], [ -56.025156170350385, -4.287822959049935 ], [ -56.025474053644089, -4.287187017918368 ], [ -56.025728766021416, -4.286522626806383 ], [ -56.025917855172956, -4.285836184227382 ], [ -56.026039500889574, -4.285134301047541 ], [ -56.026092532560384, -4.284423736817716 ], [ -56.026076440411693, -4.283711334673916 ], [ -56.025991380379821, -4.283003955433879 ], [ -56.025838172572492, -4.282308411523612 ], [ -56.025618293334858, -4.281631401370817 ], [ -56.025333860998096, -4.280979444897255 ], [ -56.024987615448907, -4.280358820730094 ], [ -56.024582891718133, -4.279775505738237 ], [ -56.02412358784337, -4.279235117475024 ], [ -56.023614127316286, -4.278742860081159 ], [ -56.023059416476364, -4.278303474169928 ], [ -56.022464797261911, -4.277921191176008 ], [ -56.021835995773102, -4.277599692607954 ], [ -56.021179067142178, -4.277342074596556 ], [ -56.020500337241131, -4.277150818080363 ], [ -56.019806341787351, -4.277027764915256 ], [ -56.019103763432717, -4.276974100138371 ], [ -56.018399367440729, -4.276990340556544 ], [ -56.017699936569819, -4.277076329770049 ], [ -56.017012205788582, -4.277231239678452 ], [ -56.0163427974502, -4.277453578454663 ], [ -56.015698157548954, -4.27774120491086 ], [ -56.015084493671594, -4.278091349116933 ], [ -56.014507715239702, -4.278500639073638 ], [ -56.013973376617884, -4.278965133183894 ], [ -56.013486623634734, -4.279480358209094 ], [ -56.013052144031285, -4.280041352345175 ], [ -56.01267412231379, -4.280642713003729 ], [ -56.012356199445811, -4.281278648838734 ], [ -56.012101437768095, -4.281943035516709 ], [ -56.011912291484656, -4.282629474694597 ], [ -56.01179058300017, -4.283331355636943 ], [ -56.011737485337655, -4.284041918878962 ] ] ] } },
{ "type": "Feature", "properties": { "porto": "Metasa SA Indústria Metalurgica", "classe": "Terminal privado (TUP)", "tipo": "Terminal de uso privado", "estado": null, "cidade": null, "fonte": "envelope estimado (1000 m)", "osm_id": null, "osm_nome": null, "area_km2": 3.1365484905459162 }, "geometry": { "type": "Polygon", "coordinates": [ [ [ -51.560601865323385, -29.94072061610683 ], [ -51.560594764593027, -29.941563801124651 ], [ -51.560692302972789, -29.942403476904328 ], [ -51.560893543282958, -29.943231556722431 ], [ -51.561196549517597, -29.944040065337674 ], [ -51.56159840541067, -29.944821215811398 ], [ -51.562095242450162, -29.945567484521511 ], [ -51.56268227707325, -29.946271683646586 ], [ -51.563353856686554, -29.946927030421044 ], [ -51.56410351407024, -29.947527212493068 ], [ -51.564924029643244, -29.948066448754695 ], [ -51.56580750099058, -29.948539545056356 ], [ -51.566745418983416, -29.94894194426843 ], [ -51.56772874975794, -29.949269770205294 ], [ -51.568748021762623, -29.949519864988392 ], [ -51.569793417033537, -29.949689819486554 ], [ -51.570854865816564, -29.949777996539648 ], [ -51.571922143622558, -29.949783546740804 ], [ -51.5729849697776, -29.949706416625066 ], [ -51.57403310651636, -29.949547349184662 ], [ -51.575056457660672, -29.949307876706534 ], [ -51.576045165929997, -29.948990306000685 ], [ -51.576989707943525, -29.94859769616313 ], [ -51.577880985996231, -29.948133829087386 ], [ -51.578710415722789, -29.947603173010339 ], [ -51.579470008803099, -29.947010839444349 ], [ -51.580152449911843, -29.946362533912041 ], [ -51.580751167170106, -29.94566450095946 ], [ -51.581260395420728, -29.944923463978949 ], [ -51.581675231718464, -29.944146560422521 ], [ -51.581991682501872, -29.943341273031294 ], [ -51.582206701994323, -29.942515357744234 ], [ -51.582318221466629, -29.941676768981981 ], [ -51.582325169082189, -29.940833583025874 ], [ -51.582227480136446, -29.939993920230769 ], [ -51.582026097595296, -29.939165866821071 ], [ -51.581722962930513, -29.938357397023207 ], [ -51.581320997343646, -29.937576296284124 ], [ -51.580824073562169, -29.936830086314629 ], [ -51.580236978482368, -29.936125952678779 ], [ -51.579565367020926, -29.935470675625478 ], [ -51.578815707621587, -29.93487056482714 ], [ -51.577995219942885, -29.934331398652731 ], [ -51.577111805327831, -29.933858368558386 ], [ -51.57617397072508, -29.933456029129484 ], [ -51.575190746793787, -29.933128254254189 ], [ -51.574171600979575, -29.932878199848723 ], [ -51.57312634639694, -29.932708273492707 ], [ -51.572065047393416, -29.932620111264644 ], [ -51.570997922702233, -29.932614562001774 ], [ -51.569935247113172, -29.932691679132912 ], [ -51.568887252605393, -29.932850720164886 ], [ -51.567864029891233, -29.933090153825646 ], [ -51.566875431315694, -29.933407674796864 ], [ -51.565930976044157, -29.933800225893791 ], [ -51.565039758448158, -29.934264027480303 ], [ -51.564210360569739, -29.934794613836214 ], [ -51.563450769505067, -29.935386876128533 ], [ -51.562768300502029, -29.93603511157362 ], [ -51.562169526511482, -29.936733078318877 ], [ -51.561660214870784, -29.937474055516212 ], [ -51.561245271729817, -29.938250908011071 ], [ -51.560928694755937, -29.939056155024645 ], [ -51.560713534575207, -29.939882042169611 ], [ -51.560601865323385, -29.94072061610683 ] ] ] } },
{ "type": "Feature", "properties": { "porto": "Base Secundária Ipiranga de Porto Velho", "classe": "Terminal privado (TUP)", "tipo": "Terminal de uso privado", "estado": null, "cidade": null, "fonte": "envelope estimado (1000 m)", "osm_id": null, "osm_nome": null, "area_km2": 3.136548490546164 }, "geometry": { "type": "Polygon", "coordinates": [ [ [ -63.909366642775552, -8.730229699618452 ], [ -63.909434551562271, -8.731099323974963 ], [ -63.909590826929268, -8.731958360562341 ], [ -63.90983396535885, -8.732798536289998 ], [ -63.910161626660219, -8.733611759656426 ], [ -63.910570656454382, -8.734390198680181 ], [ -63.91105711650718, -8.735126356333842 ], [ -63.911616322620326, -8.735813142753441 ], [ -63.91224288971663, -8.736443943527924 ], [ -63.912930783686605, -8.737012683410263 ], [ -63.913673379497311, -8.73751388483662 ], [ -63.91446352500418, -8.737942720689514 ], [ -63.91529360985092, -8.738295060795933 ], [ -63.916155638792979, -8.738567511712809 ], [ -63.917041308737396, -8.73875744941606 ], [ -63.91794208875546, -8.738863044577952 ], [ -63.918849302295705, -8.738883280189382 ], [ -63.919754210803234, -8.738817961356821 ], [ -63.920648097938091, -8.738667717179867 ], [ -63.921522353578901, -8.73843399469089 ], [ -63.922368556800734, -8.738119044915548 ], [ -63.923178557025658, -8.737725901188501 ], [ -63.923944552562553, -8.737258349933107 ], [ -63.924659165778031, -8.736720894187002 ], [ -63.925315514173121, -8.736118710225361 ], [ -63.925907276680185, -8.735457597699735 ], [ -63.926428754541107, -8.734743923772822 ], [ -63.926874926180318, -8.733984561788386 ], [ -63.927241495544401, -8.733186825066559 ], [ -63.927524933443856, -8.732358396462935 ], [ -63.927722511499852, -8.731507254370465 ], [ -63.927832328370627, -8.730641595876232 ], [ -63.927853328007046, -8.729769757814489 ], [ -63.927785309763429, -8.728900136475675 ], [ -63.92762893026871, -8.728041106744984 ], [ -63.927385697042155, -8.727200941449432 ], [ -63.92705795391754, -8.726387731689714 ], [ -63.926648858418311, -8.725609308924325 ], [ -63.926162351303596, -8.724873169555915 ], [ -63.925603118580291, -8.724186402745739 ], [ -63.924976546348148, -8.723555622151308 ], [ -63.924288668914073, -8.722986902244097 ], [ -63.92354611067551, -8.722485719820316 ], [ -63.922756022333139, -8.722056901267234 ], [ -63.921926012046491, -8.721704576092975 ], [ -63.921064072194788, -8.721432137166813 ], [ -63.920178502447321, -8.721242208052081 ], [ -63.919277829882247, -8.721136617746341 ], [ -63.918370726921715, -8.721116383072165 ], [ -63.917465927871085, -8.721181698887014 ], [ -63.916572144863963, -8.721331936207328 ], [ -63.91569798402012, -8.7215656482642 ], [ -63.914851862621518, -8.721880584432832 ], [ -63.914041928101675, -8.722273711901494 ], [ -63.913275979626682, -8.72274124487163 ], [ -63.912561393021377, -8.723278681008305 ], [ -63.911905049762126, -8.723880844789903 ], [ -63.911313270719162, -8.724541937340422 ], [ -63.910791755286098, -8.725255592264714 ], [ -63.910345526482381, -8.726014936949362 ], [ -63.909978882558207, -8.726812658739053 ], [ -63.909695355568388, -8.72764107535191 ], [ -63.909497677315457, -8.728492208855902 ], [ -63.909387752991677, -8.729357862493996 ], [ -63.909366642775552, -8.730229699618452 ] ] ] } },
{ "type": "Feature", "properties": { "porto": "F. H. de Oliveira Peixoto", "classe": "Estação de transbordo", "tipo": "Estação de transbordo de cargas", "estado": null, "cidade": null, "fonte": "envelope estimado (800 m)", "osm_id": null, "osm_nome": null, "area_km2": 2.0073910339493422 }, "geometry": { "type": "Polygon", "coordinates": [ [ [ -63.912178504559357, -8.706825866600001 ], [ -63.912232836229414, -8.707521634821687 ], [ -63.912357849335805, -8.708208931241995 ], [ -63.912552340893306, -8.708881136757711 ], [ -63.912814438715323, -8.709531777566486 ], [ -63.913141619410489, -8.710154587516607 ], [ -63.913530732655282, -8.710743568458279 ], [ -63.913978031510133, -8.711293048015078 ], [ -63.914479208487819, -8.711797734218123 ], [ -63.915029437027471, -8.712252766477878 ], [ -63.915623417975162, -8.712653762401152 ], [ -63.916255430623586, -8.712996860003271 ], [ -63.916919387818758, -8.713278754907599 ], [ -63.917608894602999, -8.713496732174757 ], [ -63.91831730982819, -8.713648692454223 ], [ -63.919037810145291, -8.713733172206371 ], [ -63.919763455752303, -8.713749357800378 ], [ -63.92048725726648, -8.713697093351479 ], [ -63.921202243075065, -8.713576882222682 ], [ -63.921901526514461, -8.713389882175941 ], [ -63.922578372229459, -8.713137894219889 ], [ -63.923226261071953, -8.712823345261487 ], [ -63.923838952912888, -8.712449264728697 ], [ -63.924410546761386, -8.712019255389762 ], [ -63.924935537611098, -8.71153745865001 ], [ -63.925408869465969, -8.711008514661044 ], [ -63.925825984033949, -8.710437517626266 ], [ -63.926182864619996, -8.709829966734016 ], [ -63.926476074795758, -8.709191713190425 ], [ -63.926702791474014, -8.708528903863375 ], [ -63.926860832070069, -8.707847922079091 ], [ -63.926948675489761, -8.707155326143326 ], [ -63.926965476742936, -8.706457786178049 ], [ -63.926911075043066, -8.705762019882984 ], [ -63.926785995316642, -8.705074727840049 ], [ -63.926591443109011, -8.704402528984179 ], [ -63.926329292937524, -8.703751896861872 ], [ -63.926002070205335, -8.703129097290992 ], [ -63.9256129268514, -8.702540128022385 ], [ -63.925165610972378, -8.701990660984041 ], [ -63.924664430709726, -8.701485987663636 ], [ -63.924114212750546, -8.701030968155715 ], [ -63.923520255842135, -8.700629984363367 ], [ -63.922888279768038, -8.70028689780511 ], [ -63.922224370276673, -8.700005012433165 ], [ -63.921534920492498, -8.699787042820601 ], [ -63.920826569373133, -8.699635088023756 ], [ -63.920106137804105, -8.699550611371544 ], [ -63.919380562945442, -8.699534426375713 ], [ -63.91865683146105, -8.699586688897973 ], [ -63.917941912272511, -8.699706895649431 ], [ -63.917242689483253, -8.699893889036325 ], [ -63.916565896117717, -8.70014586830591 ], [ -63.915918049312246, -8.700460406885107 ], [ -63.915305387580453, -8.700834475744761 ], [ -63.914733810756132, -8.701264472565276 ], [ -63.91420882319138, -8.70174625642237 ], [ -63.913735480756046, -8.702275187659525 ], [ -63.913318342148763, -8.702846172563355 ], [ -63.91296142498841, -8.703453712411793 ], [ -63.912668167108833, -8.704091956422944 ], [ -63.91244139343052, -8.704754758095444 ], [ -63.912283288728631, -8.705435734397096 ], [ -63.912195376560867, -8.706128327232923 ], [ -63.912178504559357, -8.706825866600001 ] ] ] } },
{ "type": "Feature", "properties": { "porto": "Ciagram Portos e Navegação da Amazônia", "classe": "Estação de transbordo", "tipo": "Estação de transbordo de cargas", "estado": null, "cidade": null, "fonte": "envelope estimado (800 m)", "osm_id": null, "osm_nome": null, "area_km2": 2.0073910339493422 }, "geometry": { "type": "Polygon", "coordinates": [ [ [ -63.018343885372225, -7.485271668159189 ], [ -63.018393527690435, -7.485971489123402 ], [ -63.018513315025984, -7.486663195862733 ], [ -63.018702094708779, -7.487340126810356 ], [ -63.018958049552346, -7.487995762669793 ], [ -63.019278715320979, -7.488623789202334 ], [ -63.019661004432947, -7.48921815804068 ], [ -63.02010123567235, -7.48977314494307 ], [ -63.020595169624357, -7.490283404926355 ], [ -63.021138049493459, -7.490744023747183 ], [ -63.0217246469117, -7.491150565234906 ], [ -63.022349312296043, -7.491499114020544 ], [ -63.023006029269602, -7.491786313249785 ], [ -63.023688472622119, -7.492009396916686 ], [ -63.024390069250884, -7.492166216506385 ], [ -63.025104061493963, -7.492255261690252 ], [ -63.02582357224501, -7.492275674873897 ], [ -63.026541671220748, -7.492227259457882 ], [ -63.027251441741953, -7.492110481731295 ], [ -63.02794604738299, -7.491926466380343 ], [ -63.028618797846804, -7.49167698565511 ], [ -63.029263213429338, -7.491364442298499 ], [ -63.029873087451428, -7.49099184640238 ], [ -63.030442546055809, -7.490562786414046 ], [ -63.030966104792306, -7.490081394571551 ], [ -63.031438721445802, -7.489552307102477 ], [ -63.0318558445978, -7.488980619567815 ], [ -63.032213457453707, -7.488371837783199 ], [ -63.032508116514116, -7.487731824788844 ], [ -63.032736984718092, -7.487066744380087 ], [ -63.032897858739922, -7.486383001741797 ], [ -63.032989190177652, -7.485687181759464 ], [ -63.033010100430303, -7.484985985600383 ], [ -63.03296038912201, -7.484286166176054 ], [ -63.032840535993238, -7.483594463107908 ], [ -63.032651696242446, -7.482917537821617 ], [ -63.032395689364527, -7.482261909396117 ], [ -63.03207498159481, -7.481633891784509 ], [ -63.031692662129117, -7.481039533011137 ], [ -63.031252413349833, -7.48048455693107 ], [ -63.030758475345813, -7.479974308111532 ], [ -63.0302156050683, -7.479513700366831 ], [ -63.029629030516638, -7.479107169442017 ], [ -63.029004400395131, -7.478758630300097 ], [ -63.028347729725525, -7.478471439424815 ], [ -63.027665341938636, -7.47824836250109 ], [ -63.026963808001852, -7.47809154778458 ], [ -63.026249883167822, -7.478002505416668 ], [ -63.025530441952469, -7.477982092883527 ], [ -63.024812411966806, -7.478030506759658 ], [ -63.024102707238846, -7.47814728081512 ], [ -63.023408161665792, -7.478331290504717 ], [ -63.022735463236337, -7.478580763795967 ], [ -63.022091089654886, -7.478893298231713 ], [ -63.021481245986507, -7.479265884062816 ], [ -63.020911804922015, -7.479694933228852 ], [ -63.020388250237538, -7.480176313907594 ], [ -63.019915623992453, -7.480705390300539 ], [ -63.019498477973869, -7.481277067272277 ], [ -63.019140829855132, -7.481885839413207 ], [ -63.018846124490771, -7.482525844053581 ], [ -63.018617200721152, -7.483190917719205 ], [ -63.018456264007362, -7.483874655484305 ], [ -63.018364865160571, -7.48457047265064 ], [ -63.018343885372225, -7.485271668159189 ] ] ] } },
{ "type": "Feature", "properties": { "porto": "Rio Amazonas Terminais e Empreendimentos", "classe": "Estação de transbordo", "tipo": "Estação de transbordo de cargas", "estado": null, "cidade": null, "fonte": "envelope estimado (800 m)", "osm_id": null, "osm_nome": null, "area_km2": 2.0073910339493461 }, "geometry": { "type": "Polygon", "coordinates": [ [ [ -59.85116976944127, -3.081695987696861 ], [ -59.851203388286457, -3.082412378688703 ], [ -59.851305294531045, -3.08312193678284 ], [ -59.851474507668264, -3.083817828527093 ], [ -59.851709398918558, -3.084493352071284 ], [ -59.852007706883484, -3.085142001710851 ], [ -59.852366559296073, -3.085757530541966 ], [ -59.852782500659153, -3.086334010624753 ], [ -59.853251525506522, -3.086865890074936 ], [ -59.853769116967108, -3.087348046533894 ], [ -59.854330290261302, -3.087775836502689 ], [ -59.854929640710544, -3.088145140063988 ], [ -59.855561395797864, -3.088452400561608 ], [ -59.856219470777461, -3.088694658855454 ], [ -59.856897527297136, -3.088869581821917 ], [ -59.857589034468141, -3.088975484824426 ], [ -59.858287331793278, -3.089011347939009 ], [ -59.858985693345929, -3.088976825777332 ], [ -59.859677392580572, -3.088872250813369 ], [ -59.860355767149315, -3.088698630181129 ], [ -59.861014283098761, -3.088457635974701 ], [ -59.861646597827665, -3.088151589143694 ], [ -59.862246621197826, -3.087783437139731 ], [ -59.862808574208579, -3.087356725528772 ], [ -59.863327044668857, -3.086875563842889 ], [ -59.863797039330287, -3.08634458600083 ], [ -59.864214031978413, -3.085768905678166 ], [ -59.864574007019201, -3.085154067057195 ], [ -59.864873498140867, -3.084505991430813 ], [ -59.86510962167921, -3.083830920174919 ], [ -59.865280104365951, -3.083135354638486 ], [ -59.865383305193397, -3.082425993530422 ], [ -59.86541823118624, -3.081709668406023 ], [ -59.865384546929619, -3.080993277874632 ], [ -59.865282577763217, -3.080283721161865 ], [ -59.865113306611839, -3.079587831666831 ], [ -59.864878364484497, -3.07891231115327 ], [ -59.864580014734806, -3.078263665209297 ], [ -59.864221131235517, -3.07764814059672 ], [ -59.863805170678425, -3.077071665093314 ], [ -59.863336139267354, -3.07653979040739 ], [ -59.862818554125624, -3.076057638714431 ], [ -59.86225739979001, -3.075629853330186 ], [ -59.861658080210503, -3.075260553995943 ], [ -59.861026366717752, -3.074953297205273 ], [ -59.860368342459125, -3.074711041955897 ], [ -59.859690343837642, -3.074536121254513 ], [ -59.858998899517047, -3.074430219650493 ], [ -59.858300667579215, -3.074394357014202 ], [ -59.857602371437999, -3.07442887871541 ], [ -59.856910735125169, -3.074533452298021 ], [ -59.856232418570592, -3.074707070681008 ], [ -59.855573953498201, -3.07494806185684 ], [ -59.854941680554049, -3.075254104992252 ], [ -59.854341688270587, -3.075622252777643 ], [ -59.853779754453853, -3.076048959809221 ], [ -59.853261290557271, -3.076530116730879 ], [ -59.852791289576999, -3.077061089806939 ], [ -59.852374277970277, -3.077636765545019 ], [ -59.852014272059755, -3.078251599938968 ], [ -59.851714739343521, -3.078899671858402 ], [ -59.851478565084207, -3.079574740069805 ], [ -59.851308024499275, -3.080270303341178 ], [ -59.851204760821425, -3.080979663050736 ], [ -59.85116976944127, -3.081695987696861 ] ] ] } },
{ "type": "Feature", "properties": { "porto": "ATEM PVH", "classe": "Terminal privado (TUP)", "tipo": "Terminal de uso privado", "estado": null, "cidade": null, "fonte": "envelope estimado (1000 m)", "osm_id": null, "osm_nome": null, "area_km2": 3.136548490546164 }, "geometry": { "type": "Polygon", "coordinates": [ [ [ -63.907944411399129, -8.70234564343159 ], [ -63.908012298677264, -8.703215371839358 ], [ -63.908168535709081, -8.704074512011404 ], [ -63.908411619345515, -8.704914789859888 ], [ -63.908739209922977, -8.705728112900243 ], [ -63.909148153743111, -8.706506648191731 ], [ -63.909634513399432, -8.707242897780471 ], [ -63.910193605660261, -8.707929770918005 ], [ -63.910820046544778, -8.708560652358923 ], [ -63.911507803158983, -8.709129466080196 ], [ -63.912250251792848, -8.709630733807808 ], [ -63.91304024171945, -8.710059627786533 ], [ -63.913870164081153, -8.710412017284302 ], [ -63.91473202519866, -8.710684508383071 ], [ -63.915617523595763, -8.710874476672275 ], [ -63.916518129996426, -8.710980092530047 ], [ -63.917425169521785, -8.711000338748068 ], [ -63.918329905293433, -8.710935020330783 ], [ -63.919223622635549, -8.710784766373608 ], [ -63.920097713062518, -8.710551024002811 ], [ -63.92094375724102, -8.710236044435117 ], [ -63.921753606125215, -8.709842861291412 ], [ -63.92251945948184, -8.709375261374037 ], [ -63.923233941047002, -8.708837748188442 ], [ -63.923890169589704, -8.708235498562102 ], [ -63.924481825196558, -8.707574312778114 ], [ -63.925003210138833, -8.706860558703793 ], [ -63.925449303735583, -8.706101110454011 ], [ -63.925815810684632, -8.705303282178839 ], [ -63.926099202397168, -8.704474757615023 ], [ -63.926296750938619, -8.703623516079105 ], [ -63.926406555250914, -8.702757755615496 ], [ -63.926427559405255, -8.701885814040297 ], [ -63.926359562711852, -8.701016088640765 ], [ -63.9262032215915, -8.700156955304402 ], [ -63.925960043193328, -8.699316687856292 ], [ -63.925632370822576, -8.698503378381373 ], [ -63.925223361320853, -8.697724859299123 ], [ -63.924736954618773, -8.696988627940378 ], [ -63.924177835755955, -8.69630177435317 ], [ -63.923551389735501, -8.695670913031513 ], [ -63.922863649648789, -8.695102119225322 ], [ -63.922121238570718, -8.694600870443207 ], [ -63.921331305784939, -8.694171993712388 ], [ -63.920501457953215, -8.693819619102106 ], [ -63.919639685890708, -8.693547139958266 ], [ -63.918754287651261, -8.69335718023201 ], [ -63.91785378866193, -8.693251569216176 ], [ -63.916946859673821, -8.693231323932944 ], [ -63.916042233317441, -8.693296639342014 ], [ -63.915148620063874, -8.693446886463528 ], [ -63.914274624398629, -8.693680618433932 ], [ -63.913428662013423, -8.69399558443617 ], [ -63.912618878810797, -8.694388751370639 ], [ -63.911853072499937, -8.694856333057999 ], [ -63.911138617536778, -8.695393826693298 ], [ -63.910482394130014, -8.695996056200354 ], [ -63.909890721995666, -8.696657222069311 ], [ -63.909369299497584, -8.697370957198082 ], [ -63.908923148760024, -8.698130388199989 ], [ -63.908556567280982, -8.698928201587657 ], [ -63.908273086513461, -8.699756714196553 ], [ -63.908075437814347, -8.700607947169502 ], [ -63.907965526090727, -8.701473702791199 ], [ -63.907944411399129, -8.70234564343159 ] ] ] } },
{ "type": "Feature", "properties": { "porto": "Norte Log", "classe": "Estação de transbordo", "tipo": "Estação de transbordo de cargas", "estado": null, "cidade": null, "fonte": "envelope estimado (800 m)", "osm_id": null, "osm_nome": null, "area_km2": 2.0073910339493608 }, "geometry": { "type": "Polygon", "coordinates": [ [ [ -48.445370633422478, -1.277523171586626 ], [ -48.445351816232858, -1.278247566442555 ], [ -48.445400809698228, -1.278970403869681 ], [ -48.445517142900236, -1.279684722544433 ], [ -48.445699696358965, -1.280383643177907 ], [ -48.445946712780604, -1.281060434767564 ], [ -48.446255813950579, -1.281708579421 ], [ -48.446624023610539, -1.282321835127631 ], [ -48.447047796100115, -1.282894295873372 ], [ -48.447523050488101, -1.283420448519951 ], [ -48.448045209865292, -1.28389522590068 ], [ -48.448609245420627, -1.284314055620825 ], [ -48.449209724876475, -1.284672904093616 ], [ -48.44984086481616, -1.284968315386886 ], [ -48.450496586399602, -1.285197444506605 ], [ -48.451170573929559, -1.285358084796447 ], [ -48.451856335703688, -1.285448689189935 ], [ -48.452547266565276, -1.28546838511 ], [ -48.453236711548868, -1.285416982872498 ], [ -48.453918030006818, -1.28529497751328 ], [ -48.454584659597472, -1.285103544020396 ], [ -48.455230179517656, -1.284844526017957 ], [ -48.455848372369125, -1.284520418010446 ], [ -48.456433284061973, -1.284134341358685 ], [ -48.456979281177048, -1.283690014218207 ], [ -48.457481105234265, -1.283191715730666 ], [ -48.457933923343468, -1.28264424481208 ], [ -48.458333374749685, -1.282052873935686 ], [ -48.45867561282455, -1.28142329835371 ], [ -48.458957342099694, -1.280761581248371 ], [ -48.459175849985712, -1.280074095338765 ], [ -48.459329032872169, -1.279367461507426 ], [ -48.459415416358105, -1.27864848503697 ], [ -48.459434169419232, -1.277924090071014 ], [ -48.459385112376751, -1.277201252930508 ], [ -48.459268718592241, -1.276486934928061 ], [ -48.45908610987378, -1.275788015326691 ], [ -48.458839045638776, -1.275111225089288 ], [ -48.458529905939258, -1.274463082056357 ], [ -48.458161668514208, -1.273849828176157 ], [ -48.457737880091031, -1.273277369392603 ], [ -48.457262622213229, -1.27275121876846 ], [ -48.456740471924135, -1.272276443392828 ], [ -48.456176457685551, -1.271857615583317 ], [ -48.455576010955916, -1.271498768853309 ], [ -48.454944913894252, -1.271203359067978 ], [ -48.454289243692877, -1.270974231163439 ], [ -48.453615314074426, -1.270813591749269 ], [ -48.452929614515753, -1.270722987858296 ], [ -48.452238747782665, -1.270703292048293 ], [ -48.451549366376177, -1.270754693999175 ], [ -48.450868108500728, -1.270876698686087 ], [ -48.450201534169807, -1.271068131146834 ], [ -48.449556062062989, -1.271327147797001 ], [ -48.448937907741069, -1.271651254184007 ], [ -48.448353023813297, -1.27203732900937 ], [ -48.44780704263183, -1.272481654187645 ], [ -48.447305222064422, -1.272979950652751 ], [ -48.446852394867122, -1.273527419566241 ], [ -48.446452922144168, -1.274118788531982 ], [ -48.446110651343076, -1.274748362371192 ], [ -48.445828879189918, -1.275410077968593 ], [ -48.44561031992184, -1.276097562663036 ], [ -48.445457079123869, -1.276804195618736 ], [ -48.445370633422478, -1.277523171586626 ] ] ] } },
{ "type": "Feature", "properties": { "porto": "Terminal Intermodal de Conchas", "classe": "Estação de transbordo", "tipo": "Estação de transbordo de cargas", "estado": null, "cidade": null, "fonte": "OSM (área portuária mapeada)", "osm_id": "way/285840153", "osm_nome": "Porto Intermodal de Conchas", "area_km2": 0.029322433565607299 }, "geometry": { "type": "Polygon", "coordinates": [ [ [ -48.00336930000001, -22.8691126 ], [ -48.0050723, -22.8690121 ], [ -48.0052744, -22.869848899999987 ], [ -48.0052328, -22.870013 ], [ -48.0051349, -22.870125400000031 ], [ -48.0050598, -22.870246500000015 ], [ -48.0050182, -22.8703849 ], [ -48.0050249, -22.8708903 ], [ -48.0048658, -22.8709079 ], [ -48.0047608, -22.87091950000001 ], [ -48.0047066, -22.8709254 ], [ -48.0046736, -22.8706951 ], [ -48.0043826, -22.870454099999975 ], [ -48.0036806, -22.8705775 ], [ -48.0034366, -22.869737400000016 ], [ -48.0034035, -22.869335400000018 ], [ -48.00336930000001, -22.8691126 ] ] ] } },
{ "type": "Feature", "properties": { "porto": "Porto Eldorado", "classe": "Terminal privado (TUP)", "tipo": "Terminal de uso privado", "estado": null, "cidade": null, "fonte": "envelope estimado (1000 m)", "osm_id": null, "osm_nome": null, "area_km2": 3.136548490545898 }, "geometry": { "type": "Polygon", "coordinates": [ [ [ -51.579374415467541, -20.593410719291345 ], [ -51.579367953172138, -20.594253795354653 ], [ -51.579458529538321, -20.595093350382008 ], [ -51.579645274130755, -20.595921298878093 ], [ -51.579926390258294, -20.596729666999256 ], [ -51.580299172209415, -20.597510669355241 ], [ -51.580760031248559, -20.598256784000988 ], [ -51.581304530125401, -20.598960824894707 ], [ -51.581927425766708, -20.599616011124752 ], [ -51.582622719741181, -20.600216032236798 ], [ -51.583383716012527, -20.60075510903236 ], [ -51.584203085424939, -20.601228049251024 ], [ -51.585072936300151, -20.601630297600099 ], [ -51.585984890465632, -20.60195797964839 ], [ -51.586930163980689, -20.602207939160685 ], [ -51.587899651781449, -20.602377768512191 ], [ -51.588884015427723, -20.602465831890072 ], [ -51.589873773104237, -20.602471281057152 ], [ -51.590859391007037, -20.602394063526386 ], [ -51.591831375232104, -20.602234923066522 ], [ -51.59278036327855, -20.601995392534665 ], [ -51.593697214282301, -20.601677779104371 ], [ -51.594573097108729, -20.601285142032435 ], [ -51.59539957545357, -20.600821263178602 ], [ -51.596168689130344, -20.600290610563029 ], [ -51.596873030760101, -20.599698295313353 ], [ -51.59750581712364, -20.599050022416439 ], [ -51.598060954488531, -20.598352035750704 ], [ -51.598533097281781, -20.597611057928962 ], [ -51.598917699543591, -20.596834225532124 ], [ -51.599211058667692, -20.596029020358493 ], [ -51.599410351008579, -20.595203197351719 ], [ -51.599513659014676, -20.594364709901861 ], [ -51.599519989628455, -20.593521633239693 ], [ -51.59942928377879, -20.592682086662791 ], [ -51.599242416876983, -20.591854155341707 ], [ -51.598961190314476, -20.591045812460074 ], [ -51.598588314046737, -20.590264842438192 ], [ -51.598127380433866, -20.589518765978585 ], [ -51.597582829592014, -20.588814767655492 ], [ -51.596959906591408, -20.588159626744691 ], [ -51.596264610914716, -20.587559651958852 ], [ -51.595503638663679, -20.587020620716128 ], [ -51.59468431807101, -20.586547723526472 ], [ -51.593814538938851, -20.586145514028932 ], [ -51.592902676682698, -20.585817865161633 ], [ -51.591957511711215, -20.585567931884732 ], [ -51.590988144917013, -20.585398120814741 ], [ -51.590003910090054, -20.585310067061997 ], [ -51.589014284095171, -20.585304618493744 ], [ -51.588028795675854, -20.58538182757405 ], [ -51.587056933760152, -20.585540950858924 ], [ -51.586108056148674, -20.585780456151234 ], [ -51.585191299461542, -20.58609803724741 ], [ -51.584315491208834, -20.586490636133234 ], [ -51.58348906482901, -20.586954472416419 ], [ -51.582719978511548, -20.587485079712756 ], [ -51.582015638583989, -20.588077348636251 ], [ -51.581382828200148, -20.588725575980305 ], [ -51.580827642015514, -20.58942351961705 ], [ -51.580355427479205, -20.590164458587267 ], [ -51.579970733308066, -20.590941257803102 ], [ -51.579677265640392, -20.591746436741339 ], [ -51.579477852292953, -20.592572241466595 ], [ -51.579374415467541, -20.593410719291345 ] ] ] } },
{ "type": "Feature", "properties": { "porto": "Estação ADM Armazéns Gerais", "classe": "Estação de transbordo", "tipo": "Estação de transbordo de cargas", "estado": null, "cidade": null, "fonte": "envelope estimado (800 m)", "osm_id": null, "osm_nome": null, "area_km2": 2.0073910339494612 }, "geometry": { "type": "Polygon", "coordinates": [ [ [ -47.665892284909305, -22.694353148131128 ], [ -47.665866228924216, -22.69502576965456 ], [ -47.665919151061445, -22.69569728731582 ], [ -47.666050542895263, -22.696361233970705 ], [ -47.666259140237884, -22.69701121529755 ], [ -47.66654293526868, -22.697640971383908 ], [ -47.666899195828833, -22.698244437022119 ], [ -47.667324491697279, -22.698815800132319 ], [ -47.667814727596316, -22.699349557750718 ], [ -47.66836518261006, -22.699840569042212 ], [ -47.668970555636982, -22.700284104827105 ], [ -47.669625016439284, -22.700675893143984 ], [ -47.670322261797629, -22.701012160408848 ], [ -47.671055576230081, -22.701289667774134 ], [ -47.671817896690023, -22.701505742336508 ], [ -47.672601880618956, -22.70165830289174 ], [ -47.67339997669761, -22.701745879989168 ], [ -47.674204497612571, -22.701767630091258 ], [ -47.675007694135857, -22.701723343702021 ], [ -47.67580182980236, -22.701613447385856 ], [ -47.676579255463999, -22.701438999656901 ], [ -47.67733248300086, -22.701201680779295 ], [ -47.67805425747764, -22.700903776576077 ], [ -47.678737627048804, -22.700548156403613 ], [ -47.679376009937997, -22.700138245503343 ], [ -47.679963257845472, -22.69967799199889 ], [ -47.680493715171941, -22.699171828855611 ], [ -47.680962273488227, -22.698624631170663 ], [ -47.68136442072587, -22.698041669205114 ], [ -47.681696284615306, -22.697428557611126 ], [ -47.681954669953761, -22.696791201344141 ], [ -47.682137089344963, -22.696135738781255 ], [ -47.682241787115878, -22.695468482594169 ], [ -47.682267756181552, -22.694795858946822 ], [ -47.682214747697287, -22.69412434560304 ], [ -47.682083273407073, -22.693460409541093 ], [ -47.681874600667456, -22.692810444675583 ], [ -47.681590740196519, -22.692180710286312 ], [ -47.681234426667928, -22.69157727074721 ], [ -47.680809092338272, -22.691005937135081 ], [ -47.680318833963319, -22.690472211280188 ], [ -47.679768373322666, -22.689981232796956 ], [ -47.679163011734097, -22.689537729604258 ], [ -47.678508578995839, -22.68914597241104 ], [ -47.67781137724873, -22.68880973360524 ], [ -47.677078120298752, -22.688532250940696 ], [ -47.676315868983522, -22.688316196371588 ], [ -47.675531963204335, -22.688163650333784 ], [ -47.674733951277211, -22.688076081720041 ], [ -47.673929517281664, -22.688054333741853 ], [ -47.673126407105414, -22.688098615813598 ], [ -47.672332353895307, -22.688208501536831 ], [ -47.671555003630672, -22.688382932804462 ], [ -47.67080184153393, -22.688620229984966 ], [ -47.670080120025602, -22.688918108089084 ], [ -47.669396788915641, -22.689273698763461 ], [ -47.668758428502365, -22.689683577900233 ], [ -47.668171186221798, -22.690143798596431 ], [ -47.667640717456983, -22.690649929147508 ], [ -47.667172131076661, -22.691197095708784 ], [ -47.66676994022778, -22.691780029215316 ], [ -47.666438018855857, -22.692393116108512 ], [ -47.66617956437269, -22.693030452382274 ], [ -47.66599706683175, -22.693685900427724 ], [ -47.665892284909305, -22.694353148131128 ] ] ] } },
{ "type": "Feature", "properties": { "porto": "Amazon Aço Indústria e Comércio Ltda", "classe": "Terminal privado (TUP)", "tipo": "Terminal de uso privado", "estado": null, "cidade": null, "fonte": "envelope estimado (1000 m)", "osm_id": null, "osm_nome": null, "area_km2": 3.1365484905461791 }, "geometry": { "type": "Polygon", "coordinates": [ [ [ -59.846428052343228, -3.075759001937693 ], [ -59.846470047004672, -3.076654520953549 ], [ -59.846597398204871, -3.077541500422381 ], [ -59.846808880897839, -3.078411398216196 ], [ -59.847102459694995, -3.079255836693435 ], [ -59.847475308416868, -3.080066683381927 ], [ -59.847923837266755, -3.080836129301905 ], [ -59.848443727366309, -3.08155676417374 ], [ -59.849029972321745, -3.082221647786857 ], [ -59.84967692642158, -3.082824376841453 ], [ -59.850378359002221, -3.083359146619936 ], [ -59.851127514458071, -3.083820806894011 ], [ -59.85191717731815, -3.084204911527654 ], [ -59.852739741761653, -3.08450776129982 ], [ -59.853587284902154, -3.084726439533028 ], [ -59.854451643133203, -3.084858840185435 ], [ -59.855324490798353, -3.084903688134797 ], [ -59.856197420426177, -3.084860551460134 ], [ -59.857062023755361, -3.08472984560152 ], [ -59.857909972767388, -3.084512829358997 ], [ -59.858733099944359, -3.084211592768161 ], [ -59.859523476976861, -3.083829036970378 ], [ -59.860273491161827, -3.083368846270314 ], [ -59.860975918753276, -3.082835452650895 ], [ -59.861623994557689, -3.082233993087249 ], [ -59.862211477103244, -3.081570260071005 ], [ -59.862732708754137, -3.080850645821049 ], [ -59.863182670191321, -3.080082080719038 ], [ -59.86355702873486, -3.079271966561991 ], [ -59.863852180043267, -3.078428105275288 ], [ -59.864065282789362, -3.077558623772689 ], [ -59.864194285979892, -3.076671895687087 ], [ -59.864237948657646, -3.075776460725899 ], [ -59.864195851798279, -3.074880942427807 ], [ -59.864068402289092, -3.073993965113034 ], [ -59.863856828954034, -3.073124070826812 ], [ -59.863563170665024, -3.072279637075904 ], [ -59.86319025665636, -3.071468796150836 ], [ -59.862741679233665, -3.070699356809956 ], [ -59.862221759141924, -3.069978729079945 ], [ -59.861635503927495, -3.069313852897037 ], [ -59.860988559696118, -3.068711131275415 ], [ -59.860287156732142, -3.068176368647073 ], [ -59.859538049503016, -3.0677147149655 ], [ -59.85874845162639, -3.067330616113454 ], [ -59.85792596642581, -3.067027771089666 ], [ -59.857078513742408, -3.06680909638924 ], [ -59.856214253706433, -3.066676697918221 ], [ -59.855341508200752, -3.066631850714958 ], [ -59.854468680770857, -3.066674986671909 ], [ -59.853604175750661, -3.066805690376445 ], [ -59.852756317380731, -3.067022703111376 ], [ -59.851933269695607, -3.067323934975863 ], [ -59.851142957949904, -3.067706485010171 ], [ -59.850392992337746, -3.068166669131204 ], [ -59.849690594738497, -3.068700055608784 ], [ -59.849042529193063, -3.069301507742219 ], [ -59.848455036779043, -3.069965233325525 ], [ -59.847933775511493, -3.070684840425304 ], [ -59.847483765847585, -3.071453398934799 ], [ -59.847109342320593, -3.072263507310298 ], [ -59.846814111769277, -3.073107363848606 ], [ -59.846600918566082, -3.073976841818407 ], [ -59.846471817180479, -3.074863567722672 ], [ -59.846428052343228, -3.075759001937693 ] ] ] } },
{ "type": "Feature", "properties": { "porto": "ATEM Miritituba", "classe": "Terminal privado (TUP)", "tipo": "Terminal de uso privado", "estado": null, "cidade": null, "fonte": "OSM (área portuária mapeada)", "osm_id": "way/628304301", "osm_nome": null, "area_km2": 0.20068762018781305 }, "geometry": { "type": "Polygon", "coordinates": [ [ [ -55.9362908, -4.261531800000025 ], [ -55.9353127, -4.260872600000011 ], [ -55.9339066, -4.2601439 ], [ -55.9307844, -4.2664251 ], [ -55.9323094, -4.2674622 ], [ -55.9362908, -4.261531800000025 ] ] ] } },
{ "type": "Feature", "properties": { "porto": "Estaleiro Camorim", "classe": "Terminal privado (TUP)", "tipo": "Terminal de uso privado", "estado": null, "cidade": null, "fonte": "envelope estimado (1000 m)", "osm_id": null, "osm_nome": null, "area_km2": 3.1365484905458985 }, "geometry": { "type": "Polygon", "coordinates": [ [ [ -43.101930232499505, -22.86964468181171 ], [ -43.101867281723557, -22.870484146707913 ], [ -43.101903195157256, -22.871324719981697 ], [ -43.102037628894799, -22.872158306399943 ], [ -43.102269290161033, -22.87297687787267 ], [ -43.102595949688819, -22.873772550775367 ], [ -43.103014463120509, -22.874537661885519 ], [ -43.10352080123014, -22.875264842201247 ], [ -43.10411008867765, -22.87594708793036 ], [ -43.104776650923633, -22.876577827965669 ], [ -43.105514068854397, -22.87715098719557 ], [ -43.10631524059211, -22.877661045039115 ], [ -43.107172449895124, -22.878103088640852 ], [ -43.108077440489566, -22.878472860211986 ], [ -43.109021495615586, -22.878766798060777 ], [ -43.109995522020874, -22.87898207091639 ], [ -43.11099013759069, -22.879116605214289 ], [ -43.111995761768483, -22.879169105079967 ], [ -43.113002707893465, -22.879139064818041 ], [ -43.114001276563513, -22.879026773785899 ], [ -43.11498184912103, -22.878833313605067 ], [ -43.11593498035873, -22.878560547736924 ], [ -43.116851489549688, -22.878211103523807 ], [ -43.117722548922423, -22.877788346868432 ], [ -43.11853976872667, -22.877296349797035 ], [ -43.119295278068556, -22.876739851218417 ], [ -43.119981800735481, -22.876124211258407 ], [ -43.120592725279415, -22.875455359610573 ], [ -43.121122168683364, -22.874739738401349 ], [ -43.121565032997971, -22.873984240121217 ], [ -43.121917054403774, -22.873196141220649 ], [ -43.122174844227729, -22.872383032011207 ], [ -43.1223359215209, -22.87155274354792 ], [ -43.12239873688565, -22.870713272197907 ], [ -43.122362687325619, -22.869872702621812 ], [ -43.122228121977869, -22.869039129910686 ], [ -43.121996338675245, -22.868220581627732 ], [ -43.121669571374674, -22.867424940506311 ], [ -43.121250968575474, -22.866659868547551 ], [ -43.120744562937929, -22.865932733248798 ], [ -43.120155232397181, -22.865250536672281 ], [ -43.119488653148672, -22.864619848036284 ], [ -43.118751244959491, -22.864046740477104 ], [ -43.117950109333094, -22.863536732590088 ], [ -43.117092961123426, -22.863094735310845 ], [ -43.116188054256554, -22.862725004648066 ], [ -43.115244102274715, -22.862431100721309 ], [ -43.114270194466471, -22.862215853497904 ], [ -43.113275708388912, -22.862081335557274 ], [ -43.112270219622332, -22.86202884214546 ], [ -43.111263409623682, -22.862058878709671 ], [ -43.11026497256384, -22.862171156034719 ], [ -43.109284522042707, -22.862364593025742 ], [ -43.10833149857779, -22.862637327112616 ], [ -43.10741507875435, -22.862986732174345 ], [ -43.106544086909508, -22.863409443812746 ], [ -43.105726910198513, -22.863901391731531 ], [ -43.104971417859169, -22.864457838910869 ], [ -43.10428488545066, -22.865073427200141 ], [ -43.10367392479538, -22.865742228891449 ], [ -43.103144420298101, -22.866457803778193 ], [ -43.102701472255923, -22.867213261149981 ], [ -43.102349347705932, -22.868001326128496 ], [ -43.102091439284933, -22.868814409705742 ], [ -43.101930232499505, -22.86964468181171 ] ] ] } },
{ "type": "Feature", "properties": { "porto": "Estaleiro Locar", "classe": "Terminal privado (TUP)", "tipo": "Terminal de uso privado", "estado": null, "cidade": null, "fonte": "envelope estimado (1000 m)", "osm_id": null, "osm_nome": null, "area_km2": 3.1365484905458985 }, "geometry": { "type": "Polygon", "coordinates": [ [ [ -43.15757940079336, -22.825184781863527 ], [ -43.157516841620627, -22.826024293027125 ], [ -43.157553112381329, -22.826864882257798 ], [ -43.157687865726935, -22.827698454168253 ], [ -43.157919805802585, -22.828516980808129 ], [ -43.158246700654161, -22.829312578984919 ], [ -43.158665403655732, -22.830077586196282 ], [ -43.1591718837537, -22.830804634441751 ], [ -43.159761264238618, -22.831486721202218 ], [ -43.160427869673278, -22.832117276902665 ], [ -43.161165280526461, -22.832690228208371 ], [ -43.161966394987147, -22.833200056542289 ], [ -43.162823497364265, -22.833641851261003 ], [ -43.163728332413037, -22.83401135697428 ], [ -43.164672184871314, -22.83430501455226 ], [ -43.165645963438664, -22.834519995424788 ], [ -43.166640288387669, -22.834654228840506 ], [ -43.167645581961452, -22.834706421823554 ], [ -43.168652160684331, -22.834676071634746 ], [ -43.169650328693962, -22.834563470616736 ], [ -43.170630471193007, -22.834369703376431 ], [ -43.171583147117779, -22.83409663633218 ], [ -43.172499180128241, -22.833746899726183 ], [ -43.173369747040795, -22.833323862276313 ], [ -43.174186462849768, -22.832831598711941 ], [ -43.174941461516838, -22.832274850506906 ], [ -43.175627471749102, -22.831658980189626 ], [ -43.176237887034894, -22.830989919670543 ], [ -43.176766829262661, -22.830274113085977 ], [ -43.177209205310348, -22.829518454709959 ], [ -43.177560756061034, -22.828730222533213 ], [ -43.177818097374256, -22.827917008149381 ], [ -43.177978752619985, -22.827086643625133 ], [ -43.178041176464291, -22.826247126059087 ], [ -43.178004769680172, -22.825406540556191 ], [ -43.17786988484346, -22.824572982360447 ], [ -43.177637822862145, -22.823754478895211 ], [ -43.177310820375105, -22.822958912462415 ], [ -43.176892028144636, -22.822193944344423 ], [ -43.176385480653394, -22.8214669410394 ], [ -43.17579605720065, -22.820784903339472 ], [ -43.17512943487489, -22.820154398934182 ], [ -43.174392033856428, -22.81958149918712 ], [ -43.173590955578341, -22.819071720693874 ], [ -43.172733914341229, -22.818629972182531 ], [ -43.171829163040286, -22.818260507267674 ], [ -43.170885413719304, -22.817966883511179 ], [ -43.169911753715162, -22.817751928183558 ], [ -43.168917558198991, -22.817617711054467 ], [ -43.167912399953629, -22.817565524473892 ], [ -43.16690595725418, -22.817595870934873 ], [ -43.165907920735656, -22.817708458238183 ], [ -43.164927900142281, -22.817902202303831 ], [ -43.163975331852974, -22.818175237604141 ], [ -43.163059388071396, -22.818524935116734 ], [ -43.16218888855213, -22.818947927626127 ], [ -43.161372215710969, -22.819440142130016 ], [ -43.160617233935, -22.81999683903987 ], [ -43.15993121386802, -22.820612657798499 ], [ -43.159320762399624, -22.821281668476896 ], [ -43.158791759031843, -22.821997428854097 ], [ -43.158349299236335, -22.822753046431711 ], [ -43.157997645348367, -22.823541244786931 ], [ -43.157740185471923, -22.824354433625878 ], [ -43.15757940079336, -22.825184781863527 ] ] ] } },
{ "type": "Feature", "properties": { "porto": "Porto de Itaituba da Caramuru Alimentos", "classe": "Estação de transbordo", "tipo": "Estação de transbordo de cargas", "estado": null, "cidade": null, "fonte": "OSM (área portuária mapeada)", "osm_id": "way/641857192", "osm_nome": "CARAMURU", "area_km2": 0.048188511547138199 }, "geometry": { "type": "Polygon", "coordinates": [ [ [ -56.1852561, -4.3489458 ], [ -56.1840067, -4.349707500000039 ], [ -56.1845495, -4.3519776 ], [ -56.1861742, -4.3515195 ], [ -56.1852561, -4.3489458 ] ] ] } },
{ "type": "Feature", "properties": { "porto": "Porto Brasilit", "classe": "Estação de transbordo", "tipo": "Estação de transbordo de cargas", "estado": null, "cidade": null, "fonte": "OSM (área portuária mapeada)", "osm_id": "way/948435300", "osm_nome": "Plataforma Malcher", "area_km2": 0.01713349117779181 }, "geometry": { "type": "Polygon", "coordinates": [ [ [ -60.029926, -3.134653299999965 ], [ -60.0303635, -3.1356193 ], [ -60.0291188, -3.1361362 ], [ -60.0289278, -3.1356501 ], [ -60.0288353, -3.1355824 ], [ -60.0287799, -3.1355516 ], [ -60.0287121, -3.135404 ], [ -60.0286998, -3.1352625 ], [ -60.0290449, -3.135164 ], [ -60.0289956, -3.1350594 ], [ -60.029926, -3.134653299999965 ] ] ] } },
{ "type": "Feature", "properties": { "porto": "Terminal Saint-Gobain Icoaraci", "classe": "Terminal privado (TUP)", "tipo": "Terminal de uso privado", "estado": null, "cidade": null, "fonte": "envelope estimado (1000 m)", "osm_id": null, "osm_nome": null, "area_km2": 3.1365484905461636 }, "geometry": { "type": "Polygon", "coordinates": [ [ [ -48.476285184882762, -1.326551600909889 ], [ -48.476261832495616, -1.327456836447712 ], [ -48.476323269379826, -1.328360106666386 ], [ -48.476468905295889, -1.329252712573461 ], [ -48.476697339054112, -1.33012605787057 ], [ -48.477006371956442, -1.330971731741134 ], [ -48.477393028923302, -1.331781589851967 ], [ -48.477853587103873, -1.332547832788923 ], [ -48.478383611695847, -1.33326308117103 ], [ -48.478977998630967, -1.333920446719427 ], [ -48.479631023716252, -1.334513598597101 ], [ -48.480336397758045, -1.335036824380301 ], [ -48.48108732713829, -1.335485085073875 ], [ -48.48187657925925, -1.335854063641367 ], [ -48.482696552225704, -1.336140206582037 ], [ -48.483539348092457, -1.336340758154503 ], [ -48.484396848970412, -1.336453786916816 ], [ -48.485260795256309, -1.336478204328502 ], [ -48.48612286523116, -1.336413775233889 ], [ -48.486974755258402, -1.336261120127219 ], [ -48.487808259807487, -1.336021709176338 ], [ -48.488615350530075, -1.335697848063975 ], [ -48.489388253625194, -1.335292655781399 ], [ -48.490119524746568, -1.334810034589929 ], [ -48.49080212072905, -1.33425463243821 ], [ -48.491429467442167, -1.33363179819873 ], [ -48.49199552311633, -1.332947530152992 ], [ -48.492494836531364, -1.332208418223347 ], [ -48.492922599506841, -1.331421580506352 ], [ -48.493274693188994, -1.330594594720023 ], [ -48.493547727689176, -1.329735425224726 ], [ -48.493739074693238, -1.328852346320569 ], [ -48.493846892729088, -1.327953862560399 ], [ -48.493870144851009, -1.327048626845541 ], [ -48.493808608572131, -1.326145357093079 ], [ -48.493662877951635, -1.325252752277582 ], [ -48.493434357818664, -1.324379408655452 ], [ -48.493125250190587, -1.323533736978915 ], [ -48.49273853301866, -1.322723881496875 ], [ -48.492277931467349, -1.321957641522405 ], [ -48.491747882005676, -1.321242396322648 ], [ -48.49115348965762, -1.320585034054168 ], [ -48.490500478824181, -1.319991885427932 ], [ -48.489795138151329, -1.319468662742742 ], [ -48.489044259974769, -1.319020404874694 ], [ -48.48825507492451, -1.318651428751678 ], [ -48.487435182318279, -1.318365287780461 ], [ -48.486592477013062, -1.31816473762679 ], [ -48.485735073417757, -1.318051709677975 ], [ -48.484871227397086, -1.318027292443426 ], [ -48.484009256816911, -1.318091721071792 ], [ -48.483157461494102, -1.318244375086851 ], [ -48.482324043319771, -1.318483784362736 ], [ -48.481517027322916, -1.318807643281038 ], [ -48.480744184432872, -1.319212832934854 ], [ -48.480012956682231, -1.319695451163856 ], [ -48.479330385569455, -1.320250850133225 ], [ -48.478703044269274, -1.320873681092822 ], [ -48.478136974343258, -1.32155794588707 ], [ -48.477637627559282, -1.322297054718722 ], [ -48.477209813380128, -1.323083889610174 ], [ -48.476857652627281, -1.323910872952044 ], [ -48.476584537766868, -1.324770040477872 ], [ -48.476393100201257, -1.325653117963268 ], [ -48.476285184882762, -1.326551600909889 ] ] ] } },
{ "type": "Feature", "properties": { "porto": "Terminal de Embarque Marítimo da Salina Diamante Branco", "classe": "Terminal privado (TUP)", "tipo": "Terminal de uso privado", "estado": null, "cidade": null, "fonte": "envelope estimado (1000 m)", "osm_id": null, "osm_nome": null, "area_km2": 3.1365484905464203 }, "geometry": { "type": "Polygon", "coordinates": [ [ [ -36.231385886512015, -5.113771267694179 ], [ -36.23129051744182, -5.114653032662122 ], [ -36.2312819040744, -5.115539909729136 ], [ -36.23136013087916, -5.116423357787725 ], [ -36.231524445983801, -5.117294868719577 ], [ -36.231773268357834, -5.11814604933418 ], [ -36.232104202984424, -5.118968702202464 ], [ -36.232514063876543, -5.119754904606177 ], [ -36.232998904717746, -5.120497084842538 ], [ -36.233554056833945, -5.121188095149471 ], [ -36.234174174131915, -5.121821280548591 ], [ -36.234853284572637, -5.122390542942981 ], [ -36.235584847684073, -5.122890399851794 ], [ -36.236361817559818, -5.123316037216295 ], [ -36.237176710736279, -5.123663355768155 ], [ -36.238021678294011, -5.12392901051328 ], [ -36.238888581487522, -5.124110442950961 ], [ -36.239769070173757, -5.124205905717222 ], [ -36.240654663282058, -5.124214479415945 ], [ -36.241536830548448, -5.124136081474227 ], [ -36.242407074725143, -5.123971466938078 ], [ -36.243257013471123, -5.123722221199534 ], [ -36.244078460133053, -5.123390744726038 ], [ -36.244863502636278, -5.122980229938955 ], [ -36.245604579724578, -5.12249463046421 ], [ -36.24629455381249, -5.12193862305099 ], [ -36.246926779747554, -5.121317562526177 ], [ -36.247495168819206, -5.120637430217507 ], [ -36.247994247397543, -5.119904776343589 ], [ -36.248419209637056, -5.119126656925077 ], [ -36.248765963738244, -5.118310565824901 ], [ -36.249031171322407, -5.117464362572775 ], [ -36.249212279541545, -5.116596196668745 ], [ -36.249307545615856, -5.115714429094994 ], [ -36.249316053564129, -5.114827551792607 ], [ -36.249237722968154, -5.113944105878072 ], [ -36.249073309688846, -5.113072599387358 ], [ -36.248824398529514, -5.112221425340302 ], [ -36.248493387918963, -5.111398780913487 ], [ -36.248083466764236, -5.110612588500939 ], [ -36.247598583697638, -5.109870419421358 ], [ -36.247043409015959, -5.109179421008104 ], [ -36.246423289679576, -5.10854624778247 ], [ -36.245744197805884, -5.107976997373613 ], [ -36.24501267315339, -5.10747715180173 ], [ -36.244235760150509, -5.107051524689944 ], [ -36.243420940075282, -5.106704214912485 ], [ -36.242576059037901, -5.106438567126293 ], [ -36.241709252458932, -5.106257139564702 ], [ -36.240828866768574, -5.106161679404207 ], [ -36.239943379079421, -5.106153105940907 ], [ -36.239061315604253, -5.106231501738555 ], [ -36.238191169602217, -5.106396111833564 ], [ -36.23734131964153, -5.106645351004586 ], [ -36.236519948963561, -5.106976819036554 ], [ -36.235734966722944, -5.107387323832532 ], [ -36.234993931860046, -5.107872912150497 ], [ -36.234303980337614, -5.108428907670021 ], [ -36.233671756440948, -5.109049956021321 ], [ -36.233103348802274, -5.109730076344467 ], [ -36.232604231765002, -5.110462718881437 ], [ -36.232179212652611, -5.111240828047321 ], [ -36.231832385450197, -5.112056910373028 ], [ -36.231567091345696, -5.112903106666177 ], [ -36.231385886512015, -5.113771267694179 ] ] ] } },
{ "type": "Feature", "properties": { "porto": "Subsea 7 do Brasil Serviços LTDA", "classe": "Terminal privado (TUP)", "tipo": "Terminal de uso privado", "estado": null, "cidade": null, "fonte": "envelope estimado (1000 m)", "osm_id": null, "osm_nome": null, "area_km2": 3.1365484905458985 }, "geometry": { "type": "Polygon", "coordinates": [ [ [ -43.110351896067264, -22.873025157914757 ], [ -43.110288999541773, -22.873864623698765 ], [ -43.110324969944585, -22.874705193267438 ], [ -43.110459462821353, -22.875538771423251 ], [ -43.110691184827424, -22.87635733015567 ], [ -43.11101790611071, -22.877152985962709 ], [ -43.111436481718741, -22.877918075786479 ], [ -43.111942881826693, -22.878645230829832 ], [ -43.112532230497266, -22.879327447543858 ], [ -43.113198852601293, -22.879958155100685 ], [ -43.113936328448411, -22.880531278701348 ], [ -43.114737555602773, -22.881041298107892 ], [ -43.115594817288802, -22.881483300834972 ], [ -43.116499856727927, -22.881853029487335 ], [ -43.117443956689662, -22.882146922786571 ], [ -43.118418023489646, -22.882362149890863 ], [ -43.119412674623959, -22.882496637676269 ], [ -43.120418329193342, -22.882549090716232 ], [ -43.121425300244212, -22.882519003766465 ], [ -43.122423888134293, -22.882406666634033 ], [ -43.123404474020852, -22.882213161384598 ], [ -43.124357612568218, -22.881940351913645 ], [ -43.12527412297915, -22.881590865983522 ], [ -43.126145177470526, -22.881168069898994 ], [ -43.12696238633918, -22.880676036066049 ], [ -43.127717878796773, -22.880119503747714 ], [ -43.128404378793491, -22.879503833394853 ], [ -43.129015275099867, -22.878834954993856 ], [ -43.12954468497108, -22.878119310928909 ], [ -43.129987510780971, -22.877363793910678 ], [ -43.130339489081116, -22.87657568057012 ], [ -43.130597231613841, -22.875762561357845 ], [ -43.130758257885823, -22.874932267425304 ], [ -43.130821018990993, -22.874092795192187 ], [ -43.130784912455653, -22.873252229327541 ], [ -43.130650287965658, -22.872418664886627 ], [ -43.130418443923467, -22.871600129352881 ], [ -43.130091614870963, -22.870804505336721 ], [ -43.129672949902108, -22.870039454674476 ], [ -43.129166482275835, -22.869312344658201 ], [ -43.128577090524111, -22.868630177106489 ], [ -43.12791045143171, -22.867999520957966 ], [ -43.127172985341851, -22.867426449035978 ], [ -43.126371794315396, -22.866916479592437 ], [ -43.125514593739531, -22.866474523192736 ], [ -43.12460963804444, -22.866104835451761 ], [ -43.123665641242361, -22.865810976075672 ], [ -43.122691693053262, -22.865595774602713 ], [ -43.121697171422952, -22.865461303171781 ], [ -43.120691652273891, -22.865408856580938 ], [ -43.119684817355555, -22.865438939826674 ], [ -43.118686361078701, -22.865551263244232 ], [ -43.117705897228269, -22.865744745295011 ], [ -43.116752866450113, -22.866017522975032 ], [ -43.115836445400006, -22.866366969743641 ], [ -43.114965458426965, -22.866789720801101 ], [ -43.114148292639442, -22.867281705471687 ], [ -43.113392817170222, -22.867838186381761 ], [ -43.112706307416261, -22.868453805055978 ], [ -43.112095374981969, -22.869122633493905 ], [ -43.111565904000578, -22.869838231231487 ], [ -43.111122994446653, -22.870593707338351 ], [ -43.110770912986851, -22.871381786755698 ], [ -43.110513051843242, -22.872194880336679 ], [ -43.110351896067264, -22.873025157914757 ] ] ] } },
{ "type": "Feature", "properties": { "porto": "Terminal Portuário Novo Remanso", "classe": "Terminal privado (TUP)", "tipo": "Terminal de uso privado", "estado": null, "cidade": null, "fonte": "envelope estimado (1000 m)", "osm_id": null, "osm_nome": null, "area_km2": 3.1365484905461805 }, "geometry": { "type": "Polygon", "coordinates": [ [ [ -58.998791522171338, -3.227608905428267 ], [ -58.998828665671731, -3.22850390270329 ], [ -58.998951294500159, -3.229390857578552 ], [ -58.999158229097155, -3.230261228162667 ], [ -58.999447477885042, -3.231106632259467 ], [ -58.999816256397352, -3.231918928095117 ], [ -59.000261014050352, -3.232690292730645 ], [ -59.000777468300264, -3.233413297404199 ], [ -59.001360645859151, -3.234080979078193 ], [ -59.002004930572994, -3.234686907500908 ], [ -59.002704117502077, -3.235225247138137 ], [ -59.003451472682769, -3.23569081337626 ], [ -59.004239797995012, -3.236079122457781 ], [ -59.005061500510408, -3.236386434665705 ], [ -59.005908665651774, -3.236609790342702 ], [ -59.006773133458346, -3.23674703839689 ], [ -59.007646577220584, -3.23679685702037 ], [ -59.008520583725186, -3.23675876641992 ], [ -59.009386734335529, -3.23663313343853 ], [ -59.010236686124472, -3.236421168021786 ], [ -59.011062252276005, -3.236124911564527 ], [ -59.011855480979385, -3.235747217248827 ], [ -59.01260873205382, -3.235291722563836 ], [ -59.013314750564348, -3.234762814271154 ], [ -59.013966736718281, -3.234165586154456 ], [ -59.014558411368171, -3.233505789959044 ], [ -59.015084076489742, -3.232789779995364 ], [ -59.015538670052116, -3.232024451939082 ], [ -59.015917814752136, -3.231217176417796 ], [ -59.016217860143961, -3.230375728024072 ], [ -59.016435917759324, -3.229508210438452 ], [ -59.016569888881484, -3.228622978383726 ], [ -59.016618484707209, -3.22772855716241 ], [ -59.016581238704326, -3.226833560552189 ], [ -59.016458511048185, -3.225946607849753 ], [ -59.016251485096141, -3.225076240863173 ], [ -59.015962155936613, -3.224230841650181 ], [ -59.015593311124668, -3.223418551797031 ], [ -59.015148503791941, -3.222647194012806 ], [ -59.014632018391332, -3.221924196796034 ], [ -59.014048829407919, -3.221256522897724 ], [ -59.013404553434739, -3.220650602270781 ], [ -59.012705395075606, -3.220112270149874 ], [ -59.011958087196241, -3.219646710859691 ], [ -59.011169826098914, -3.219258407890806 ], [ -59.010348202244295, -3.218951100725275 ], [ -59.009501127186688, -3.218727748826703 ], [ -59.008636757424973, -3.218590503141619 ], [ -59.007763415900882, -3.218540685387044 ], [ -59.00688951189877, -3.21857877532271 ], [ -59.006023460116147, -3.218704406131239 ], [ -59.005173599682237, -3.218916367950499 ], [ -59.004348113902353, -3.219212619523933 ], [ -59.003554951498593, -3.219590307857083 ], [ -59.002801750103899, -3.220045795690803 ], [ -59.002095762744055, -3.220574696526687 ], [ -59.001443788014662, -3.221171916867751 ], [ -59.000852104624109, -3.221831705267341 ], [ -59.000326410932587, -3.222547707714732 ], [ -58.999871770068886, -3.223313028823075 ], [ -58.99949256115395, -3.224120298231657 ], [ -58.999192437101335, -3.224961741583004 ], [ -58.998974289402227, -3.225829255390268 ], [ -58.998840220235209, -3.226714485075856 ], [ -58.998791522171338, -3.227608905428267 ] ] ] } },
{ "type": "Feature", "properties": { "porto": "Unidade Misturadora de Canoas", "classe": "Estação de transbordo", "tipo": "Estação de transbordo de cargas", "estado": null, "cidade": null, "fonte": "envelope estimado (800 m)", "osm_id": null, "osm_nome": null, "area_km2": 2.0073910339494341 }, "geometry": { "type": "Polygon", "coordinates": [ [ [ -51.190446644326045, -29.969150448780017 ], [ -51.190438874631475, -29.969825012401856 ], [ -51.190514844322927, -29.970496930067796 ], [ -51.190673823160274, -29.971159730726892 ], [ -51.190914281404446, -29.971807031005987 ], [ -51.191233904499164, -29.972432596694219 ], [ -51.191629615315691, -29.97303040279553 ], [ -51.192097603748273, -29.973594691570206 ], [ -51.192633363376437, -29.974120028005885 ], [ -51.193231734842733, -29.97460135218277 ], [ -51.193886955528505, -29.975034028028226 ], [ -51.194592715050128, -29.975413887989834 ], [ -51.195342216041027, -29.975737273196287 ], [ -51.196128239633907, -29.976001068717689 ], [ -51.196943215011693, -29.976202733585453 ], [ -51.197779292356323, -29.976340325281218 ], [ -51.198628418491367, -29.976412518459004 ], [ -51.199482414488237, -29.976418617719055 ], [ -51.200333054486819, -29.976358564310285 ], [ -51.201172144969249, -29.976232936696473 ], [ -51.201991603721368, -29.976042944981025 ], [ -51.202783537719405, -29.975790419243573 ], [ -51.203540319189734, -29.97547779190176 ], [ -51.204254659107605, -29.975108074268178 ], [ -51.204919677425359, -29.974684827528865 ], [ -51.20552896935272, -29.974212128424124 ], [ -51.206076667049985, -29.973694529962469 ], [ -51.206557496139467, -29.973137017547366 ], [ -51.206966826491019, -29.972544960940343 ], [ -51.207300716792808, -29.971924062523478 ], [ -51.207555952479048, -29.971280302361279 ], [ -51.207730076650236, -29.970619880591205 ], [ -51.207821413689928, -29.969949157698377 ], [ -51.207829085352095, -29.969274593250656 ], [ -51.207753019166049, -29.968602683684161 ], [ -51.207593949080142, -29.96793989973855 ], [ -51.20735340834009, -29.967292624144708 ], [ -51.207033714672441, -29.966667090164826 ], [ -51.20663794791799, -29.966069321576448 ], [ -51.206169920332187, -29.965505074677687 ], [ -51.205634139840107, -29.964979782871634 ], [ -51.205035766601007, -29.964498504363021 ], [ -51.204380563301676, -29.964065873469458 ], [ -51.203674839657573, -29.96368605601581 ], [ -51.202925391656535, -29.963362709239952 ], [ -51.202139436129478, -29.963098946594837 ], [ -51.201324541277742, -29.962897307785703 ], [ -51.200488553824819, -29.962759734329392 ], [ -51.199639523492664, -29.962687550871003 ], [ -51.198785625528203, -29.962681452436794 ], [ -51.197935082024216, -29.962741497746165 ], [ -51.197096082790345, -29.962867108646471 ], [ -51.196276706534107, -29.963057075676709 ], [ -51.195484843109007, -29.963309569705764 ], [ -51.194728117576588, -29.963622159534648 ], [ -51.194013816811953, -29.963991835292308 ], [ -51.193348819358114, -29.964415037401956 ], [ -51.192739529203543, -29.964887690838459 ], [ -51.192191814119845, -29.965405244348268 ], [ -51.191710949152835, -29.965962714255358 ], [ -51.191301565811429, -29.966554732431828 ], [ -51.19096760744381, -29.96717559797235 ], [ -51.19071229123152, -29.967819332075951 ], [ -51.190538077168625, -29.968479735606572 ], [ -51.190446644326045, -29.969150448780017 ] ] ] } },
{ "type": "Feature", "properties": { "porto": "J. F. de Oliveira Humaitá", "classe": "Terminal privado (TUP)", "tipo": "Terminal de uso privado", "estado": null, "cidade": null, "fonte": "envelope estimado (1000 m)", "osm_id": null, "osm_nome": null, "area_km2": 3.136548490546164 }, "geometry": { "type": "Polygon", "coordinates": [ [ [ -63.013459024539237, -7.494583093554378 ], [ -63.013521052465272, -7.495457834355848 ], [ -63.013670767884101, -7.49632243486066 ], [ -63.013906730435004, -7.497168568410864 ], [ -63.014226669021511, -7.497988086150396 ], [ -63.014627503631267, -7.498773095508081 ], [ -63.015105374953258, -7.499516036213772 ], [ -63.015655681508768, -7.500209753115628 ], [ -63.016273123939783, -7.500847565096805 ], [ -63.016951756029634, -7.501423329427672 ], [ -63.017685041964661, -7.501931500933265 ], [ -63.018465919286058, -7.502367185406062 ], [ -63.019286866924908, -7.502726186749003 ], [ -63.020139977664712, -7.50300504739451 ], [ -63.021017034332253, -7.503201081610031 ], [ -63.021909588981515, -7.503312401369025 ], [ -63.022809044306271, -7.503337934537835 ], [ -63.023706736495079, -7.503277435203408 ], [ -63.024594018728784, -7.503131486042117 ], [ -63.025462344513706, -7.502901492706996 ], [ -63.026303350046021, -7.502589670287162 ], [ -63.027108934811672, -7.50219902197069 ], [ -63.027871339643802, -7.50173331011554 ], [ -63.028583221484027, -7.501197020008377 ], [ -63.029237724126446, -7.500595316660051 ], [ -63.02982854426174, -7.49993399505438 ], [ -63.030349992185016, -7.499219424329555 ], [ -63.030797046582421, -7.498458486430263 ], [ -63.031165402869433, -7.497658509821679 ], [ -63.031451514615767, -7.496827198903982 ], [ -63.031652627659376, -7.49597255980756 ], [ -63.03176680658256, -7.495102823283656 ], [ -63.031792953296772, -7.494226365433756 ], [ -63.031730817559591, -7.493351627040462 ], [ -63.031580999324468, -7.49248703227786 ], [ -63.031344942903303, -7.491640907583274 ], [ -63.031024922999976, -7.490821401472371 ], [ -63.030624022751788, -7.490036406069462 ], [ -63.03014610399218, -7.489293481108427 ], [ -63.029595770022908, -7.488599781136045 ], [ -63.028978321255437, -7.487961986618575 ], [ -63.028299704150001, -7.487386239614547 ], [ -63.027566453944353, -7.486878084633031 ], [ -63.026785631724287, -7.486442415246541 ], [ -63.025964756441184, -7.486083426972399 ], [ -63.025111732530945, -7.48580457687597 ], [ -63.024234773829996, -7.485608550284336 ], [ -63.023342324519547, -7.485497234931136 ], [ -63.022442977857715, -7.485471702780658 ], [ -63.021545393480075, -7.485532199706896 ], [ -63.020658214062657, -7.485678143125932 ], [ -63.019789982147984, -7.485908127605526 ], [ -63.018949057932495, -7.486219938396707 ], [ -63.018143538805269, -7.486610572758408 ], [ -63.017381181410762, -7.487076268868882 ], [ -63.016669326984299, -7.487612542046608 ], [ -63.016014830678316, -7.488214227931199 ], [ -63.015423995558628, -7.488875532210034 ], [ -63.014902511905966, -7.489590086410791 ], [ -63.014455402407229, -7.490351009223724 ], [ -63.014086973764471, -7.49115097276352 ], [ -63.013800775188578, -7.491982273132166 ], [ -63.013599564178357, -7.492836904604693 ], [ -63.013485279916367, -7.493706636722817 ], [ -63.013459024539237, -7.494583093554378 ] ] ] } },
{ "type": "Feature", "properties": { "porto": "Bemar III", "classe": "Estação de transbordo", "tipo": "Estação de transbordo de cargas", "estado": null, "cidade": null, "fonte": "OSM (área portuária mapeada)", "osm_id": "way/166764250", "osm_nome": null, "area_km2": 0.016120846538879637 }, "geometry": { "type": "Polygon", "coordinates": [ [ [ -59.938572, -3.133344400000021 ], [ -59.9391693, -3.133033400000018 ], [ -59.9393187, -3.1329482 ], [ -59.9395234, -3.1326799 ], [ -59.9393946, -3.132096 ], [ -59.9393142, -3.131897800000018 ], [ -59.9392391, -3.131801400000016 ], [ -59.9391363, -3.1317377 ], [ -59.9390084, -3.131705 ], [ -59.9388747, -3.1317046 ], [ -59.93828640000001, -3.1320259 ], [ -59.9386157, -3.1331668 ], [ -59.9385436, -3.133202100000022 ], [ -59.938572, -3.133344400000021 ] ] ] } },
{ "type": "Feature", "properties": { "porto": "Terminal de Petróleo TPET/TOIL - Açu", "classe": "Terminal privado (TUP)", "tipo": "Terminal de uso privado", "estado": null, "cidade": null, "fonte": "OSM (área portuária mapeada)", "osm_id": "way/183049783", "osm_nome": "Porto do Açu", "area_km2": 0.20611097900946107 }, "geometry": { "type": "Polygon", "coordinates": [ [ [ -40.9849209, -21.8115542 ], [ -40.9865346, -21.811965699999988 ], [ -40.9864736, -21.8121845 ], [ -40.9809423, -21.8108429 ], [ -40.9807227, -21.8116177 ], [ -40.9771324, -21.810782 ], [ -40.9805431, -21.7982673 ], [ -40.9807822, -21.7983221 ], [ -40.9802699, -21.8002109 ], [ -40.980581, -21.800278200000022 ], [ -40.9802699, -21.801458599999989 ], [ -40.9799532, -21.801377 ], [ -40.9783557, -21.807306599999983 ], [ -40.9786579, -21.807380599999984 ], [ -40.9783465, -21.808550900000011 ], [ -40.9780299, -21.8084644 ], [ -40.9774397, -21.8106072 ], [ -40.9805367, -21.811340099999988 ], [ -40.9810014, -21.8095917 ], [ -40.9818497, -21.8098011 ], [ -40.9818243, -21.809908200000038 ], [ -40.9818752, -21.8099219 ], [ -40.9829613, -21.805738800000025 ], [ -40.9832468, -21.8058074 ], [ -40.9821467, -21.809735100000015 ], [ -40.9835073, -21.810060100000019 ], [ -40.9834808, -21.8101435 ], [ -41.0052989, -21.8153032 ], [ -41.0104891, -21.816532400000025 ], [ -41.0104263, -21.816766499999986 ], [ -41.0052131, -21.815522300000012 ], [ -40.98512190000001, -21.810764200000023 ], [ -40.9850335, -21.810842 ], [ -40.9848833, -21.8114048 ], [ -40.9849209, -21.8115542 ] ] ] } },
{ "type": "Feature", "properties": { "porto": "Terminal de Regaseificação do Açu", "classe": "Terminal privado (TUP)", "tipo": "Terminal de uso privado", "estado": null, "cidade": null, "fonte": "OSM (área portuária mapeada)", "osm_id": "way/572181709", "osm_nome": "TECMA", "area_km2": 0.12682171774366138 }, "geometry": { "type": "Polygon", "coordinates": [ [ [ -41.0142589, -21.8482947 ], [ -41.0135937, -21.850246499999979 ], [ -41.0082936, -21.848603499999989 ], [ -41.0089696, -21.846771100000048 ], [ -41.0142589, -21.8482947 ] ] ] } },
{ "type": "Feature", "properties": { "porto": "Atracadouro Barra Sul", "classe": "Turismo", "tipo": "Instalação portuária de turismo", "estado": null, "cidade": null, "fonte": "envelope estimado (800 m)", "osm_id": null, "osm_nome": null, "area_km2": 2.0073910339494612 }, "geometry": { "type": "Polygon", "coordinates": [ [ [ -48.59449487932639, -27.003901383299027 ], [ -48.594473012900671, -27.004573737089213 ], [ -48.594532900374531, -27.005244583490175 ], [ -48.594673966329239, -27.005907461801716 ], [ -48.594894853489777, -27.006555987950751 ], [ -48.595193435747454, -27.007183915981049 ], [ -48.595566838591068, -27.007785198216322 ], [ -48.596011466751627, -27.008354043517535 ], [ -48.596523038795802, -27.008884973072544 ], [ -48.59709662833626, -27.009372873180084 ], [ -48.597726711462698, -27.009813044518943 ], [ -48.598407219937407, -27.010201247427251 ], [ -48.59913159964313, -27.010533742754539 ], [ -48.599892873720037, -27.010807327892952 ], [ -48.600683709783063, -27.011019367638976 ], [ -48.601496490571456, -27.011167819588504 ], [ -48.602323387348449, -27.011251253819534 ], [ -48.603156435342996, -27.011268866672676 ], [ -48.603987610504909, -27.011220488496321 ], [ -48.604808906832496, -27.011106585281542 ], [ -48.605612413525819, -27.010928254171354 ], [ -48.606390391220778, -27.010687212886996 ], [ -48.607135346567816, -27.010385783174058 ], [ -48.607840104435361, -27.010026868428117 ], [ -48.608497877041174, -27.009613925715385 ], [ -48.609102329344651, -27.009150932459473 ], [ -48.609647640069447, -27.008642348114947 ], [ -48.610128557768228, -27.00809307119836 ], [ -48.610540451389518, -27.007508392090745 ], [ -48.610879354860081, -27.006893942067531 ], [ -48.611142005253896, -27.006255639047119 ], [ -48.611325874181304, -27.005599630581841 ], [ -48.611429192097432, -27.004932234640098 ], [ -48.611450965297223, -27.004259878751601 ], [ -48.611390985435278, -27.00358903810119 ], [ -48.611249831480755, -27.002926173168021 ], [ -48.61102886409045, -27.002277667511038 ], [ -48.610730212456232, -27.001649766298975 ], [ -48.610356753755418, -27.001048516177569 ], [ -48.609912085403558, -27.000479707051696 ], [ -48.609400490378505, -26.999948816343313 ], [ -48.608826895950727, -26.999460956260794 ], [ -48.608196826218361, -26.999020824587273 ], [ -48.607516348904383, -26.998632659460277 ], [ -48.606792016928551, -26.998300198578349 ], [ -48.606030805316493, -26.998026643225611 ], [ -48.605240044052728, -26.997814627460976 ], [ -48.604427347523576, -26.997666192766911 ], [ -48.603600541227728, -26.997582768402388 ], [ -48.602767586459116, -26.997565157647511 ], [ -48.60193650368528, -26.997613530073345 ], [ -48.601115295357516, -26.997727419909761 ], [ -48.600311868893968, -26.99790573052789 ], [ -48.599533960575528, -26.99814674499401 ], [ -48.598789061085697, -26.998448142593059 ], [ -48.598084343409454, -26.998807021163678 ], [ -48.597426593784526, -26.999219925029795 ], [ -48.596822146368353, -26.999682878260685 ], [ -48.596276822249486, -27.000191422939853 ], [ -48.595795873389982, -27.000740662075124 ], [ -48.595383932038793, -27.001325306737403 ], [ -48.595044966103394, -27.001939726974928 ], [ -48.594782240910305, -27.002578006013934 ], [ -48.59459828772367, -27.003233997223749 ], [ -48.59449487932639, -27.003901383299027 ] ] ] } },
{ "type": "Feature", "properties": { "porto": "TERMINAL DE MACAPA", "classe": "Terminal privado (TUP)", "tipo": "Terminal de uso privado", "estado": null, "cidade": null, "fonte": "envelope estimado (1000 m)", "osm_id": null, "osm_nome": null, "area_km2": 3.1365484905461565 }, "geometry": { "type": "Polygon", "coordinates": [ [ [ -51.175910216557128, -0.05631161756511 ], [ -51.17590233371417, -0.057224130273909 ], [ -51.175978522908338, -0.058133066225608 ], [ -51.17613805179667, -0.059029671869879 ], [ -51.17637938535335, -0.059905312403709 ], [ -51.176700200601978, -0.060751554929131 ], [ -51.177097408940988, -0.061560249666639 ], [ -51.177567185849277, -0.06232360844223 ], [ -51.178105007687144, -0.063034279691625 ], [ -51.17870569523955, -0.063685419260138 ], [ -51.179363463583179, -0.064270756315513 ], [ -51.180071977797326, -0.064784653739734 ], [ -51.180824413982378, -0.065222162417601 ], [ -51.181613524997658, -0.065579068899338 ], [ -51.182431710284952, -0.06585193597875 ], [ -51.183271089103933, -0.066038135795425 ], [ -51.184123576472977, -0.066135875142319 ], [ -51.184980961082061, -0.066144212735576 ], [ -51.185834984425668, -0.066063068279666 ], [ -51.186677420391369, -0.065893223240341 ], [ -51.187500154535613, -0.065636313319146 ], [ -51.188295262281216, -0.065294812700305 ], [ -51.18905508528136, -0.064872010223117 ], [ -51.189772305213076, -0.064371977708453 ], [ -51.190440014287844, -0.063799530744834 ], [ -51.191051781799302, -0.063160182311784 ], [ -51.191601716066025, -0.062460089686334 ], [ -51.192084521172667, -0.061705995145344 ], [ -51.192495547962807, -0.060905161033442 ], [ -51.192830838792858, -0.060065299822576 ], [ -51.193087165616724, -0.059194499836833 ], [ -51.193262061035753, -0.058301147357004 ], [ -51.193353842016165, -0.057393845856576 ], [ -51.193361626047412, -0.056481333145116 ], [ -51.193285339587874, -0.055572397218755 ], [ -51.193125718718377, -0.054675791626696 ], [ -51.192884301999491, -0.053800151170063 ], [ -51.192563415603523, -0.052953908743824 ], [ -51.192166150866178, -0.052145214123588 ], [ -51.191696334475921, -0.05138185547897 ], [ -51.191158491589718, -0.050671184369149 ], [ -51.190557802231474, -0.050020044943463 ], [ -51.189900051393927, -0.04943470802868 ], [ -51.189191573325019, -0.048920810737379 ], [ -51.18843919053532, -0.04848330217972 ], [ -51.187650148113548, -0.048126395800839 ], [ -51.18683204398193, -0.047853528802931 ], [ -51.185992755762001, -0.047667329043342 ], [ -51.185140364953732, -0.047569589726872 ], [ -51.184283079156344, -0.047561252136225 ], [ -51.183429153078109, -0.047642396566848 ], [ -51.182586809093593, -0.04781224155391 ], [ -51.181764158111541, -0.048069151397942 ], [ -51.180969121513279, -0.048410651917617 ], [ -51.180209354911462, -0.048833454277533 ], [ -51.179492174461721, -0.049333486661241 ], [ -51.178824486435282, -0.049905933485218 ], [ -51.178212720729661, -0.050545281775475 ], [ -51.177662768956857, -0.051245374260316 ], [ -51.177179927704969, -0.051999468668386 ], [ -51.176768847519483, -0.052800302660064 ], [ -51.176433488095924, -0.05364016376804 ], [ -51.176177080116389, -0.054510963672312 ], [ -51.176002094098294, -0.055404316095056 ], [ -51.175910216557128, -0.05631161756511 ] ] ] } },
{ "type": "Feature", "properties": { "porto": "ETC ADM Armazens Gerais São Simão", "classe": "Estação de transbordo", "tipo": "Estação de transbordo de cargas", "estado": null, "cidade": null, "fonte": "envelope estimado (800 m)", "osm_id": null, "osm_nome": null, "area_km2": 2.0073910339494612 }, "geometry": { "type": "Polygon", "coordinates": [ [ [ -50.509041872581236, -19.065567602227436 ], [ -50.509031231629962, -19.066243618479128 ], [ -50.509097334703171, -19.066917279853673 ], [ -50.509239546360654, -19.067582098557526 ], [ -50.509456498133552, -19.068231671882177 ], [ -50.50974610166093, -19.068859743871389 ], [ -50.510105568763272, -19.069460265577401 ], [ -50.510531438261083, -19.070027453325999 ], [ -50.51101960928159, -19.070555844428952 ], [ -50.511565380733842, -19.071040349806452 ], [ -50.512163496572626, -19.071476303012471 ], [ -50.512808196415854, -19.071859505190478 ], [ -50.513493271027833, -19.072186265525556 ], [ -50.514212122133912, -19.072453436803144 ], [ -50.514957825989718, -19.072658445731417 ], [ -50.515723200091948, -19.072799317734258 ], [ -50.51650087238697, -19.072874695976409 ], [ -50.517283352309384, -19.072883854436839 ], [ -50.518063102964618, -19.0728267049038 ], [ -50.518832613758995, -19.072703797825071 ], [ -50.519584472775691, -19.072516317004062 ], [ -50.520311438198149, -19.07226606819377 ], [ -50.521006508091268, -19.071955461698412 ], [ -50.521662987866954, -19.071587489150353 ], [ -50.522274554782982, -19.071165694686638 ], [ -50.522835318853033, -19.070694140803216 ], [ -50.523339879580568, -19.070177369216161 ], [ -50.523783377969792, -19.069620357107162 ], [ -50.524161543312736, -19.069028469175695 ], [ -50.52447073430222, -19.068407405959832 ], [ -50.524707974075355, -19.067763148924165 ], [ -50.524870978850991, -19.067101902843948 ], [ -50.524958179886632, -19.06643003604108 ], [ -50.524968738544622, -19.065754019047422 ], [ -50.524902554324306, -19.065080362286729 ], [ -50.524760265784337, -19.064415553375301 ], [ -50.524543244348109, -19.063765994645316 ], [ -50.524253581053678, -19.063137941492112 ], [ -50.523894066377387, -19.062537442139661 ], [ -50.523468163326974, -19.061970279403067 ], [ -50.522979974064604, -19.061441915009393 ], [ -50.522434200382264, -19.060957437012092 ], [ -50.52183609841088, -19.06052151080485 ], [ -50.521191427999597, -19.060138334206759 ], [ -50.520506397253065, -19.059811597049649 ], [ -50.519787602760211, -19.05954444565738 ], [ -50.519041966089794, -19.059339452557644 ], [ -50.518276667163228, -19.059198591718246 ], [ -50.517499075145167, -19.059123219545395 ], [ -50.516716677516037, -19.059114061826985 ], [ -50.51593700800791, -19.059171206746107 ], [ -50.515167574096019, -19.059294104032446 ], [ -50.514415784742653, -19.059481570258793 ], [ -50.513688879087248, -19.059731800233031 ], [ -50.512993856768063, -19.060042384374867 ], [ -50.512337410544987, -19.060410331910941 ], [ -50.511725861870822, -19.06083209966533 ], [ -50.511165100030851, -19.061303626168595 ], [ -50.510660525435931, -19.061820370756866 ], [ -50.510216997614762, -19.062377357285943 ], [ -50.509838788406377, -19.062969222039442 ], [ -50.509529540803662, -19.063590265369935 ], [ -50.509292233845137, -19.064234506577101 ], [ -50.509129153893838, -19.06489574149386 ], [ -50.509041872581236, -19.065567602227436 ] ] ] } },
{ "type": "Feature", "properties": { "porto": "Terminal de Munguba", "classe": "Terminal privado (TUP)", "tipo": "Terminal de uso privado", "estado": null, "cidade": null, "fonte": "envelope estimado (1000 m)", "osm_id": null, "osm_nome": null, "area_km2": 3.1365484905461565 }, "geometry": { "type": "Polygon", "coordinates": [ [ [ -52.419527339681608, -0.917314321239939 ], [ -52.419526494568892, -0.91822209643971 ], [ -52.419610143814559, -0.919125582756352 ], [ -52.419777483242036, -0.920016079116595 ], [ -52.420026902611234, -0.920885009541391 ], [ -52.420356001074943, -0.921724005737634 ], [ -52.420761610254267, -0.922524987690228 ], [ -52.421239824712664, -0.923280241477813 ], [ -52.421786039536606, -0.923982493563225 ], [ -52.422394994662177, -0.924624980842625 ], [ -52.423060825521439, -0.925201515779301 ], [ -52.423777119521318, -0.925706545994215 ], [ -52.424536977811066, -0.926135207739651 ], [ -52.425333081742991, -0.926483372741177 ], [ -52.42615776338571, -0.926747687956015 ], [ -52.427003079409495, -0.92692560786563 ], [ -52.427860887630835, -0.927015418991321 ], [ -52.428722925477132, -0.927016256396236 ], [ -52.429580889614037, -0.926928112015755 ], [ -52.430426515966374, -0.926751834734826 ], [ -52.431251659359958, -0.926489122212608 ], [ -52.432048372015203, -0.926142504532744 ], [ -52.432808980134624, -0.925715319836381 ], [ -52.433526157844845, -0.925211682173131 ], [ -52.434192997779618, -0.924636441879566 ], [ -52.434803077622696, -0.92399513886657 ], [ -52.435350521969191, -0.923293949265835 ], [ -52.435830058909005, -0.922539625948802 ], [ -52.436237070787499, -0.921739433491782 ], [ -52.43656763865495, -0.920901078212901 ], [ -52.43681857997754, -0.92003263395504 ], [ -52.436987479247875, -0.919142464329259 ], [ -52.437072711201708, -0.918239142168163 ], [ -52.437073456419064, -0.917331366964181 ], [ -52.436989709161544, -0.916427881088643 ], [ -52.436822277372258, -0.915537385597865 ], [ -52.436572774840712, -0.9146684564375 ], [ -52.436243605609995, -0.913829461852065 ], [ -52.435837940778541, -0.913028481794686 ], [ -52.435359687921569, -0.912273230113922 ], [ -52.434813453428248, -0.911570980266008 ], [ -52.434204498118376, -0.910928495268797 ], [ -52.433538686566969, -0.910351962571296 ], [ -52.432822430625109, -0.909846934466511 ], [ -52.432062627681013, -0.909418274620916 ], [ -52.431266594255447, -0.909070111236118 ], [ -52.430441995570298, -0.908805797292747 ], [ -52.429596771767258, -0.908627878260362 ], [ -52.428739061485864, -0.908538067584067 ], [ -52.427877123534927, -0.908537230183312 ], [ -52.427019257409874, -0.908625374122706 ], [ -52.426173723419346, -0.908801650534153 ], [ -52.425348663188117, -0.909064361791973 ], [ -52.424552021299881, -0.909410977861047 ], [ -52.423791468832597, -0.909838160662195 ], [ -52.423074329520936, -0.910341796218573 ], [ -52.422407509255549, -0.91091703427464 ], [ -52.421797429596765, -0.911558335005397 ], [ -52.421249965942415, -0.912259522367024 ], [ -52.420770390944568, -0.913013843573979 ], [ -52.420363323720437, -0.913814034131107 ], [ -52.420032685346619, -0.91465238779321 ], [ -52.419781661066466, -0.91552083077967 ], [ -52.419612669575379, -0.916410999528222 ], [ -52.419527339681608, -0.917314321239939 ] ] ] } },
{ "type": "Feature", "properties": { "porto": "Base de Oriximiná - BARIX", "classe": "Estação de transbordo", "tipo": "Estação de transbordo de cargas", "estado": null, "cidade": null, "fonte": "envelope estimado (800 m)", "osm_id": null, "osm_nome": null, "area_km2": 2.0073910339493422 }, "geometry": { "type": "Polygon", "coordinates": [ [ [ -56.376849996081127, -1.461444670551364 ], [ -56.376867401848642, -1.462168319009526 ], [ -56.376952526449806, -1.462886695057056 ], [ -56.377104550987063, -1.463592880331881 ], [ -56.377322012218492, -1.464280073869526 ], [ -56.37760281661744, -1.464941657600928 ], [ -56.377944260505728, -1.465571260088259 ], [ -56.378343056067642, -1.46616281788697 ], [ -56.37879536299517, -1.46671063394057 ], [ -56.379296825460223, -1.467209432448114 ], [ -56.379842614058511, -1.467654409673883 ], [ -56.380427472321109, -1.46804128021164 ], [ -56.381045767345825, -1.468366318256374 ], [ -56.381691544060416, -1.468626393487271 ], [ -56.382358582594414, -1.468819001215264 ], [ -56.383040458206352, -1.468942286505438 ], [ -56.38373060318807, -1.468995062041925 ], [ -56.384422370148947, -1.468976819562485 ], [ -56.385109096069137, -1.468887734753879 ], [ -56.385784166503655, -1.468728665559738 ], [ -56.386441079317706, -1.468501143917658 ], [ -56.387073507337924, -1.46820736100541 ], [ -56.387675359315153, -1.467850146137766 ], [ -56.388240838610358, -1.467432939517916 ], [ -56.388764499037698, -1.466959759105155 ], [ -56.389241297326279, -1.466435161918453 ], [ -56.389666641694724, -1.465864200148879 ], [ -56.390036436070758, -1.465252372502715 ], [ -56.39034711952992, -1.464605571244764 ], [ -56.39059570057394, -1.463930025451333 ], [ -56.390779785919179, -1.463232241019987 ], [ -56.390897603518908, -1.46251893801326 ], [ -56.39094801959844, -1.461796985940161 ], [ -56.390930549540471, -1.461073337598465 ], [ -56.390845362516934, -1.460354962115548 ], [ -56.390693279824248, -1.459648777831738 ], [ -56.390475766939225, -1.458961585673425 ], [ -56.390194919373521, -1.458300003656848 ], [ -56.389853442464201, -1.457670403153635 ], [ -56.389454625295947, -1.457078847532323 ], [ -56.389002309007104, -1.456531033765539 ], [ -56.388500849785508, -1.456032237566566 ], [ -56.387955076910792, -1.455587262582222 ], [ -56.387370246247649, -1.455200394132725 ], [ -56.386751989637624, -1.4548753579427 ], [ -56.386106260676726, -1.454615284261804 ], [ -56.385439277400252, -1.454422677719554 ], [ -56.38475746242618, -1.454299393205196 ], [ -56.384067381132368, -1.454246618004886 ], [ -56.383375678461945, -1.454264860367844 ], [ -56.382689014964136, -1.454353944611802 ], [ -56.38201400268504, -1.454513012814928 ], [ -56.381357141524589, -1.454740533077626 ], [ -56.380724756671121, -1.455034314275184 ], [ -56.380122937714923, -1.455391527158676 ], [ -56.379557480026065, -1.455808731601161 ], [ -56.37903382896004, -1.456281909727021 ], [ -56.378557027428002, -1.456806504605185 ], [ -56.378131667335978, -1.457377464133352 ], [ -56.377761845360496, -1.457989289691256 ], [ -56.37745112348663, -1.458636089094464 ], [ -56.37720249468893, -1.459311633337877 ], [ -56.377018354086154, -1.460009416583515 ], [ -56.376900475848565, -1.460722718814391 ], [ -56.376849996081127, -1.461444670551364 ] ] ] } },
{ "type": "Feature", "properties": { "porto": "ABI Miritituba", "classe": "Terminal privado (TUP)", "tipo": "Terminal de uso privado", "estado": null, "cidade": null, "fonte": "OSM (área portuária mapeada)", "osm_id": "relation/19838997", "osm_nome": "Terminal Flutuante Bertolini", "area_km2": 0.018608217032710598 }, "geometry": { "type": "Polygon", "coordinates": [ [ [ -55.962978, -4.2890697 ], [ -55.9627385, -4.2889958 ], [ -55.9627858, -4.288837500000058 ], [ -55.962543, -4.28876889999997 ], [ -55.9625934, -4.288662699999978 ], [ -55.9623325, -4.2886013 ], [ -55.962285, -4.288762800000017 ], [ -55.9621164, -4.288713399999967 ], [ -55.9619639, -4.2892839 ], [ -55.9619591, -4.2900809 ], [ -55.9618251, -4.2908797 ], [ -55.9620284, -4.2910333 ], [ -55.9622275, -4.2907957 ], [ -55.9624504, -4.290196 ], [ -55.9628821, -4.2896312 ], [ -55.962978, -4.2890697 ] ] ] } },
{ "type": "Feature", "properties": { "porto": "Terminal de Uso Privado de Macau", "classe": "Terminal privado (TUP)", "tipo": "Terminal de uso privado", "estado": null, "cidade": null, "fonte": "envelope estimado (1000 m)", "osm_id": null, "osm_nome": null, "area_km2": 3.1365484905464203 }, "geometry": { "type": "Polygon", "coordinates": [ [ [ -36.656682523343378, -5.104191280855707 ], [ -36.656589633652224, -5.105073353532084 ], [ -36.656583508218553, -5.105960294452172 ], [ -36.656664207551557, -5.106843561892623 ], [ -36.65683095596544, -5.107714649473604 ], [ -36.657082148992295, -5.108565168080911 ], [ -36.657415368779809, -5.109386926660333 ], [ -36.657827407327567, -5.110172011105583 ], [ -36.658314297339963, -5.110912860480148 ], [ -36.658871350400375, -5.111602339838798 ], [ -36.65949320210008, -5.11223380894706 ], [ -36.660173863688271, -5.112801186237117 ], [ -36.660906779746163, -5.11329900738327 ], [ -36.66168489132987, -5.113722477932914 ], [ -36.662500703973471, -5.114067519486072 ], [ -36.663346359896529, -5.114330808978446 ], [ -36.664213713719533, -5.114509810688809 ], [ -36.665094410956407, -5.114602800663624 ], [ -36.665979968526415, -5.114608883321928 ], [ -36.666861856507893, -5.114528000082101 ], [ -36.667731580344423, -5.11436092992573 ], [ -36.668580762709482, -5.114109281894645 ], [ -36.669401224238847, -5.113775479592345 ], [ -36.670185062351315, -5.113362737839703 ], [ -36.670924727396738, -5.112875031709747 ], [ -36.671613095396303, -5.112317058240153 ], [ -36.67224353667342, -5.111694191191776 ], [ -36.672809979713314, -5.111012429289916 ], [ -36.67330696963576, -5.1102783384466 ], [ -36.673729720718043, -5.109498988520539 ], [ -36.674074162462347, -5.108681885224472 ], [ -36.674336978765254, -5.107834897835057 ], [ -36.674515639812789, -5.106966183403042 ], [ -36.67460842639597, -5.106084108192274 ], [ -36.674614446414061, -5.105197167105465 ], [ -36.674533643408914, -5.104313901872424 ], [ -36.674366797050396, -5.10344281878815 ], [ -36.674115515570378, -5.102592306793985 ], [ -36.673782220220346, -5.101770556690046 ], [ -36.673370121904583, -5.100985482256883 ], [ -36.672883190215522, -5.100244644046272 ], [ -36.672326115171401, -5.099555176574458 ], [ -36.671704262025763, -5.09892371961904 ], [ -36.671023619584986, -5.098356354280791 ], [ -36.670290742532025, -5.09785854442621 ], [ -36.669512688311826, -5.097435084073891 ], [ -36.668696949185872, -5.097090051231913 ], [ -36.667851380109347, -5.096826768629961 ], [ -36.666984123124315, -5.096647771724233 ], [ -36.6661035289954, -5.096554784283863 ], [ -36.665218076840972, -5.096548701792209 ], [ -36.664336292531651, -5.096629582824635 ], [ -36.663466666639756, -5.096796648484307 ], [ -36.662617572727875, -5.097048289902255 ], [ -36.661797186761014, -5.097382083729084 ], [ -36.661013408416551, -5.097794815469606 ], [ -36.660273785047799, -5.098282510435614 ], [ -36.659585439031936, -5.098840472018407 ], [ -36.658954999200752, -5.099463326913956 ], [ -36.658388537013458, -5.100145076863965 ], [ -36.657891508086067, -5.100879156415719 ], [ -36.657468699640276, -5.101658496144456 ], [ -36.657124184378318, -5.102475590729318 ], [ -36.656861281228885, -5.103322571228371 ], [ -36.656682523343378, -5.104191280855707 ] ] ] } },
{ "type": "Feature", "properties": { "porto": "Tup da Salina Francisco Menescal", "classe": "Terminal privado (TUP)", "tipo": "Terminal de uso privado", "estado": null, "cidade": null, "fonte": "envelope estimado (1000 m)", "osm_id": null, "osm_nome": null, "area_km2": 3.1365484905464203 }, "geometry": { "type": "Polygon", "coordinates": [ [ [ -37.134284849216762, -5.008039795184109 ], [ -37.13419479502469, -5.008922588663742 ], [ -37.134191465063417, -5.009809978446953 ], [ -37.134274892918384, -5.010693418486514 ], [ -37.134444276622965, -5.011564400739876 ], [ -37.134697986324625, -5.012414537107366 ], [ -37.135033579927274, -5.013235640216726 ], [ -37.135447826561254, -5.014019802275637 ], [ -37.135936737656905, -5.014759471232633 ], [ -37.136495605323915, -5.015447523513028 ], [ -37.137119047668158, -5.016077332628731 ], [ -37.137801060610428, -5.016642833001756 ], [ -37.138535075708624, -5.017138578385318 ], [ -37.139314023426344, -5.017559794320985 ], [ -37.140130401238252, -5.017902424125122 ], [ -37.140976345915561, -5.018163167962895 ], [ -37.141843709294058, -5.018339514631868 ], [ -37.142724136793689, -5.018429765750104 ], [ -37.143609147931301, -5.018433052115257 ], [ -37.144490218049526, -5.018349342076518 ], [ -37.145358860472079, -5.01817944183962 ], [ -37.146206708292397, -5.017924987701463 ], [ -37.147025595005488, -5.017588430289072 ], [ -37.147807633204572, -5.017173010955127 ], [ -37.148545290582646, -5.016682730557299 ], [ -37.149231462505377, -5.016122310922325 ], [ -37.149859540455367, -5.015497149366171 ], [ -37.150423475687553, -5.014813266708332 ], [ -37.150917837482353, -5.014077249281591 ], [ -37.15133786543548, -5.01329618549539 ], [ -37.151679515281344, -5.012477597564605 ], [ -37.151939497809494, -5.011629369060756 ], [ -37.152115310500577, -5.010759668984515 ], [ -37.152205261578843, -5.009876873089786 ], [ -37.152208486251084, -5.008989483218157 ], [ -37.152124954978028, -5.00810604542027 ], [ -37.151955473700596, -5.007235067652615 ], [ -37.151701676021027, -5.006384937842427 ], [ -37.151366007416343, -5.005563843109923 ], [ -37.150951701638476, -5.004779690925561 ], [ -37.150462749529957, -5.004040032961329 ], [ -37.149903860557188, -5.003351992369458 ], [ -37.149280417433104, -5.002722195188825 ], [ -37.148598424266829, -5.002156706538814 ], [ -37.147864448740506, -5.00166097221565 ], [ -37.147085558869826, -5.001239766252787 ], [ -37.146269254957076, -5.000897144950514 ], [ -37.145423397391149, -5.00063640781705 ], [ -37.144556130988605, -5.000460065797109 ], [ -37.143675806602793, -5.000369817093986 ], [ -37.142790900754214, -5.000366530817218 ], [ -37.141909934054077, -5.000450238614291 ], [ -37.141041389204361, -5.000620134365475 ], [ -37.14019362936196, -5.000874581946337 ], [ -37.139374817650918, -5.001211130981863 ], [ -37.138592838595706, -5.001626540441249 ], [ -37.137855222230506, -5.002116809846322 ], [ -37.137169071613521, -5.002677217792766 ], [ -37.136540994443386, -5.003302367413839 ], [ -37.13597703943519, -5.003986238348688 ], [ -37.135482638068517, -5.004722244715023 ], [ -37.135062552268359, -5.005503298528406 ], [ -37.134720828523342, -5.006321877957337 ], [ -37.134460758883819, -5.007170099756884 ], [ -37.134284849216762, -5.008039795184109 ] ] ] } },
{ "type": "Feature", "properties": { "porto": "TEVEL", "classe": "Estação de transbordo", "tipo": "Estação de transbordo de cargas", "estado": null, "cidade": null, "fonte": "envelope estimado (800 m)", "osm_id": null, "osm_nome": null, "area_km2": 2.0073910339493422 }, "geometry": { "type": "Polygon", "coordinates": [ [ [ -63.911604301850417, -8.730482821124825 ], [ -63.911658639608028, -8.731178519347928 ], [ -63.911783670326464, -8.731865746884786 ], [ -63.911978190851194, -8.73253788529547 ], [ -63.912240328716962, -8.733188461423522 ], [ -63.912567560147004, -8.733811209739908 ], [ -63.912956734329391, -8.734400132688043 ], [ -63.91340410373784, -8.7349495584495 ], [ -63.913905360205746, -8.73545419557308 ], [ -63.914455676406718, -8.735909183941368 ], [ -63.915049752342597, -8.736310141583434 ], [ -63.915681866391139, -8.736653206882842 ], [ -63.916345930421684, -8.736935075773633 ], [ -63.917035548447444, -8.737153033566587 ], [ -63.917744078248738, -8.73730498109847 ], [ -63.918464695372748, -8.737389454952206 ], [ -63.919190458892281, -8.737405641553671 ], [ -63.919914378288709, -8.737353385008344 ], [ -63.920629480813652, -8.737233188603209 ], [ -63.921328878679148, -8.73704620995855 ], [ -63.922005835427733, -8.736794249877191 ], [ -63.922653830841746, -8.736479734997905 ], [ -63.923266623765556, -8.736105694420909 ], [ -63.923838312234665, -8.735675730530014 ], [ -63.924363390331415, -8.735193984293346 ], [ -63.924836801219463, -8.734665095376601 ], [ -63.925253985845657, -8.734094157453272 ], [ -63.925610926840399, -8.733486669142817 ], [ -63.925904187193716, -8.732848481049258 ], [ -63.926130943335338, -8.732185739410301 ], [ -63.926289012300821, -8.73150482690073 ], [ -63.92637687272309, -8.730812301159224 ], [ -63.926393679448516, -8.730114831632012 ], [ -63.926339271638255, -8.72941913534034 ], [ -63.926214174277931, -8.728731912191927 ], [ -63.926019593083069, -8.728059780458125 ], [ -63.925757402850451, -8.727409213038646 ], [ -63.925430129369289, -8.726786475128021 ], [ -63.925040925067485, -8.726197563882836 ], [ -63.924593538628805, -8.725648150671844 ], [ -63.924092278874333, -8.725143526463915 ], [ -63.923541973256732, -8.724688550880149 ], [ -63.922947921367459, -8.72428760540007 ], [ -63.922315843904663, -8.723944551172886 ], [ -63.921651827593045, -8.723662691838918 ], [ -63.920962266585562, -8.723444741720204 ], [ -63.920253800910743, -8.723292799685105 ], [ -63.919533252557009, -8.723208328939302 ], [ -63.918807559808791, -8.723192142937702 ], [ -63.918083710465027, -8.723244397551539 ], [ -63.917368674581979, -8.723364589568227 ], [ -63.916669337386601, -8.723551561536048 ], [ -63.91599243300486, -8.723803512908772 ], [ -63.915344479641988, -8.724118017382333 ], [ -63.914731716837572, -8.724492046256351 ], [ -63.914160045398695, -8.724921997596825 ], [ -63.913634970588525, -8.725403730917833 ], [ -63.913161549117106, -8.725932607050083 ], [ -63.912744340444299, -8.726503532811392 ], [ -63.912387362863804, -8.727111010049638 ], [ -63.912094054791574, -8.727749188586351 ], [ -63.911867241631661, -8.72841192255105 ], [ -63.911709108539718, -8.729092829563879 ], [ -63.911621179347179, -8.729785352197366 ], [ -63.911604301850417, -8.730482821124825 ] ] ] } },
{ "type": "Feature", "properties": { "porto": "Distribuidora Equador de Produtos de Petróleo S.A", "classe": "Terminal privado (TUP)", "tipo": "Terminal de uso privado", "estado": null, "cidade": null, "fonte": "OSM (área portuária mapeada)", "osm_id": "way/394193135", "osm_nome": "PORTOCHUELO - AMAGGI", "area_km2": 0.69197429363974106 }, "geometry": { "type": "Polygon", "coordinates": [ [ [ -63.7975695, -8.616230299999986 ], [ -63.7937135, -8.621536800000012 ], [ -63.8008348, -8.6267425 ], [ -63.8042647, -8.621176400000033 ], [ -63.7990695, -8.6171009 ], [ -63.7975695, -8.616230299999986 ] ] ] } },
{ "type": "Feature", "properties": { "porto": "Terminal Dome", "classe": "Terminal privado (TUP)", "tipo": "Terminal de uso privado", "estado": null, "cidade": null, "fonte": "OSM (área portuária mapeada)", "osm_id": "way/572181715", "osm_nome": "OSX", "area_km2": 0.38826906045827836 }, "geometry": { "type": "Polygon", "coordinates": [ [ [ -41.006936, -21.853785600000027 ], [ -41.0048068, -21.857505800000013 ], [ -41.0123169, -21.8614539 ], [ -41.014443, -21.858108799999954 ], [ -41.0141924, -21.857977699999985 ], [ -41.0139419, -21.857846500000015 ], [ -41.0136913, -21.857715399999986 ], [ -41.0134407, -21.8575842 ], [ -41.01319010000001, -21.8574531 ], [ -41.0129396, -21.857322 ], [ -41.012689, -21.8571908 ], [ -41.0124384, -21.8570597 ], [ -41.0121878, -21.8569285 ], [ -41.0119373, -21.856797400000019 ], [ -41.0116867, -21.8566662 ], [ -41.0114361, -21.8565351 ], [ -41.0072748, -21.854351800000021 ], [ -41.006936, -21.853785600000027 ] ] ] } },
{ "type": "Feature", "properties": { "porto": "Mac Laren Operações Offshore", "classe": "Terminal privado (TUP)", "tipo": "Terminal de uso privado", "estado": null, "cidade": null, "fonte": "envelope estimado (1000 m)", "osm_id": null, "osm_nome": null, "area_km2": 3.1365484905458985 }, "geometry": { "type": "Polygon", "coordinates": [ [ [ -43.11100526479828, -22.868396191495886 ], [ -43.110942374915517, -22.869235660292539 ], [ -43.110978348346116, -22.870076232520425 ], [ -43.111112840606417, -22.87090981295637 ], [ -43.111344558357558, -22.871728373567947 ], [ -43.111671271788289, -22.872524030835208 ], [ -43.112089836021667, -22.873289121686163 ], [ -43.112596221342265, -22.874016277313984 ], [ -43.113185551955155, -22.874698494164292 ], [ -43.113852152904968, -22.875329201407975 ], [ -43.114589604705039, -22.875902324249296 ], [ -43.115390805151137, -22.876412342457762 ], [ -43.116248037724894, -22.876854343559749 ], [ -43.117153045928156, -22.877224070175743 ], [ -43.118097112831329, -22.877517961047197 ], [ -43.119071145068538, -22.877733185355645 ], [ -43.120065760468812, -22.877867670004292 ], [ -43.121071378477176, -22.877920119596752 ], [ -43.122078312492299, -22.877890028921964 ], [ -43.123076863228711, -22.877777687822942 ], [ -43.124057412201644, -22.877584178403424 ], [ -43.125010514431061, -22.877311364599077 ], [ -43.12592698946959, -22.876961874213848 ], [ -43.126798009874875, -22.876539073595207 ], [ -43.127615186272138, -22.876047035192787 ], [ -43.128370648185765, -22.875490498313368 ], [ -43.129057119860171, -22.874874823451652 ], [ -43.129667990338646, -22.874205940637282 ], [ -43.130197377125086, -22.873490292296761 ], [ -43.130640182815583, -22.872734771181776 ], [ -43.130992144155414, -22.871946653962617 ], [ -43.131249873050137, -22.871133531127146 ], [ -43.131410889137676, -22.870303233861598 ], [ -43.131473643609894, -22.869463758617673 ], [ -43.131437534056822, -22.868623190093462 ], [ -43.131302910193249, -22.867789623369806 ], [ -43.131071070415445, -22.866971085952162 ], [ -43.130744249224101, -22.866175460469176 ], [ -43.130325595637352, -22.865410408771361 ], [ -43.129819142804386, -22.864683298160909 ], [ -43.129229769114637, -22.864001130462242 ], [ -43.128563151178859, -22.863370474615568 ], [ -43.127825709136495, -22.86279740344149 ], [ -43.127024544816791, -22.862287435184903 ], [ -43.126167373349794, -22.861845480399879 ], [ -43.125262448885358, -22.861475794685937 ], [ -43.124318485135049, -22.861181937729871 ], [ -43.123344571500631, -22.860966739046695 ], [ -43.122350085595237, -22.860832270748514 ], [ -43.121344602997418, -22.86077982760332 ], [ -43.120337805104775, -22.860809914574418 ], [ -43.119339385971635, -22.860922241961148 ], [ -43.118358959025365, -22.861115728186693 ], [ -43.117405964556561, -22.861388510206783 ], [ -43.116489578871409, -22.861737961438877 ], [ -43.115618625978477, -22.862160717040144 ], [ -43.114801492658081, -22.86265270629093 ], [ -43.114046047730412, -22.863209191773333 ], [ -43.1133595662983, -22.863824814967803 ], [ -43.11274865969343, -22.864493647830287 ], [ -43.112219211800237, -22.865209249853859 ], [ -43.111776322370908, -22.865964730066771 ], [ -43.111424257878213, -22.866752813370574 ], [ -43.11116641038069, -22.867565910580751 ], [ -43.11100526479828, -22.868396191495886 ] ] ] } },
{ "type": "Feature", "properties": { "porto": "Atem's Distribuidora de Petróleo", "classe": "Terminal privado (TUP)", "tipo": "Terminal de uso privado", "estado": null, "cidade": null, "fonte": "OSM (área portuária mapeada)", "osm_id": "way/915379021", "osm_nome": null, "area_km2": 0.00062086106664941006 }, "geometry": { "type": "Polygon", "coordinates": [ [ [ -72.6453875, -7.619652899999977 ], [ -72.6453365, -7.6196538 ], [ -72.6453352, -7.6197283 ], [ -72.6451649, -7.619733500000027 ], [ -72.6451615, -7.619870499999984 ], [ -72.6455173, -7.619855600000012 ], [ -72.6455169, -7.6197309 ], [ -72.6453862, -7.619728299999979 ], [ -72.6453875, -7.619652899999977 ] ] ] } },
{ "type": "Feature", "properties": { "porto": "Petróleo Sabbá - Terminal Manaus", "classe": "Terminal privado (TUP)", "tipo": "Terminal de uso privado", "estado": null, "cidade": null, "fonte": "OSM (área portuária mapeada)", "osm_id": "way/166764250", "osm_nome": null, "area_km2": 0.016120846538879637 }, "geometry": { "type": "Polygon", "coordinates": [ [ [ -59.938572, -3.133344400000021 ], [ -59.9391693, -3.133033400000018 ], [ -59.9393187, -3.1329482 ], [ -59.9395234, -3.1326799 ], [ -59.9393946, -3.132096 ], [ -59.9393142, -3.131897800000018 ], [ -59.9392391, -3.131801400000016 ], [ -59.9391363, -3.1317377 ], [ -59.9390084, -3.131705 ], [ -59.9388747, -3.1317046 ], [ -59.93828640000001, -3.1320259 ], [ -59.9386157, -3.1331668 ], [ -59.9385436, -3.133202100000022 ], [ -59.938572, -3.133344400000021 ] ] ] } },
{ "type": "Feature", "properties": { "porto": "Merlim", "classe": "Estação de transbordo", "tipo": "Estação de transbordo de cargas", "estado": null, "cidade": null, "fonte": "envelope estimado (800 m)", "osm_id": null, "osm_nome": null, "area_km2": 2.0073910339494341 }, "geometry": { "type": "Polygon", "coordinates": [ [ [ -51.183568701317618, -29.968682137313678 ], [ -51.183560892860704, -29.969356700182026 ], [ -51.183636823613611, -29.970028620101267 ], [ -51.183795763711196, -29.970691425998798 ], [ -51.184036183787526, -29.971338734451095 ], [ -51.184355769653962, -29.971964311168644 ], [ -51.184751444540382, -29.972562131049244 ], [ -51.185219398687124, -29.973126436220461 ], [ -51.185755126004068, -29.97365179151209 ], [ -51.186353467445024, -29.974133136822754 ], [ -51.18700866068064, -29.974565835876295 ], [ -51.187714395591776, -29.974945720896891 ], [ -51.188463875049003, -29.975269132771793 ], [ -51.189249880392502, -29.975532956314261 ], [ -51.190064840981066, -29.975734650285823 ], [ -51.190900907139145, -29.975872271887816 ], [ -51.191750025798079, -29.975944495486182 ], [ -51.192604018101342, -29.975950625388158 ], [ -51.193454658224397, -29.975890602547473 ], [ -51.194293752648164, -29.975765005133457 ], [ -51.195113219120493, -29.975575042958621 ], [ -51.195905164543206, -29.975322545818063 ], [ -51.196661961032575, -29.975009945853984 ], [ -51.197376319419099, -29.97464025411524 ], [ -51.198041359477145, -29.974217031538437 ], [ -51.19865067620696, -29.973744354631187 ], [ -51.19919840152982, -29.973226776188188 ], [ -51.199679260801879, -29.972669281420128 ], [ -51.200088623602191, -29.97207723991859 ], [ -51.200422548306314, -29.97145635392021 ], [ -51.200677820017042, -29.970812603369954 ], [ -51.200851981487851, -29.970152188312664 ], [ -51.200943356743032, -29.96948146916893 ], [ -51.200951067168461, -29.968806905470583 ], [ -51.200875039920149, -29.968134993646562 ], [ -51.200716008571455, -29.967472204458279 ], [ -51.20047550599508, -29.966824920687234 ], [ -51.200155849550072, -29.966199375674403 ], [ -51.199760118718864, -29.965601593303621 ], [ -51.19929212541102, -29.965037330005824 ], [ -51.198756377221628, -29.964512019342031 ], [ -51.198158033998986, -29.964030719698599 ], [ -51.197502858140894, -29.963598065596717 ], [ -51.196797159098715, -29.96321822308478 ], [ -51.196047732623441, -29.962894849641934 ], [ -51.195261795338816, -29.962631058977951 ], [ -51.194446915270589, -29.962429391067879 ], [ -51.193610938999967, -29.9622917877088 ], [ -51.192761916141265, -29.962219573833686 ], [ -51.191908021869487, -29.962213444761709 ], [ -51.191057478241852, -29.962273459507241 ], [ -51.190218475069187, -29.962399040211931 ], [ -51.189399091096902, -29.962588977705497 ], [ -51.188607216252755, -29.962841443141315 ], [ -51.187850475708181, -29.96315400559563 ], [ -51.187136156482751, -29.963523655460968 ], [ -51.186471137297154, -29.963946833409921 ], [ -51.185861822349032, -29.964419464649936 ], [ -51.185314079648634, -29.964936998141258 ], [ -51.184833184507617, -29.965494450400637 ], [ -51.184423768725367, -29.966086453470165 ], [ -51.184089775962363, -29.96670730659002 ], [ -51.183834423731305, -29.967351031078842 ], [ -51.183660172373038, -29.968011427893199 ], [ -51.183568701317618, -29.968682137313678 ] ] ] } },
{ "type": "Feature", "properties": { "porto": "Terminal Distribuidora Equador Manaus", "classe": "Terminal privado (TUP)", "tipo": "Terminal de uso privado", "estado": null, "cidade": null, "fonte": "OSM (área portuária mapeada)", "osm_id": "way/166764250", "osm_nome": null, "area_km2": 0.016120846538879637 }, "geometry": { "type": "Polygon", "coordinates": [ [ [ -59.938572, -3.133344400000021 ], [ -59.9391693, -3.133033400000018 ], [ -59.9393187, -3.1329482 ], [ -59.9395234, -3.1326799 ], [ -59.9393946, -3.132096 ], [ -59.9393142, -3.131897800000018 ], [ -59.9392391, -3.131801400000016 ], [ -59.9391363, -3.1317377 ], [ -59.9390084, -3.131705 ], [ -59.9388747, -3.1317046 ], [ -59.93828640000001, -3.1320259 ], [ -59.9386157, -3.1331668 ], [ -59.9385436, -3.133202100000022 ], [ -59.938572, -3.133344400000021 ] ] ] } },
{ "type": "Feature", "properties": { "porto": "TUP CESARI", "classe": "Terminal privado (TUP)", "tipo": "Terminal de uso privado", "estado": null, "cidade": null, "fonte": "envelope estimado (1000 m)", "osm_id": null, "osm_nome": null, "area_km2": 3.1365484905461636 }, "geometry": { "type": "Polygon", "coordinates": [ [ [ -48.424589657244368, -1.286002290293649 ], [ -48.42456601593117, -1.286907734536571 ], [ -48.424627142856451, -1.287811243323899 ], [ -48.424772450765182, -1.288704115365716 ], [ -48.425000541626211, -1.289577751801241 ], [ -48.425309220043637, -1.290423739010751 ], [ -48.425695514351872, -1.291233929644429 ], [ -48.426155705193032, -1.292000521086978 ], [ -48.426685361303072, -1.2927161306023 ], [ -48.427279382163185, -1.293373866435093 ], [ -48.427932047106843, -1.293967394183758 ], [ -48.42863707040982, -1.294490997806018 ], [ -48.429387661833061, -1.294939634669307 ], [ -48.430176592034755, -1.295308984115639 ], [ -48.430996262221171, -1.295595489073579 ], [ -48.431838777364248, -1.295796390316079 ], [ -48.432696022279465, -1.295909753034409 ], [ -48.433559739829619, -1.29593448547199 ], [ -48.434421610499349, -1.295870349439616 ], [ -48.435273332572102, -1.295717962608695 ], [ -48.436106702135213, -1.295478792563143 ], [ -48.436913692140436, -1.295155142664708 ], [ -48.437686529756661, -1.294750129869664 ], [ -48.438417771267858, -1.294267654709546 ], [ -48.439100373793487, -1.293712363725464 ], [ -48.439727763139281, -1.293089604717778 ], [ -48.440293897124114, -1.2924053752422 ], [ -48.440793323772574, -1.291666264848085 ], [ -48.441221233812541, -1.29087939161588 ], [ -48.441573506972723, -1.290052333604461 ], [ -48.441846751634777, -1.289193055868726 ], [ -48.44203833745938, -1.288309833750409 ], [ -48.442146420673382, -1.287411173180938 ], [ -48.442169961776301, -1.286505728764051 ], [ -48.442108735497428, -1.285602220426819 ], [ -48.441963332909886, -1.284709349441642 ], [ -48.441735155683297, -1.28383571462885 ], [ -48.441426402532542, -1.282989729545768 ], [ -48.441040047995173, -1.282179541460397 ], [ -48.440579813743618, -1.281412952890253 ], [ -48.440050132710191, -1.280697346460969 ], [ -48.439456106371466, -1.280039613809282 ], [ -48.438803455604528, -1.279446089214479 ], [ -48.438098465588794, -1.278922488597733 ], [ -48.437347925284108, -1.278473854476043 ], [ -48.436559062067822, -1.278104507402092 ], [ -48.435739472159469, -1.277818004356023 ], [ -48.434897047502048, -1.277617104491566 ], [ -48.434039899802777, -1.277503742564442 ], [ -48.43317628246291, -1.277479010300741 ], [ -48.432314511146778, -1.277543145883103 ], [ -48.431462883752815, -1.277695531657333 ], [ -48.430629600555271, -1.277934700080186 ], [ -48.429822685283376, -1.27825834785221 ], [ -48.429049907896299, -1.278663358098896 ], [ -48.428318709795491, -1.279145830386608 ], [ -48.427636132193257, -1.279701118284669 ], [ -48.427008748326067, -1.280323874111249 ], [ -48.426442600164506, -1.281008100432966 ], [ -48.42594314022881, -1.281747207821601 ], [ -48.425515179070281, -1.282534078312171 ], [ -48.425162838924685, -1.283361133951245 ], [ -48.424889513984581, -1.284220409775024 ], [ -48.424697837674323, -1.285103630515366 ], [ -48.424589657244368, -1.286002290293649 ] ] ] } },
{ "type": "Feature", "properties": { "porto": "Base de Caracaraí - BARAC", "classe": "Estação de transbordo", "tipo": "Estação de transbordo de cargas", "estado": null, "cidade": null, "fonte": "OSM (área portuária mapeada)", "osm_id": "way/1465205061", "osm_nome": "Porto de Caracaraí", "area_km2": 0.0088752825992928792 }, "geometry": { "type": "Polygon", "coordinates": [ [ [ -61.1256373, 1.8193127 ], [ -61.1257902, 1.819377699999983 ], [ -61.1261621, 1.819544700000041 ], [ -61.1257719, 1.820341 ], [ -61.1253785, 1.8201395 ], [ -61.1250566, 1.8196199 ], [ -61.1253682, 1.819188199999977 ], [ -61.1256373, 1.8193127 ] ] ] } },
{ "type": "Feature", "properties": { "porto": "Terminal MFX", "classe": "Terminal privado (TUP)", "tipo": "Terminal de uso privado", "estado": null, "cidade": null, "fonte": "OSM (área portuária mapeada)", "osm_id": "way/754987727", "osm_nome": "Terminal Portuário Cotegipe", "area_km2": 0.27686401307009328 }, "geometry": { "type": "Polygon", "coordinates": [ [ [ -38.4723106, -12.791601500000029 ], [ -38.4718385, -12.7919913 ], [ -38.4710231, -12.7916486 ], [ -38.4722757, -12.7896424 ], [ -38.4723669, -12.789203 ], [ -38.4727344, -12.7885909 ], [ -38.472839, -12.788577800000017 ], [ -38.4731635, -12.7885857 ], [ -38.4734532, -12.788876 ], [ -38.4735873, -12.788896900000019 ], [ -38.4740943, -12.7889022 ], [ -38.4745422, -12.7884784 ], [ -38.47462130000001, -12.7882182 ], [ -38.4749945, -12.7874779 ], [ -38.4750404, -12.7874766 ], [ -38.475078, -12.7874812 ], [ -38.4751189, -12.787496199999984 ], [ -38.4751712, -12.7875263 ], [ -38.4751981, -12.7875474 ], [ -38.475202, -12.7877931 ], [ -38.4752919, -12.7879356 ], [ -38.4759731, -12.7882038 ], [ -38.4762883, -12.78778 ], [ -38.476665, -12.787155 ], [ -38.4770919, -12.7870018 ], [ -38.4777259, -12.787255599999988 ], [ -38.478021, -12.7876179 ], [ -38.4772968, -12.7891559 ], [ -38.4771118, -12.789302400000031 ], [ -38.4774765, -12.790118499999982 ], [ -38.4782624, -12.790330300000011 ], [ -38.4792548, -12.7907802 ], [ -38.47872910000001, -12.7911307 ], [ -38.4786755, -12.791237899999983 ], [ -38.4781682, -12.791823199999987 ], [ -38.47784630000001, -12.792084799999982 ], [ -38.4777594, -12.7923136 ], [ -38.4770535, -12.792896099999984 ], [ -38.4768945, -12.792925 ], [ -38.4767899, -12.792564100000011 ], [ -38.47653780000001, -12.792226699999976 ], [ -38.475717, -12.7917218 ], [ -38.4754917, -12.791646 ], [ -38.47447780000001, -12.7914812 ], [ -38.4732655, -12.791622500000013 ], [ -38.4723106, -12.791601500000029 ] ] ] } },
{ "type": "Feature", "properties": { "porto": "Terminal Dock Brasil", "classe": "Terminal privado (TUP)", "tipo": "Terminal de uso privado", "estado": null, "cidade": null, "fonte": "envelope estimado (1000 m)", "osm_id": null, "osm_nome": null, "area_km2": 3.1365484905458985 }, "geometry": { "type": "Polygon", "coordinates": [ [ [ -43.087239559347253, -22.829790827743849 ], [ -43.087176530876476, -22.830630311724015 ], [ -43.087212335322469, -22.83147091211427 ], [ -43.087346629827792, -22.83230453342059 ], [ -43.087578122957119, -22.83312314721752 ], [ -43.08790458706163, -22.833918869473653 ], [ -43.088322879664908, -22.834684036492277 ], [ -43.088828973667226, -22.83541127873411 ], [ -43.089417996079092, -22.836093591811952 ], [ -43.090084274913529, -22.836724403971395 ], [ -43.090821393786463, -22.837297639407669 ], [ -43.091622253700621, -22.837807776807274 ], [ -43.092479141418082, -22.838249902549997 ], [ -43.093383803762919, -22.838619758057071 ], [ -43.09432752713758, -22.838913780829554 ], [ -43.095301221485855, -22.839129138779501 ], [ -43.096295507892187, -22.83926375752349 ], [ -43.097300808971326, -22.839316340373955 ], [ -43.098307441175393, -22.83928638083648 ], [ -43.0993057081267, -22.83917416749075 ], [ -43.100285994074447, -22.838980781209585 ], [ -43.101238856572508, -22.838708084741953 ], [ -43.102155117482809, -22.838358704760768 ], [ -43.103025951425479, -22.837936006549075 ], [ -43.103842970821539, -22.837444061568906 ], [ -43.104598306707175, -22.836887608226043 ], [ -43.105284684540052, -22.836272006209239 ], [ -43.10589549426652, -22.835603184845215 ], [ -43.106424853974616, -22.834887585967465 ], [ -43.106867666520152, -22.834132101850209 ], [ -43.107219668581131, -22.833344008806488 ], [ -43.107477471669661, -22.832530897090564 ], [ -43.107638594707765, -22.831700597781168 ], [ -43.107701487855991, -22.83086110734947 ], [ -43.107665547367588, -22.83002051063988 ], [ -43.107531121327995, -22.829186903004992 ], [ -43.107299506227349, -22.828368312344853 ], [ -43.106972934401767, -22.827572621801696 ], [ -43.106554552467287, -22.826807493853661 ], [ -43.106048390956616, -22.826080296538368 ], [ -43.105459325453552, -22.825398032516699 ], [ -43.104793029601041, -22.824767271657745 ], [ -43.104055920437141, -22.824194087794847 ], [ -43.103255096586018, -22.823684000259586 ], [ -43.102398269899716, -22.823241920755976 ], [ -43.101493691208759, -22.822872106085718 ], [ -43.100550070895942, -22.822578117178516 ], [ -43.099576495056851, -22.822362784820822 ], [ -43.098582338052822, -22.822228182412658 ], [ -43.097577172296219, -22.822175606013701 ], [ -43.096570676134583, -22.822205561870497 ], [ -43.095572540717527, -22.82231776154482 ], [ -43.094592376741097, -22.822511124689164 ], [ -43.093639621964122, -22.8227837894438 ], [ -43.092723450385023, -22.823133130354453 ], [ -43.091852683950698, -22.823555783639566 ], [ -43.091035707645844, -22.824047679563574 ], [ -43.090280388778282, -22.824604081605983 ], [ -43.089594001236357, -22.825219632049407 ], [ -43.088983155446861, -22.825888403549026 ], [ -43.088453734707606, -22.826603956187707 ], [ -43.08801083850819, -22.827359399468126 ], [ -43.087658733385361, -22.828147458646573 ], [ -43.087400811787646, -22.828960544770226 ], [ -43.087239559347253, -22.829790827743849 ] ] ] } },
{ "type": "Feature", "properties": { "porto": "Terminal UNI-Z", "classe": "Estação de transbordo", "tipo": "Estação de transbordo de cargas", "estado": null, "cidade": null, "fonte": "OSM (área portuária mapeada)", "osm_id": "way/628304295", "osm_nome": "ETC Hidrovias do Brasil Miritituba", "area_km2": 0.10525157822413075 }, "geometry": { "type": "Polygon", "coordinates": [ [ [ -55.946833, -4.271728799999988 ], [ -55.9467334, -4.271174 ], [ -55.9462613, -4.2707193 ], [ -55.9457547, -4.2704649 ], [ -55.9454515, -4.2708869 ], [ -55.9452414, -4.2713065 ], [ -55.9446247, -4.272506299999971 ], [ -55.9439394, -4.272056199999944 ], [ -55.9436046, -4.2727447 ], [ -55.943675, -4.2737386 ], [ -55.9437845, -4.274810399999953 ], [ -55.9438983, -4.276148100000013 ], [ -55.9439941, -4.276389100000014 ], [ -55.946833, -4.271728799999988 ] ] ] } },
{ "type": "Feature", "properties": { "porto": "Itahum Terminal", "classe": "Terminal privado (TUP)", "tipo": "Terminal de uso privado", "estado": null, "cidade": null, "fonte": "OSM (área portuária mapeada)", "osm_id": "way/1056878671", "osm_nome": "Porto Saladero", "area_km2": 0.14107931045744992 }, "geometry": { "type": "Polygon", "coordinates": [ [ [ -57.8976526, -21.709383700000014 ], [ -57.8954854, -21.711317400000027 ], [ -57.8924384, -21.7084068 ], [ -57.8947559, -21.706473 ], [ -57.896966, -21.708666 ], [ -57.8976526, -21.709383700000014 ] ] ] } },
{ "type": "Feature", "properties": { "porto": "Brasbunker São Gonçalo", "classe": "Terminal privado (TUP)", "tipo": "Terminal de uso privado", "estado": null, "cidade": null, "fonte": "envelope estimado (1000 m)", "osm_id": null, "osm_nome": null, "area_km2": 3.1365484905458985 }, "geometry": { "type": "Polygon", "coordinates": [ [ [ -43.083774978519166, -22.824918629425792 ], [ -43.083711929475271, -22.825758115184261 ], [ -43.083747709508977, -22.82659871924454 ], [ -43.083881975997819, -22.827432346077252 ], [ -43.084113437776153, -22.828250967203843 ], [ -43.084439867496975, -22.829046698522458 ], [ -43.084858123014982, -22.829811876249121 ], [ -43.085364177587522, -22.830539130741688 ], [ -43.085953158604859, -22.83122145749515 ], [ -43.086619394478703, -22.831852284623487 ], [ -43.087356469238777, -22.832425536178015 ], [ -43.08815728431275, -22.832935690690157 ], [ -43.089014126894654, -22.833377834375053 ], [ -43.089918744243391, -22.833747708481265 ], [ -43.090862423194913, -22.834041750330872 ], [ -43.091836074121005, -22.834257127652315 ], [ -43.09283031852447, -22.834391765875594 ], [ -43.093835579424713, -22.834444368125659 ], [ -43.094842173660993, -22.834414427721171 ], [ -43.095840405221402, -22.834302233057532 ], [ -43.09682065869611, -22.834108864827623 ], [ -43.097773491951799, -22.833836185606426 ], [ -43.098689727132083, -22.833486821900586 ], [ -43.099560539104928, -22.833064138836292 ], [ -43.100377540502919, -22.832572207729548 ], [ -43.101132862535565, -22.832015766852312 ], [ -43.101819230793843, -22.83140017577313 ], [ -43.10243003531621, -22.830731363713223 ], [ -43.10295939424072, -22.830015772416335 ], [ -43.103402210430545, -22.829260294083507 ], [ -43.103754220528465, -22.828472204971959 ], [ -43.104012035968999, -22.827659095298049 ], [ -43.104173175555033, -22.826828796120697 ], [ -43.104236089287596, -22.825989303909857 ], [ -43.104200173221507, -22.825148703527056 ], [ -43.104065775206884, -22.824315090360283 ], [ -43.103834191463847, -22.823496492362985 ], [ -43.103507654026409, -22.822700792748176 ], [ -43.103089309179374, -22.821935654081415 ], [ -43.102583187098254, -22.82120844450381 ], [ -43.101994162987118, -22.820526166794348 ], [ -43.101327910090319, -22.819895390954272 ], [ -43.100590845032308, -22.819322190961316 ], [ -43.099790066012567, -22.818812086302575 ], [ -43.098933284451533, -22.81836998884711 ], [ -43.098028750745307, -22.818000155569667 ], [ -43.097085174843592, -22.817706147579244 ], [ -43.096111642414463, -22.817490795846215 ], [ -43.095117527401364, -22.817356173957176 ], [ -43.094112401812438, -22.817303578159478 ], [ -43.093105943608542, -22.817333514886499 ], [ -43.092107843573906, -22.817445695884143 ], [ -43.091127712063916, -22.81763904098478 ], [ -43.090174986524843, -22.817911688502225 ], [ -43.089258840673587, -22.818261013148149 ], [ -43.0883880962093, -22.818683651297455 ], [ -43.087571137905115, -22.819175533360195 ], [ -43.086815832895432, -22.819731922949181 ], [ -43.086129454935097, -22.820347462466771 ], [ -43.085518614358492, -22.821016224673254 ], [ -43.084989194413112, -22.821731769740751 ], [ -43.084546294580775, -22.822487207244802 ], [ -43.084194181433041, -22.823275262497141 ], [ -43.083936247495544, -22.824088346582698 ], [ -43.083774978519166, -22.824918629425792 ] ] ] } },
{ "type": "Feature", "properties": { "porto": "Chibatão Navegação e Comércio Ltda - TUP Alfandegado", "classe": "Terminal privado (TUP)", "tipo": "Terminal de uso privado", "estado": null, "cidade": null, "fonte": "envelope estimado (1000 m)", "osm_id": null, "osm_nome": null, "area_km2": 3.1365484905461787 }, "geometry": { "type": "Polygon", "coordinates": [ [ [ -59.981287450109605, -3.155907140047507 ], [ -59.981330244341436, -3.156802224521669 ], [ -59.981458431748436, -3.157688695277158 ], [ -59.981670779232218, -3.158558015084032 ], [ -59.981965243075869, -3.159401811865647 ], [ -59.982338988575968, -3.160211959327905 ], [ -59.982788417298295, -3.160980655222695 ], [ -59.983309201696592, -3.161700496491094 ], [ -59.983896326762462, -3.162364550562619 ], [ -59.984544138305985, -3.162966422123776 ], [ -59.985246397403131, -3.163500314712469 ], [ -59.98599634048557, -3.16396108654557 ], [ -59.986786744493969, -3.164344300040959 ], [ -59.987609996466858, -3.164646264557852 ], [ -59.988458166893686, -3.164864071942595 ], [ -59.989323086124287, -3.164995624538978 ], [ -59.990196423097267, -3.165039655391484 ], [ -59.991069765627117, -3.164995740448051 ], [ -59.991934701474769, -3.164864302644437 ], [ -59.992782899418678, -3.1646466078306 ], [ -59.993606189543506, -3.164344752578717 ], [ -59.994396641971015, -3.163961643989958 ], [ -59.995146643273152, -3.163500971694918 ], [ -59.995848969829574, -3.162967172317017 ], [ -59.996496857421874, -3.162365386741741 ], [ -59.997084066393285, -3.161701410603111 ], [ -59.99760494174545, -3.160981638464054 ], [ -59.998054467593633, -3.160213002229378 ], [ -59.99842831545589, -3.159402904383337 ], [ -59.998722885911896, -3.158559146696313 ], [ -59.99893534323126, -3.157689855085875 ], [ -59.999063642639108, -3.156803401357203 ], [ -59.999106549958285, -3.155908322576189 ], [ -59.999063653440729, -3.155013238851406 ], [ -59.998935367676161, -3.154126770317357 ], [ -59.998722929542822, -3.153257454118502 ], [ -59.998428386241216, -3.152413662192882 ], [ -59.998054575528315, -3.151603520648012 ], [ -59.997605098344408, -3.150834831504584 ], [ -59.997084284098101, -3.150114997562008 ], [ -59.996497148944854, -3.149450951109285 ], [ -59.995849347462219, -3.148849087167193 ], [ -59.995147118187596, -3.148315201904863 ], [ -59.994397223543267, -3.147854436824043 ], [ -59.993606884727114, -3.147471229247232 ], [ -59.992783712195283, -3.147169269587967 ], [ -59.991935632405465, -3.146951465812992 ], [ -59.9910708115247, -3.146819915439914 ], [ -59.990197576834838, -3.146775885338758 ], [ -59.98932433659072, -3.146819799532797 ], [ -59.988459499100628, -3.146951235115004 ], [ -59.987611391806276, -3.147168926320787 ], [ -59.986788181139403, -3.147470776716643 ], [ -59.985997793924696, -3.147853879388015 ], [ -59.985247841084146, -3.148314544931776 ], [ -59.984545544375727, -3.148848336983821 ], [ -59.983897666870803, -3.14945011494026 ], [ -59.983310447838505, -3.150114083459909 ], [ -59.982789542663816, -3.150833848272518 ], [ -59.982339968377524, -3.15160247775498 ], [ -59.981966055323035, -3.152412569682343 ], [ -59.981671405425956, -3.153256322511874 ], [ -59.98145885746959, -3.154125610512511 ], [ -59.98133045971192, -3.155012062017827 ], [ -59.981287450109605, -3.155907140047507 ] ] ] } },
{ "type": "Feature", "properties": { "porto": "Administração de Bens de Infraestrutura - ABI", "classe": "Terminal privado (TUP)", "tipo": "Terminal de uso privado", "estado": null, "cidade": null, "fonte": "OSM (área portuária mapeada)", "osm_id": "way/1444733791", "osm_nome": "Antigo porto da cidade", "area_km2": 0.0019465404939471764 }, "geometry": { "type": "Polygon", "coordinates": [ [ [ -54.7110146, -2.4156301 ], [ -54.7110207, -2.416075 ], [ -54.7106575, -2.416091300000021 ], [ -54.7106895, -2.41561630000002 ], [ -54.7110146, -2.4156301 ] ] ] } },
{ "type": "Feature", "properties": { "porto": "Petróleo Sabbá - Itaituba", "classe": "Terminal privado (TUP)", "tipo": "Terminal de uso privado", "estado": null, "cidade": null, "fonte": "envelope estimado (1000 m)", "osm_id": null, "osm_nome": null, "area_km2": 3.136548490546164 }, "geometry": { "type": "Polygon", "coordinates": [ [ [ -56.00018642472152, -4.278873503638335 ], [ -56.000206388728287, -4.279764032022189 ], [ -56.00031256274076, -4.280648289019482 ], [ -56.000503925703235, -4.281517758716766 ], [ -56.000778636045744, -4.282364067583011 ], [ -56.001134049367138, -4.283179065113714 ], [ -56.001566743855577, -4.283954902328032 ], [ -56.002072553203512, -4.284684107362966 ], [ -56.002646606701688, -4.285359657436354 ], [ -56.003283376127051, -4.285975046485488 ], [ -56.003976728973853, -4.286524347829564 ], [ -56.004719987515656, -4.287002271252644 ], [ -56.005505993129304, -4.287404213956864 ], [ -56.006327175260864, -4.287726304895084 ], [ -56.007175624368372, -4.287965442055508 ], [ -56.008043168137732, -4.288119322340007 ], [ -56.008921450235931, -4.288186463746936 ], [ -56.009802010841376, -4.288166219645576 ], [ -56.010676368173698, -4.288058785004361 ], [ -56.011536100235602, -4.287865194513202 ], [ -56.012372925977331, -4.287587312617099 ], [ -56.013178785099988, -4.287227815558386 ], [ -56.013945915727106, -4.286790165599733 ], [ -56.014666929194696, -4.286278577676153 ], [ -56.015334881237948, -4.285697978798161 ], [ -56.015943338887929, -4.285053960596666 ], [ -56.016486442433269, -4.284352725466867 ], [ -56.016958961849753, -4.283601026829919 ], [ -56.017356347154447, -4.282806104088568 ], [ -56.017674772200031, -4.281975612902301 ], [ -56.017911171488478, -4.281117551454812 ], [ -56.018063269650803, -4.280240183423259 ], [ -56.018129603310754, -4.279351958391493 ], [ -56.0181095351236, -4.278461430474119 ], [ -56.018003259857075, -4.277577175934926 ], [ -56.017811802457999, -4.276707710592831 ], [ -56.017537008125501, -4.275861407811531 ], [ -56.017181524488421, -4.275046417861755 ], [ -56.016748776060794, -4.27427058943293 ], [ -56.016242931223012, -4.273541394050534 ], [ -56.01566886204818, -4.272865854125636 ], [ -56.015032097361818, -4.272250475331066 ], [ -56.014338769487537, -4.271701183953527 ], [ -56.013595555192104, -4.271223269825886 ], [ -56.012809611398303, -4.270821335388836 ], [ -56.011988506284382, -4.270499251371931 ], [ -56.011140146432552, -4.270260119520787 ], [ -56.010272700726858, -4.270106242729583 ], [ -56.009394521731785, -4.270039102865701 ], [ -56.008514065306741, -4.270059346500616 ], [ -56.007639809228472, -4.270166778683747 ], [ -56.006780171603168, -4.270360364819717 ], [ -56.00594342985142, -4.270638240630841 ], [ -56.005137641044456, -4.270997730108576 ], [ -56.004370564356527, -4.271435371281752 ], [ -56.003649586378785, -4.271946949552864 ], [ -56.002981650012181, -4.272527538282329 ], [ -56.002373187623206, -4.273171546229262 ], [ -56.001830059105338, -4.273872771392557 ], [ -56.001357495442484, -4.274624460733983 ], [ -56.000960048317936, -4.275419375208164 ], [ -56.00064154625472, -4.276249859473183 ], [ -56.000405057710601, -4.277107915611375 ], [ -56.000252861484604, -4.27798528014965 ], [ -56.00018642472152, -4.278873503638335 ] ] ] } },
{ "type": "Feature", "properties": { "porto": "Petróleo Sabbá - Miritituba", "classe": "Terminal privado (TUP)", "tipo": "Terminal de uso privado", "estado": null, "cidade": null, "fonte": "envelope estimado (1000 m)", "osm_id": null, "osm_nome": null, "area_km2": 3.136548490546164 }, "geometry": { "type": "Polygon", "coordinates": [ [ [ -56.004025080973193, -4.318759783905383 ], [ -56.00404507251217, -4.319650125142958 ], [ -56.004151296364213, -4.320534194106016 ], [ -56.004342730994409, -4.321403476691552 ], [ -56.004617534143279, -4.322249601170068 ], [ -56.004973060516448, -4.323064418811893 ], [ -56.005405887213804, -4.323840082367727 ], [ -56.005911846654911, -4.324569121645784 ], [ -56.006486066685227, -4.325244515459092 ], [ -56.00712301747793, -4.325859759248442 ], [ -56.007816564780498, -4.326408927730614 ], [ -56.008560028993529, -4.326886731968001 ], [ -56.009346249512731, -4.327288570309348 ], [ -56.010167653713985, -4.327610572711372 ], [ -56.011016329916046, -4.327849638014261 ], [ -56.011884103617064, -4.328003463811146 ], [ -56.012762616268901, -4.328070568624751 ], [ -56.013643405828816, -4.32805030617642 ], [ -56.014517988310715, -4.327942871611536 ], [ -56.01537793954823, -4.327749299619471 ], [ -56.016214976380155, -4.327471454467661 ], [ -56.017021036474098, -4.32711201204543 ], [ -56.017788356017654, -4.326674434090124 ], [ -56.01850954452712, -4.326162934844523 ], [ -56.019177656051752, -4.325582440466402 ], [ -56.019786256086682, -4.324938541581594 ], [ -56.020329483549403, -4.324237439437466 ], [ -56.020802107222565, -4.323485886175776 ], [ -56.021199576119585, -4.322691119800357 ], [ -56.021518063288639, -4.321860794465928 ], [ -56.021754502634046, -4.321002906759846 ], [ -56.021906618401758, -4.320125718686662 ], [ -56.021972947046734, -4.319237678097593 ], [ -56.021952851273312, -4.318347337331142 ], [ -56.021846526115695, -4.317463270848642 ], [ -56.021654997001924, -4.316593992657691 ], [ -56.021380109822438, -4.31574787431897 ], [ -56.021024513100848, -4.314933064326204 ], [ -56.020591632440713, -4.314157409634628 ], [ -56.020085637496237, -4.313428380095491 ], [ -56.019511401786339, -4.312752996521461 ], [ -56.018874455740388, -4.312137763078337 ], [ -56.018180933428496, -4.311588604651573 ], [ -56.017437513489689, -4.31111080979255 ], [ -56.016651354826827, -4.310708979791973 ], [ -56.015830027686924, -4.310386984372608 ], [ -56.014981440789796, -4.310147924425975 ], [ -56.014113765205359, -4.309994102153073 ], [ -56.013235355711188, -4.309926998895888 ], [ -56.012354670385726, -4.309947260873013 ], [ -56.011480189209394, -4.310054692957338 ], [ -56.010620332455446, -4.310248260554851 ], [ -56.009783379654145, -4.310526099566865 ], [ -56.00897738990863, -4.310885534340088 ], [ -56.008210124327846, -4.311323103431104 ], [ -56.007488971321742, -4.311834592937784 ], [ -56.006820875476699, -4.312415077076594 ], [ -56.006212270695016, -4.313058965615242 ], [ -56.005669018241612, -4.313760057703896 ], [ -56.005196350294227, -4.314511601587307 ], [ -56.004798819540866, -4.31530635962194 ], [ -56.004480255310462, -4.316136677973642 ], [ -56.004243726660121, -4.316994560323448 ], [ -56.00409151277583, -4.317871744872616 ], [ -56.004025080973193, -4.318759783905383 ] ] ] } },
{ "type": "Feature", "properties": { "porto": "Cargill Agrícola S.A. (ETC Miritituba/PA)", "classe": "Estação de transbordo", "tipo": "Estação de transbordo de cargas", "estado": null, "cidade": null, "fonte": "OSM (área portuária mapeada)", "osm_id": "way/628304301", "osm_nome": null, "area_km2": 0.20068762018781305 }, "geometry": { "type": "Polygon", "coordinates": [ [ [ -55.9362908, -4.261531800000025 ], [ -55.9353127, -4.260872600000011 ], [ -55.9339066, -4.2601439 ], [ -55.9307844, -4.2664251 ], [ -55.9323094, -4.2674622 ], [ -55.9362908, -4.261531800000025 ] ] ] } },
{ "type": "Feature", "properties": { "porto": "TUP da Salina Guanabara", "classe": "Terminal privado (TUP)", "tipo": "Terminal de uso privado", "estado": null, "cidade": null, "fonte": "envelope estimado (1000 m)", "osm_id": null, "osm_nome": null, "area_km2": 3.1365484905464203 }, "geometry": { "type": "Polygon", "coordinates": [ [ [ -37.186453177660432, -5.011526899695458 ], [ -37.186363424754752, -5.012409708545564 ], [ -37.186360399651043, -5.01329708365398 ], [ -37.186444132998865, -5.014180479114604 ], [ -37.186613819889423, -5.015051387314025 ], [ -37.186867827549982, -5.015901420865653 ], [ -37.187203711014419, -5.016722393387271 ], [ -37.187618236620906, -5.017506398343979 ], [ -37.188107413112277, -5.018245885197152 ], [ -37.188666530041381, -5.018933732125644 ], [ -37.189290203112535, -5.019563314619038 ], [ -37.189972426023481, -5.020128569281537 ], [ -37.190706628308966, -5.020624052232746 ], [ -37.19148573862887, -5.021044991541418 ], [ -37.192302252891004, -5.02138733318811 ], [ -37.193148306551691, -5.021647780112959 ], [ -37.19401575039651, -5.021823823973054 ], [ -37.194896229069997, -5.021913769302758 ], [ -37.195781261595904, -5.021916749844654 ], [ -37.196662323110779, -5.021832736893338 ], [ -37.197530927021333, -5.021662539571963 ], [ -37.198378706792205, -5.021407797038563 ], [ -37.199197496574307, -5.021070962697808 ], [ -37.199979409895036, -5.020655280569457 ], [ -37.20071691565083, -5.020164754042226 ], [ -37.201402910668527, -5.019604107313368 ], [ -37.202030788135417, -5.018978739886008 ], [ -37.202594501238259, -5.01829467456241 ], [ -37.203088621397711, -5.017558499434588 ], [ -37.203508390537593, -5.01677730443087 ], [ -37.203849766885696, -5.01595861302976 ], [ -37.204109463866331, -5.015110309799355 ], [ -37.204284981710771, -5.014240564459863 ], [ -37.204374631483248, -5.013357753201074 ], [ -37.204377551292573, -5.012470378012453 ], [ -37.204293714535567, -5.011586984803128 ], [ -37.204123930094994, -5.010716081099973 ], [ -37.20386983449238, -5.009866054116818 ], [ -37.203533876073394, -5.009045089983529 ], [ -37.203119291380361, -5.008261094912546 ], [ -37.202630073941087, -5.007521619062637 ], [ -37.20207093577632, -5.00683378383208 ], [ -37.201447261997849, -5.006204213281755 ], [ -37.200765058935069, -5.005638970348488 ], [ -37.200030896290521, -5.005143498461895 ], [ -37.199251843880916, -5.004722569128131 ], [ -37.198435403573001, -5.004380235983202 ], [ -37.19758943706843, -5.004119795760268 ], [ -37.196722090232264, -5.003943756544735 ], [ -37.19584171469198, -5.003853813623688 ], [ -37.194956787460463, -5.003850833162002 ], [ -37.194075829354766, -5.003934843862037 ], [ -37.193207322994233, -5.004105036687104 ], [ -37.192359631165417, -5.004359772652014 ], [ -37.19154091633785, -5.004696598604458 ], [ -37.19075906210368, -5.0051122708471 ], [ -37.190021597295789, -5.005602786371067 ], [ -37.189335623513749, -5.006163421401982 ], [ -37.18870774675419, -5.006788776886307 ], [ -37.188144013803182, -5.007472830480673 ], [ -37.187649854002785, -5.008208994543794 ], [ -37.187230026952612, -5.008990179572655 ], [ -37.186888576650269, -5.009808862472011 ], [ -37.186628792513517, -5.010657159000503 ], [ -37.186453177660432, -5.011526899695458 ] ] ] } },
{ "type": "Feature", "properties": { "porto": "ATEM Santarém", "classe": "Terminal privado (TUP)", "tipo": "Terminal de uso privado", "estado": null, "cidade": null, "fonte": "envelope estimado (1000 m)", "osm_id": null, "osm_nome": null, "area_km2": 3.1365484905461565 }, "geometry": { "type": "Polygon", "coordinates": [ [ [ -54.672413797971714, -2.439237714599185 ], [ -54.672425894838121, -2.440137381138729 ], [ -54.672523233625689, -2.441031485177326 ], [ -54.672704878338472, -2.441911415985433 ], [ -54.672969080977325, -2.442768699313512 ], [ -54.673313298322661, -2.443595079004834 ], [ -54.673734216381071, -2.444382596508966 ], [ -54.674227782262115, -2.445123667529158 ], [ -54.674789243179923, -2.44581115506606 ], [ -54.675413192204942, -2.446438438154239 ], [ -54.676093620326213, -2.446999475628538 ], [ -54.676823974322936, -2.447488864307502 ], [ -54.677597219888149, -2.447901891032102 ], [ -54.678405909395899, -2.448234578058875 ], [ -54.6792422536586, -2.448483721370722 ], [ -54.680098196982108, -2.448646921535512 ], [ -54.680965494794187, -2.448722606815672 ], [ -54.681835793096894, -2.448710048306193 ], [ -54.682700708975759, -2.448609366954715 ], [ -54.683551911388115, -2.448421532396944 ], [ -54.684381201450648, -2.448148353617424 ], [ -54.685180591450504, -2.44779246152708 ], [ -54.685942381817341, -2.447357283623883 ], [ -54.686659235313137, -2.446847010981775 ], [ -54.687324247723758, -2.446266557885691 ], [ -54.687931014370456, -2.445621514501096 ], [ -54.688473691799807, -2.444918093034457 ], [ -54.688947054057856, -2.444163067902672 ], [ -54.68934654300628, -2.443363710489013 ], [ -54.68966831219678, -2.442527719112342 ], [ -54.689909263881788, -2.441663144885506 ], [ -54.690067078806599, -2.440778314176482 ], [ -54.690140238497271, -2.439881748419131 ], [ -54.690128039831713, -2.438982082046045 ], [ -54.690030601755581, -2.438087979333519 ], [ -54.689848864080446, -2.437208050960233 ], [ -54.689584578377939, -2.436350771082091 ], [ -54.689240291059733, -2.435524395723242 ], [ -54.688819318808264, -2.434736883267693 ], [ -54.688325716596573, -2.433995817818097 ], [ -54.687764238606697, -2.433308336159709 ], [ -54.687140292424246, -2.432681059032174 ], [ -54.686459886950971, -2.432120027371549 ], [ -54.685729574537291, -2.431630644135741 ], [ -54.684956387892178, -2.431217622274769 ], [ -54.684147772377315, -2.430884939345086 ], [ -54.683311514336765, -2.430635799206413 ], [ -54.682455666151228, -2.4304726011689 ], [ -54.681588468736827, -2.430396916888324 ], [ -54.680718272233278, -2.430409475231397 ], [ -54.679853455642977, -2.430510155256721 ], [ -54.679002346192966, -2.430697987379737 ], [ -54.678173139194094, -2.430971162709286 ], [ -54.677373819167101, -2.431327050467157 ], [ -54.676612082993323, -2.431762223321821 ], [ -54.675895265828181, -2.432272490393317 ], [ -54.675230270489635, -2.432852937610818 ], [ -54.674623501000362, -2.43349797503477 ], [ -54.674080800923015, -2.434201390687819 ], [ -54.673607397081909, -2.434956410376381 ], [ -54.673207849213384, -2.435755762926429 ], [ -54.672886006030012, -2.436591750205976 ], [ -54.672644968122846, -2.437456321259708 ], [ -54.672487058060064, -2.438341149841452 ], [ -54.672413797971714, -2.439237714599185 ] ] ] } },
{ "type": "Feature", "properties": { "porto": "TERMINAL DE USO PRIVADO OCEANEERING", "classe": "Terminal privado (TUP)", "tipo": "Terminal de uso privado", "estado": null, "cidade": null, "fonte": "envelope estimado (1000 m)", "osm_id": null, "osm_nome": null, "area_km2": 3.1365484905458985 }, "geometry": { "type": "Polygon", "coordinates": [ [ [ -43.107501424272165, -22.866747993244438 ], [ -43.107438511939144, -22.867587461819063 ], [ -43.107474461599423, -22.868428035735956 ], [ -43.107608928998197, -22.869261619755743 ], [ -43.107840621036033, -22.870080185811481 ], [ -43.108167308149305, -22.870875850330876 ], [ -43.108585845714522, -22.871640950172161 ], [ -43.109092204273139, -22.872368116442019 ], [ -43.109681508287991, -22.873050345483581 ], [ -43.110348083059954, -22.873681066350425 ], [ -43.111085509354552, -22.874254204115715 ], [ -43.111886685213271, -22.874764238405263 ], [ -43.11274389435463, -22.875206256590612 ], [ -43.113648880506275, -22.875576001127762 ], [ -43.11459292695104, -22.875869910585596 ], [ -43.11556694052021, -22.876085153966738 ], [ -43.11656153922268, -22.876219657990564 ], [ -43.117567142664356, -22.876272127074202 ], [ -43.118574064384234, -22.876242055818857 ], [ -43.119572605215346, -22.876129733880386 ], [ -43.120553146768295, -22.875936243178032 ], [ -43.121506244134537, -22.87566344746709 ], [ -43.122422716913512, -22.875313974377278 ], [ -43.123293737684584, -22.874891190089379 ], [ -43.124110917069402, -22.874399166895714 ], [ -43.124866384563518, -22.873842643956454 ], [ -43.125552864357509, -22.873226981632058 ], [ -43.126163745416378, -22.872558109831381 ], [ -43.126693145142021, -22.871842470874743 ], [ -43.127135966005824, -22.871086957423479 ], [ -43.127487944606827, -22.870298846074054 ], [ -43.127745692684265, -22.869485727257743 ], [ -43.127906729691205, -22.868655432122075 ], [ -43.127969506617994, -22.867815957098319 ], [ -43.127933420838346, -22.866975386882419 ], [ -43.127798821838049, -22.866141816571535 ], [ -43.127567007773912, -22.865323273705766 ], [ -43.127240212898961, -22.864527640966259 ], [ -43.126821585977929, -22.863762580273441 ], [ -43.126315159903221, -22.863035459016288 ], [ -43.125725812806635, -22.862353279121734 ], [ -43.125059221042868, -22.861722609647543 ], [ -43.124321804499424, -22.861149523545627 ], [ -43.123520664760079, -22.860639539204669 ], [ -43.12266351671822, -22.860197567333724 ], [ -43.121758614298251, -22.859827863696886 ], [ -43.120814670999515, -22.859533988153558 ], [ -43.119840776026912, -22.859318770397792 ], [ -43.118846306813957, -22.859184282725412 ], [ -43.117840838778527, -22.85913182009088 ], [ -43.11683405317801, -22.859161887645254 ], [ -43.115835643948422, -22.859274195874836 ], [ -43.114855224421774, -22.859467663387189 ], [ -43.113902234817211, -22.859740427318219 ], [ -43.112985851394058, -22.860089861259581 ], [ -43.112114898139069, -22.8605126005348 ], [ -43.111297761835992, -22.861004574581472 ], [ -43.11054231133366, -22.861561046128031 ], [ -43.109855821788514, -22.862176656789067 ], [ -43.109244904610286, -22.862845478641162 ], [ -43.10871544378513, -22.863561071283396 ], [ -43.10827253918967, -22.864316543834313 ], [ -43.107920457442624, -22.865104621269257 ], [ -43.107662590768612, -22.865917714460217 ], [ -43.107501424272165, -22.866747993244438 ] ] ] } },
{ "type": "Feature", "properties": { "porto": "Porto de Guamaré", "classe": "Terminal privado (TUP)", "tipo": "Terminal de uso privado", "estado": null, "cidade": null, "fonte": "envelope estimado (1000 m)", "osm_id": null, "osm_nome": null, "area_km2": 3.1365484905464203 }, "geometry": { "type": "Polygon", "coordinates": [ [ [ -36.30810670663886, -5.104692726364875 ], [ -36.308011789401924, -5.105574580250837 ], [ -36.308003625256553, -5.106461502438198 ], [ -36.308082294345724, -5.107344951384828 ], [ -36.308247040537275, -5.108216418963671 ], [ -36.308496278648356, -5.1090675124017 ], [ -36.308827609657385, -5.109890035109441 ], [ -36.309237843758751, -5.110676065622159 ], [ -36.309723031040434, -5.111418033892692 ], [ -36.310278499490458, -5.112108794200481 ], [ -36.310898899967583, -5.112741693975049 ], [ -36.311578257704085, -5.113310637870445 ], [ -36.312310029844838, -5.113810146473475 ], [ -36.313087168469018, -5.114235409080133 ], [ -36.313902188486686, -5.114582330031607 ], [ -36.31474723975586, -5.114847568163181 ], [ -36.315614182724126, -5.115028568986705 ], [ -36.316494666864962, -5.115123589295147 ], [ -36.317380211151303, -5.115131713953745 ], [ -36.318262285789508, -5.115052864714293 ], [ -36.319132394424322, -5.114887800969193 ], [ -36.319982156020778, -5.114638112436592 ], [ -36.32080338563258, -5.114306203848313 ], [ -36.321588173276595, -5.113895271787165 ], [ -36.322328960152376, -5.113409273897457 ], [ -36.323018611470879, -5.112852890765203 ], [ -36.32365048518961, -5.112231480835332 ], [ -36.324218495991595, -5.111551028800283 ], [ -36.324717173891351, -5.110818087957516 ], [ -36.325141716903488, -5.110039717090931 ], [ -36.3254880372671, -5.109223412484782 ], [ -36.325752800781586, -5.108377035724602 ], [ -36.325933458876328, -5.107508737980983 ], [ -36.326028273106893, -5.106626881505677 ], [ -36.326036331843738, -5.105739959095643 ], [ -36.325957558994631, -5.104856512301567 ], [ -36.325792714679217, -5.103985049167792 ], [ -36.325543387851155, -5.103133962296548 ], [ -36.325211980941383, -5.102311448024909 ], [ -36.32480168667233, -5.101525427493416 ], [ -36.324316457268232, -5.100783470365684 ], [ -36.323760966359799, -5.100092721934075 ], [ -36.323140563951355, -5.099459834312622 ], [ -36.322461224884826, -5.09889090238029 ], [ -36.321729491297859, -5.098391405090471 ], [ -36.320952409629676, -5.097966152712459 ], [ -36.320137462781453, -5.097619240512023 ], [ -36.319292498083279, -5.097354009317491 ], [ -36.318425651760705, -5.097173013350496 ], [ -36.317545270626226, -5.097077995631414 ], [ -36.316659831748431, -5.097069871195491 ], [ -36.315777860870142, -5.097148718282389 ], [ -36.314907850359212, -5.09731377758244 ], [ -36.31405817747973, -5.097563459548238 ], [ -36.313237023768671, -5.097895359700405 ], [ -36.312452296292349, -5.098306281780328 ], [ -36.31171155153897, -5.098792268527227 ], [ -36.311021922678876, -5.099348639783316 ], [ -36.310390050891478, -5.099970037560071 ], [ -36.309822021419521, -5.100650477632074 ], [ -36.309323304965972, -5.101383407161598 ], [ -36.308898704997823, -5.102161767799501 ], [ -36.30855231146478, -5.10297806365465 ], [ -36.308287461379294, -5.103824433477778 ], [ -36.30810670663886, -5.104692726364875 ] ] ] } },
{ "type": "Feature", "properties": { "porto": "TUP ALISEO", "classe": "Terminal privado (TUP)", "tipo": "Terminal de uso privado", "estado": null, "cidade": null, "fonte": "OSM (área portuária mapeada)", "osm_id": "way/572181715", "osm_nome": "OSX", "area_km2": 0.38826906045827836 }, "geometry": { "type": "Polygon", "coordinates": [ [ [ -41.006936, -21.853785600000027 ], [ -41.0048068, -21.857505800000013 ], [ -41.0123169, -21.8614539 ], [ -41.014443, -21.858108799999954 ], [ -41.0141924, -21.857977699999985 ], [ -41.0139419, -21.857846500000015 ], [ -41.0136913, -21.857715399999986 ], [ -41.0134407, -21.8575842 ], [ -41.01319010000001, -21.8574531 ], [ -41.0129396, -21.857322 ], [ -41.012689, -21.8571908 ], [ -41.0124384, -21.8570597 ], [ -41.0121878, -21.8569285 ], [ -41.0119373, -21.856797400000019 ], [ -41.0116867, -21.8566662 ], [ -41.0114361, -21.8565351 ], [ -41.0072748, -21.854351800000021 ], [ -41.006936, -21.853785600000027 ] ] ] } },
{ "type": "Feature", "properties": { "porto": "TUP Vetorial Logística", "classe": "Terminal privado (TUP)", "tipo": "Terminal de uso privado", "estado": null, "cidade": null, "fonte": "envelope estimado (1000 m)", "osm_id": null, "osm_nome": null, "area_km2": 3.1365484905459238 }, "geometry": { "type": "Polygon", "coordinates": [ [ [ -57.608258979179752, -19.000567235880713 ], [ -57.608291519633568, -19.001411962890788 ], [ -57.608419678329035, -19.00224986360989 ], [ -57.608642222814666, -19.003072868436494 ], [ -57.608957011524133, -19.003873051112123 ], [ -57.609361014336905, -19.004642705065876 ], [ -57.609850341703627, -19.005374417647268 ], [ -57.610420282057746, -19.006061141531912 ], [ -57.611065347154963, -19.006696262611595 ], [ -57.611779324905257, -19.007273663713985 ], [ -57.612555339189406, -19.007787783537911 ], [ -57.613385916084624, -19.008233670235224 ], [ -57.61426305586091, -19.008607029122647 ], [ -57.615178310054397, -19.008904264062934 ], [ -57.616122862873979, -19.009122512116662 ], [ -57.617087616155814, -19.009259671129154 ], [ -57.618063277045238, -19.009314419987412 ], [ -57.619040447559357, -19.009286231350529 ], [ -57.620009715165381, -19.009175376731495 ], [ -57.620961743499429, -19.008982923880609 ], [ -57.621887362349433, -19.008710726496577 ], [ -57.622777656033144, -19.008361406363569 ], [ -57.623624049317336, -19.007938328087974 ], [ -57.624418390048852, -19.007445566677294 ], [ -57.625153027699731, -19.006887868275221 ], [ -57.625820887068777, -19.006270604431482 ], [ -57.62641553642878, -19.005599720347192 ], [ -57.626931249462807, -19.004881677595886 ], [ -57.627363060393222, -19.00412339187227 ], [ -57.627706811773308, -19.003332166369049 ], [ -57.627959194482358, -19.002515621424589 ], [ -57.628117779540773, -19.001681621119236 ], [ -57.628181041440818, -19.000838197528363 ], [ -57.628148372770696, -18.999993473361283 ], [ -57.62802008999379, -18.999155583732374 ], [ -57.62779743032992, -18.99833259781693 ], [ -57.627482539771691, -18.997532441146571 ], [ -57.627078452353601, -18.996762819292975 ], [ -57.626589060876341, -18.996031143673022 ], [ -57.626019079370195, -18.99534446019058 ], [ -57.625373997660922, -18.994709381401325 ], [ -57.624660028476953, -18.994132022852362 ], [ -57.62388404760825, -18.993617944209518 ], [ -57.623053527693529, -18.993172095738437 ], [ -57.622176466273011, -18.992798770653394 ], [ -57.621261308799447, -18.992501563792583 ], [ -57.620316867347, -18.99228333701636 ], [ -57.619352235799759, -18.99214619166171 ], [ -57.618376702334203, -18.992091448316781 ], [ -57.617399660036376, -18.992119634110598 ], [ -57.616430516511812, -18.99223047763947 ], [ -57.615478603355989, -18.992422911579229 ], [ -57.614553086354761, -18.992695082957955 ], [ -57.613662877276361, -18.993044370990784 ], [ -57.612816548102707, -18.993467412305009 ], [ -57.612022248523211, -18.993960133313514 ], [ -57.611287627484387, -18.994517789425114 ], [ -57.610619759549039, -18.995135010715444 ], [ -57.610025076773553, -18.99580585361862 ], [ -57.609509306759051, -18.996523858143672 ], [ -57.609077417472861, -18.997282110064926 ], [ -57.608733569372859, -18.998073307488671 ], [ -57.608481075296673, -18.998889831155637 ], [ -57.608322368503657, -18.999723817803144 ], [ -57.608258979179752, -19.000567235880713 ] ] ] } },
{ "type": "Feature", "properties": { "porto": "ATEM Belém-PA", "classe": "Terminal privado (TUP)", "tipo": "Terminal de uso privado", "estado": null, "cidade": null, "fonte": "envelope estimado (1000 m)", "osm_id": null, "osm_nome": null, "area_km2": 3.1365484905461636 }, "geometry": { "type": "Polygon", "coordinates": [ [ [ -48.477731693547618, -1.33531272513508 ], [ -48.477708348124857, -1.336217914046332 ], [ -48.477769796638384, -1.337121136893237 ], [ -48.477915448736859, -1.338013695139439 ], [ -48.478143903074866, -1.338886992945529 ], [ -48.478452960756307, -1.339732619952122 ], [ -48.478839646463058, -1.340542432277142 ], [ -48.479300237067577, -1.341308630947165 ], [ -48.479830297455358, -1.342023837007154 ], [ -48.480424723213432, -1.342681162585677 ], [ -48.481077789774893, -1.343274277230235 ], [ -48.481783207546592, -1.343797468875398 ], [ -48.482534182489275, -1.344245698854538 ], [ -48.483323481566295, -1.344614650426644 ], [ -48.484143502430079, -1.344900770350784 ], [ -48.484986346674042, -1.345101303107021 ], [ -48.485843895943006, -1.345214317434507 ], [ -48.486707890167516, -1.345238724931731 ], [ -48.487570007166759, -1.345174290538435 ], [ -48.488421942851147, -1.345021634799915 ], [ -48.48925549125029, -1.344782227890345 ], [ -48.490062623593417, -1.344458375453512 ], [ -48.490835565678623, -1.344053196397434 ], [ -48.49156687278407, -1.343570592856304 ], [ -48.492249501398021, -1.343015212609073 ], [ -48.492876877075737, -1.342392404317532 ], [ -48.493442957768686, -1.341708166013559 ], [ -48.493942292015809, -1.340969087333488 ], [ -48.494370071436137, -1.340182286053895 ], [ -48.494722177017628, -1.339355339542144 ], [ -48.494995218757175, -1.338496211780565 ], [ -48.495186568271038, -1.337613176667612 ], [ -48.495294384063129, -1.336714738334523 ], [ -48.495317629209474, -1.335809549245113 ], [ -48.495256081290577, -1.334906326867495 ], [ -48.495110334477857, -1.33401376972001 ], [ -48.494881793756527, -1.333140473599872 ], [ -48.494572661342367, -1.332294848801631 ], [ -48.49418591542544, -1.331485039122492 ], [ -48.493725281447112, -1.330718843434287 ], [ -48.493195196188751, -1.330003640577295 ], [ -48.492600765019056, -1.32934631830006 ], [ -48.491947712712921, -1.328753206928013 ], [ -48.491242328315657, -1.328230018400957 ], [ -48.490491404583963, -1.327781791265742 ], [ -48.489702172586483, -1.32741284215389 ], [ -48.488882232092941, -1.327126724211968 ], [ -48.488039478421364, -1.326926192883707 ], [ -48.487182026446277, -1.326813179374911 ], [ -48.486318132498155, -1.326788772055946 ], [ -48.485456114904295, -1.326853205979887 ], [ -48.48460427393416, -1.327005860619623 ], [ -48.48377081191834, -1.32724526584329 ], [ -48.482963754307931, -1.327569116071756 ], [ -48.482190872432902, -1.327974292481901 ], [ -48.48145960870125, -1.328456893041297 ], [ -48.480777004957886, -1.329012270085531 ], [ -48.480149634691792, -1.329635075075853 ], [ -48.479583539743516, -1.330319310107213 ], [ -48.479084172121951, -1.331058385669144 ], [ -48.478656341490641, -1.331845184104913 ], [ -48.478304168829609, -1.332672128156342 ], [ -48.478031046719813, -1.333531253935703 ], [ -48.477839606633573, -1.334414287620731 ], [ -48.477731693547618, -1.33531272513508 ] ] ] } }
]
}
